ISO-10303-21;
HEADER;
FILE_DESCRIPTION (( 'STEP AP214' ),
    '1' );
FILE_NAME ('B04B-JWPF-SK-R(LF)(SN).STEP',
    '2022-12-14T08:00:34',
    ( '' ),
    ( '' ),
    'SwSTEP 2.0',
    'SolidWorks 2021',
    '' );
FILE_SCHEMA (( 'AUTOMOTIVE_DESIGN' ));
ENDSEC;

DATA;
#1 = FACE_OUTER_BOUND ( 'NONE', #3737, .T. ) ;
#2 = CARTESIAN_POINT ( 'NONE',  ( 2.850000000000000533, 16.60000000000000142, 2.599999999999999201 ) ) ;
#3 = ADVANCED_FACE ( 'NONE', ( #5665 ), #4124, .F. ) ;
#4 = ORIENTED_EDGE ( 'NONE', *, *, #681, .F. ) ;
#5 = VERTEX_POINT ( 'NONE', #1997 ) ;
#6 = DIRECTION ( 'NONE',  ( 1.445602896647341480E-15, 0.000000000000000000, -1.000000000000000000 ) ) ;
#7 = DIRECTION ( 'NONE',  ( -1.445602896647341480E-15, 0.000000000000000000, -1.000000000000000000 ) ) ;
#8 = DIRECTION ( 'NONE',  ( 1.000000000000000000, 0.000000000000000000, 0.000000000000000000 ) ) ;
#9 = CIRCLE ( 'NONE', #925, 2.000000000000000000 ) ;
#10 = ORIENTED_EDGE ( 'NONE', *, *, #4636, .F. ) ;
#11 = DIRECTION ( 'NONE',  ( -0.000000000000000000, -1.000000000000000000, -0.000000000000000000 ) ) ;
#12 = ORIENTED_EDGE ( 'NONE', *, *, #1773, .F. ) ;
#13 = LINE ( 'NONE', #2210, #452 ) ;
#14 = DIRECTION ( 'NONE',  ( 1.000000000000000000, 0.000000000000000000, -5.782411586589354681E-16 ) ) ;
#15 = CARTESIAN_POINT ( 'NONE',  ( 4.899999999999999467, 4.000000000000000000, -2.400000000000002132 ) ) ;
#16 = EDGE_CURVE ( 'NONE', #4425, #4728, #1324, .T. ) ;
#17 = ORIENTED_EDGE ( 'NONE', *, *, #2874, .T. ) ;
#18 = CIRCLE ( 'NONE', #5495, 0.2000000000000000944 ) ;
#19 = ORIENTED_EDGE ( 'NONE', *, *, #3592, .T. ) ;
#20 = LINE ( 'NONE', #2217, #6724 ) ;
#21 = PLANE ( 'NONE',  #31 ) ;
#22 = DIRECTION ( 'NONE',  ( 0.000000000000000000, -0.000000000000000000, 1.000000000000000000 ) ) ;
#23 = EDGE_LOOP ( 'NONE', ( #3225, #5598, #6163, #3649 ) ) ;
#24 = ORIENTED_EDGE ( 'NONE', *, *, #2548, .F. ) ;
#25 = LINE ( 'NONE', #4331, #4674 ) ;
#26 = ORIENTED_EDGE ( 'NONE', *, *, #3592, .F. ) ;
#27 = DIRECTION ( 'NONE',  ( 0.000000000000000000, 0.000000000000000000, 1.000000000000000000 ) ) ;
#28 = ORIENTED_EDGE ( 'NONE', *, *, #2056, .F. ) ;
#29 = DIRECTION ( 'NONE',  ( 7.228014483236698528E-16, 0.000000000000000000, 1.000000000000000000 ) ) ;
#30 = PLANE ( 'NONE',  #1357 ) ;
#31 = AXIS2_PLACEMENT_3D ( 'NONE', #2294, #169, #4472 ) ;
#32 = EDGE_CURVE ( 'NONE', #1232, #1248, #6203, .T. ) ;
#33 = ORIENTED_EDGE ( 'NONE', *, *, #6681, .T. ) ;
#34 = CARTESIAN_POINT ( 'NONE',  ( -1.199999999999999734, 16.60000000000000142, -4.100000000000002309 ) ) ;
#35 = DIRECTION ( 'NONE',  ( 0.9659258262890693114, 0.2588190451025171868, 0.000000000000000000 ) ) ;
#36 = ORIENTED_EDGE ( 'NONE', *, *, #4173, .T. ) ;
#37 = ORIENTED_EDGE ( 'NONE', *, *, #5980, .T. ) ;
#38 = CARTESIAN_POINT ( 'NONE',  ( -2.749999999999999112, 16.60000000000000142, 2.200000000000000178 ) ) ;
#39 = DIRECTION ( 'NONE',  ( -2.891205793294679312E-16, -0.000000000000000000, -1.000000000000000000 ) ) ;
#40 = FACE_OUTER_BOUND ( 'NONE', #6226, .T. ) ;
#41 = EDGE_LOOP ( 'NONE', ( #1658, #3522, #217, #4232 ) ) ;
#42 = EDGE_CURVE ( 'NONE', #67, #6424, #4186, .T. ) ;
#43 = EDGE_LOOP ( 'NONE', ( #5115, #2925, #2748, #4328 ) ) ;
#44 = LINE ( 'NONE', #660, #3408 ) ;
#45 = CARTESIAN_POINT ( 'NONE',  ( 2.680000000000000160, 16.60000000000000142, 0.3200000000000005618 ) ) ;
#46 = ORIENTED_EDGE ( 'NONE', *, *, #5754, .F. ) ;
#47 = VERTEX_POINT ( 'NONE', #342 ) ;
#48 = DIRECTION ( 'NONE',  ( -0.000000000000000000, -1.000000000000000000, -0.000000000000000000 ) ) ;
#49 = LINE ( 'NONE', #3826, #5314 ) ;
#50 = CYLINDRICAL_SURFACE ( 'NONE', #6005, 0.2999999999999999334 ) ;
#51 = VERTEX_POINT ( 'NONE', #5203 ) ;
#52 = CARTESIAN_POINT ( 'NONE',  ( 2.570791076685688292, -1.050370056351370263, -0.3199999999999998956 ) ) ;
#53 = CARTESIAN_POINT ( 'NONE',  ( 3.499999999999997780, 16.60000000000000142, -2.400000000000002132 ) ) ;
#54 = DIRECTION ( 'NONE',  ( 0.000000000000000000, 0.000000000000000000, 1.000000000000000000 ) ) ;
#55 = VERTEX_POINT ( 'NONE', #4642 ) ;
#56 = ORIENTED_EDGE ( 'NONE', *, *, #6831, .F. ) ;
#57 = CARTESIAN_POINT ( 'NONE',  ( 2.400000000000000355, 16.60000000000000142, -5.500000000000001776 ) ) ;
#58 = EDGE_LOOP ( 'NONE', ( #4029, #5961, #2894, #2751 ) ) ;
#59 = CARTESIAN_POINT ( 'NONE',  ( -3.499999999999998224, 0.000000000000000000, 2.600000000000000089 ) ) ;
#60 = ORIENTED_EDGE ( 'NONE', *, *, #6405, .T. ) ;
#61 = LINE ( 'NONE', #6137, #5114 ) ;
#62 = PLANE ( 'NONE',  #3641 ) ;
#63 = ORIENTED_EDGE ( 'NONE', *, *, #4038, .F. ) ;
#64 = EDGE_CURVE ( 'NONE', #4498, #4036, #6275, .T. ) ;
#65 = CARTESIAN_POINT ( 'NONE',  ( -2.679999999999998384, -3.244220324641498898, 0.1926104180068295701 ) ) ;
#66 = LINE ( 'NONE', #3957, #1283 ) ;
#67 = VERTEX_POINT ( 'NONE', #304 ) ;
#68 = VERTEX_POINT ( 'NONE', #3498 ) ;
#69 = CARTESIAN_POINT ( 'NONE',  ( -3.499999999999998668, 4.500000000000000888, -2.400000000000001243 ) ) ;
#70 = VECTOR ( 'NONE', #6440, 999.9999999999998863 ) ;
#71 = EDGE_CURVE ( 'NONE', #5433, #2603, #6925, .T. ) ;
#72 = LINE ( 'NONE', #2841, #4321 ) ;
#73 = DIRECTION ( 'NONE',  ( -0.000000000000000000, 0.000000000000000000, 1.000000000000000000 ) ) ;
#74 = VERTEX_POINT ( 'NONE', #4680 ) ;
#75 = ORIENTED_EDGE ( 'NONE', *, *, #3103, .F. ) ;
#76 = VECTOR ( 'NONE', #4048, 1000.000000000000000 ) ;
#77 = EDGE_CURVE ( 'NONE', #55, #5857, #5565, .T. ) ;
#78 = CARTESIAN_POINT ( 'NONE',  ( -1.850000000000000977, 10.05000000000000071, -5.500000000000001776 ) ) ;
#79 = LINE ( 'NONE', #194, #5250 ) ;
#80 = ORIENTED_EDGE ( 'NONE', *, *, #5362, .T. ) ;
#81 = LINE ( 'NONE', #2810, #4787 ) ;
#82 = ADVANCED_FACE ( 'NONE', ( #5805 ), #4611, .F. ) ;
#83 = CARTESIAN_POINT ( 'NONE',  ( 2.749999999999999556, 4.000000000000000000, 2.499999999999999556 ) ) ;
#84 = STYLED_ITEM ( 'NONE', ( #4384 ), #5982 ) ;
#86 = VECTOR ( 'NONE', #2447, 1000.000000000000000 ) ;
#85 = CARTESIAN_POINT ( 'NONE',  ( 3.190659780604994555, -3.288897266363071559, 0.1926104180068295701 ) ) ;
#87 = VECTOR ( 'NONE', #3374, 1000.000000000000114 ) ;
#88 = VERTEX_POINT ( 'NONE', #4978 ) ;
#89 = AXIS2_PLACEMENT_3D ( 'NONE', #6419, #1000, #4931 ) ;
#90 = FACE_OUTER_BOUND ( 'NONE', #1867, .T. ) ;
#91 = CARTESIAN_POINT ( 'NONE',  ( -3.499999999999998224, 4.500000000000000888, 0.3200000000000009504 ) ) ;
#92 = CIRCLE ( 'NONE', #2400, 0.9399999999999991696 ) ;
#93 = DIRECTION ( 'NONE',  ( -1.000000000000000000, 0.000000000000000000, 0.000000000000000000 ) ) ;
#94 = ORIENTED_EDGE ( 'NONE', *, *, #1631, .F. ) ;
#95 = EDGE_CURVE ( 'NONE', #4688, #4587, #5836, .T. ) ;
#96 = DIRECTION ( 'NONE',  ( 0.000000000000000000, 0.000000000000000000, -1.000000000000000000 ) ) ;
#97 = VERTEX_POINT ( 'NONE', #983 ) ;
#98 = EDGE_CURVE ( 'NONE', #1944, #6295, #1500, .T. ) ;
#99 = VECTOR ( 'NONE', #3078, 1000.000000000000000 ) ;
#100 = VECTOR ( 'NONE', #523, 1000.000000000000000 ) ;
#101 = EDGE_CURVE ( 'NONE', #2774, #1022, #3301, .T. ) ;
#102 = EDGE_LOOP ( 'NONE', ( #6530, #742, #1240, #615 ) ) ;
#103 = PLANE ( 'NONE',  #5578 ) ;
#104 = EDGE_LOOP ( 'NONE', ( #1534, #7066, #2691, #4065 ) ) ;
#105 = CARTESIAN_POINT ( 'NONE',  ( -3.319999999999998952, -0.4500000000000000111, 0.3200000000000005618 ) ) ;
#106 = ORIENTED_EDGE ( 'NONE', *, *, #6280, .F. ) ;
#107 = LINE ( 'NONE', #1686, #3405 ) ;
#108 = CIRCLE ( 'NONE', #2620, 1.400000000000000355 ) ;
#109 = CARTESIAN_POINT ( 'NONE',  ( 2.600000000000000533, 11.00000000000000000, -4.800000000000002487 ) ) ;
#110 = ADVANCED_FACE ( 'NONE', ( #4774 ), #3682, .F. ) ;
#111 = AXIS2_PLACEMENT_3D ( 'NONE', #5988, #4372, #5383 ) ;
#112 = ORIENTED_EDGE ( 'NONE', *, *, #5234, .F. ) ;
#113 = FACE_OUTER_BOUND ( 'NONE', #202, .T. ) ;
#114 = CARTESIAN_POINT ( 'NONE',  ( -3.499999999999998224, 4.500000000000000888, 1.499999999999999556 ) ) ;
#115 = ORIENTED_EDGE ( 'NONE', *, *, #4509, .F. ) ;
#116 = DIRECTION ( 'NONE',  ( -0.000000000000000000, 1.000000000000000000, -0.000000000000000000 ) ) ;
#117 = LINE ( 'NONE', #3961, #5213 ) ;
#118 = AXIS2_PLACEMENT_3D ( 'NONE', #6399, #3594, #2063 ) ;
#119 = EDGE_LOOP ( 'NONE', ( #6972, #3933, #3263, #1680, #790, #2226, #4922, #5390, #3383, #3577, #4158, #1494, #6657, #4403, #2813, #2704 ) ) ;
#120 = EDGE_LOOP ( 'NONE', ( #4573, #7044, #5317, #5292, #6786, #5864, #2856, #4534, #6975, #2015, #7041, #1830 ) ) ;
#121 = LINE ( 'NONE', #2316, #2273 ) ;
#122 = VECTOR ( 'NONE', #5513, 1000.000000000000000 ) ;
#123 = CARTESIAN_POINT ( 'NONE',  ( 3.499999999999998668, 16.60000000000000142, -2.400000000000001243 ) ) ;
#124 = ORIENTED_EDGE ( 'NONE', *, *, #2640, .T. ) ;
#125 = ORIENTED_EDGE ( 'NONE', *, *, #2184, .T. ) ;
#126 = DIRECTION ( 'NONE',  ( -0.000000000000000000, -1.000000000000000000, -0.000000000000000000 ) ) ;
#127 = DIRECTION ( 'NONE',  ( 1.239088197126291310E-16, -0.000000000000000000, 1.000000000000000000 ) ) ;
#128 = VECTOR ( 'NONE', #1190, 1000.000000000000000 ) ;
#129 = CARTESIAN_POINT ( 'NONE',  ( -1.192610418006827322, -3.299999999999999822, -0.1926104180068267668 ) ) ;
#130 = ORIENTED_EDGE ( 'NONE', *, *, #4627, .T. ) ;
#131 = ORIENTED_EDGE ( 'NONE', *, *, #1410, .T. ) ;
#132 = ADVANCED_FACE ( 'NONE', ( #5298 ), #3853, .T. ) ;
#133 = CYLINDRICAL_SURFACE ( 'NONE', #2986, 1.400000000000001021 ) ;
#134 = DIRECTION ( 'NONE',  ( -0.000000000000000000, 0.000000000000000000, 1.000000000000000000 ) ) ;
#135 = CARTESIAN_POINT ( 'NONE',  ( 1.320000000000000062, 15.80509667991878153, -0.3199999999999995071 ) ) ;
#136 = DIRECTION ( 'NONE',  ( 1.239088197126291310E-16, -0.000000000000000000, 1.000000000000000000 ) ) ;
#137 = VECTOR ( 'NONE', #3114, 1000.000000000000000 ) ;
#138 = EDGE_CURVE ( 'NONE', #1865, #5482, #2596, .T. ) ;
#139 = VERTEX_POINT ( 'NONE', #1666 ) ;
#140 = LINE ( 'NONE', #6205, #2403 ) ;
#141 = ORIENTED_EDGE ( 'NONE', *, *, #7012, .F. ) ;
#142 = CARTESIAN_POINT ( 'NONE',  ( 2.949999999999999289, 16.60000000000000142, 2.200000000000000178 ) ) ;
#143 = ORIENTED_EDGE ( 'NONE', *, *, #4301, .T. ) ;
#144 = CARTESIAN_POINT ( 'NONE',  ( -3.507214092891928647, -1.132296454534169161, -0.3199999999999998956 ) ) ;
#145 = DIRECTION ( 'NONE',  ( 0.000000000000000000, 0.000000000000000000, -1.000000000000000000 ) ) ;
#146 = VERTEX_POINT ( 'NONE', #2071 ) ;
#147 = FACE_OUTER_BOUND ( 'NONE', #6821, .T. ) ;
#148 = DIRECTION ( 'NONE',  ( 0.000000000000000000, 0.000000000000000000, -1.000000000000000000 ) ) ;
#149 = ORIENTED_EDGE ( 'NONE', *, *, #32, .T. ) ;
#150 = EDGE_CURVE ( 'NONE', #3471, #2325, #5867, .T. ) ;
#151 = DIRECTION ( 'NONE',  ( -1.275531967630005245E-16, -1.000000000000000000, 0.000000000000000000 ) ) ;
#152 = ORIENTED_EDGE ( 'NONE', *, *, #2439, .T. ) ;
#153 = ORIENTED_EDGE ( 'NONE', *, *, #2010, .F. ) ;
#154 = LINE ( 'NONE', #3483, #2839 ) ;
#155 = ORIENTED_EDGE ( 'NONE', *, *, #1875, .T. ) ;
#156 = AXIS2_PLACEMENT_3D ( 'NONE', #5143, #250, #2441 ) ;
#157 = DIRECTION ( 'NONE',  ( -1.000000000000000000, 0.000000000000000000, 0.000000000000000000 ) ) ;
#158 = ORIENTED_EDGE ( 'NONE', *, *, #1206, .T. ) ;
#159 = ORIENTED_EDGE ( 'NONE', *, *, #3181, .T. ) ;
#160 = LINE ( 'NONE', #197, #1721 ) ;
#161 = CARTESIAN_POINT ( 'NONE',  ( 3.499999999999998224, 16.60000000000000142, 2.000000000000000000 ) ) ;
#162 = DIRECTION ( 'NONE',  ( 1.000000000000000000, 0.000000000000000000, -0.000000000000000000 ) ) ;
#163 = VERTEX_POINT ( 'NONE', #6406 ) ;
#164 = ORIENTED_EDGE ( 'NONE', *, *, #1621, .T. ) ;
#165 = EDGE_CURVE ( 'NONE', #2633, #4407, #2280, .T. ) ;
#166 = DIRECTION ( 'NONE',  ( 0.000000000000000000, 0.000000000000000000, -1.000000000000000000 ) ) ;
#167 = ADVANCED_FACE ( 'NONE', ( #3929 ), #6576, .F. ) ;
#168 = CARTESIAN_POINT ( 'NONE',  ( 3.150000000000000355, 16.60000000000000142, 2.599999999999999201 ) ) ;
#169 = DIRECTION ( 'NONE',  ( 1.000000000000000000, 0.000000000000000000, 0.000000000000000000 ) ) ;
#170 = DIRECTION ( 'NONE',  ( 1.000000000000000000, -0.000000000000000000, -0.000000000000000000 ) ) ;
#171 = EDGE_CURVE ( 'NONE', #6647, #1963, #3893, .T. ) ;
#172 = ORIENTED_EDGE ( 'NONE', *, *, #5272, .T. ) ;
#173 = AXIS2_PLACEMENT_3D ( 'NONE', #185, #617, #6145 ) ;
#174 = VERTEX_POINT ( 'NONE', #5543 ) ;
#175 = LINE ( 'NONE', #1428, #6366 ) ;
#176 = EDGE_CURVE ( 'NONE', #2331, #1015, #447, .T. ) ;
#177 = ORIENTED_EDGE ( 'NONE', *, *, #2456, .T. ) ;
#178 = ORIENTED_EDGE ( 'NONE', *, *, #3549, .T. ) ;
#179 = DIRECTION ( 'NONE',  ( -1.000000000000000000, 0.000000000000000000, 0.000000000000000000 ) ) ;
#180 = EDGE_CURVE ( 'NONE', #3539, #3162, #4457, .T. ) ;
#181 = VERTEX_POINT ( 'NONE', #5020 ) ;
#182 = CARTESIAN_POINT ( 'NONE',  ( 2.749999999999999112, 16.60000000000000142, 2.200000000000000178 ) ) ;
#183 = CARTESIAN_POINT ( 'NONE',  ( 4.899999999999997691, 16.60000000000000142, 0.6000000000000045297 ) ) ;
#184 = EDGE_LOOP ( 'NONE', ( #5095, #1907, #508, #5648 ) ) ;
#185 = CARTESIAN_POINT ( 'NONE',  ( 3.199999999999999734, 16.60000000000000142, -5.500000000000001776 ) ) ;
#187 = EDGE_CURVE ( 'NONE', #5707, #1441, #4809, .T. ) ;
#186 = VECTOR ( 'NONE', #4750, 1000.000000000000000 ) ;
#188 = CARTESIAN_POINT ( 'NONE',  ( 1.250000000000000222, 16.60000000000000142, 2.200000000000000178 ) ) ;
#189 = ADVANCED_FACE ( 'NONE', ( #6616 ), #622, .F. ) ;
#190 = VERTEX_POINT ( 'NONE', #4943 ) ;
#191 = DIRECTION ( 'NONE',  ( 0.000000000000000000, 0.000000000000000000, -1.000000000000000000 ) ) ;
#192 = VERTEX_POINT ( 'NONE', #2029 ) ;
#193 = VECTOR ( 'NONE', #2067, 1000.000000000000000 ) ;
#194 = CARTESIAN_POINT ( 'NONE',  ( 2.680000000000001048, 9.349999999999997868, 0.3200000000000005618 ) ) ;
#195 = ORIENTED_EDGE ( 'NONE', *, *, #5866, .T. ) ;
#196 = EDGE_LOOP ( 'NONE', ( #5796, #4865, #6073, #4647 ) ) ;
#197 = CARTESIAN_POINT ( 'NONE',  ( 3.499999999999999112, 16.60000000000000142, 2.599999999999999201 ) ) ;
#198 = FACE_OUTER_BOUND ( 'NONE', #2373, .T. ) ;
#199 = DIRECTION ( 'NONE',  ( 0.000000000000000000, 0.000000000000000000, -1.000000000000000000 ) ) ;
#200 = AXIS2_PLACEMENT_3D ( 'NONE', #3458, #3524, #2959 ) ;
#201 = CIRCLE ( 'NONE', #659, 0.9000000000000002442 ) ;
#202 = EDGE_LOOP ( 'NONE', ( #1009, #4169, #3492, #6248 ) ) ;
#203 = LINE ( 'NONE', #4499, #3553 ) ;
#204 = LINE ( 'NONE', #168, #5803 ) ;
#206 = CARTESIAN_POINT ( 'NONE',  ( -2.680000000000001048, 9.349999999999997868, -0.3199999999999998956 ) ) ;
#205 = CIRCLE ( 'NONE', #885, 0.2000000000000000944 ) ;
#207 = CIRCLE ( 'NONE', #6465, 1.400000000000000799 ) ;
#208 = LINE ( 'NONE', #6744, #6231 ) ;
#209 = AXIS2_PLACEMENT_3D ( 'NONE', #1652, #2649, #2192 ) ;
#210 = AXIS2_PLACEMENT_3D ( 'NONE', #4539, #1716, #2219 ) ;
#211 = VECTOR ( 'NONE', #1811, 1000.000000000000000 ) ;
#212 = EDGE_LOOP ( 'NONE', ( #1303, #2717, #5996, #5560 ) ) ;
#213 = EDGE_CURVE ( 'NONE', #6790, #3257, #44, .T. ) ;
#214 = DIRECTION ( 'NONE',  ( -1.000000000000000000, 0.000000000000000000, 7.228014483236698528E-16 ) ) ;
#215 = ORIENTED_EDGE ( 'NONE', *, *, #5437, .T. ) ;
#216 = CARTESIAN_POINT ( 'NONE',  ( -0.000000000000000000, -3.299999999999999822, -0.1926104180068267668 ) ) ;
#217 = ORIENTED_EDGE ( 'NONE', *, *, #3130, .T. ) ;
#218 = LINE ( 'NONE', #5113, #3989 ) ;
#219 = VECTOR ( 'NONE', #967, 1000.000000000000000 ) ;
#220 = VERTEX_POINT ( 'NONE', #4565 ) ;
#221 = EDGE_CURVE ( 'NONE', #1266, #4892, #854, .T. ) ;
#222 = DIRECTION ( 'NONE',  ( 2.891205793294678326E-16, 0.000000000000000000, 1.000000000000000000 ) ) ;
#223 = AXIS2_PLACEMENT_3D ( 'NONE', #3067, #3572, #5236 ) ;
#224 = PLANE ( 'NONE',  #4476 ) ;
#225 = ORIENTED_EDGE ( 'NONE', *, *, #3668, .F. ) ;
#226 = DIRECTION ( 'NONE',  ( 8.545435842250282219E-17, 1.000000000000000000, 0.000000000000000000 ) ) ;
#227 = CARTESIAN_POINT ( 'NONE',  ( 3.499999999999998224, 4.000000000000000000, -3.800000000000001599 ) ) ;
#228 = VECTOR ( 'NONE', #5035, 1000.000000000000000 ) ;
#229 = EDGE_LOOP ( 'NONE', ( #5927, #587, #401, #6928 ) ) ;
#230 = EDGE_CURVE ( 'NONE', #1235, #1948, #4105, .T. ) ;
#231 = DIRECTION ( 'NONE',  ( 7.228014483236698528E-16, -0.000000000000000000, -1.000000000000000000 ) ) ;
#232 = LINE ( 'NONE', #4566, #1630 ) ;
#233 = ORIENTED_EDGE ( 'NONE', *, *, #292, .T. ) ;
#234 = DIRECTION ( 'NONE',  ( -0.000000000000000000, -1.000000000000000000, -0.000000000000000000 ) ) ;
#235 = VECTOR ( 'NONE', #5817, 1000.000000000000000 ) ;
#236 = CARTESIAN_POINT ( 'NONE',  ( -2.680000000000000160, 0.000000000000000000, 0.3200000000000004508 ) ) ;
#237 = CARTESIAN_POINT ( 'NONE',  ( 1.199999999999999734, 11.00000000000000000, -4.100000000000002309 ) ) ;
#238 = VECTOR ( 'NONE', #946, 1000.000000000000000 ) ;
#239 = ORIENTED_EDGE ( 'NONE', *, *, #4219, .F. ) ;
#240 = DIRECTION ( 'NONE',  ( 1.000000000000000000, -0.000000000000000000, 7.885106708985496922E-16 ) ) ;
#241 = DIRECTION ( 'NONE',  ( -0.000000000000000000, -0.000000000000000000, -1.000000000000000000 ) ) ;
#242 = CYLINDRICAL_SURFACE ( 'NONE', #4614, 2.000000000000000000 ) ;
#243 = VECTOR ( 'NONE', #4134, 1000.000000000000000 ) ;
#244 = EDGE_CURVE ( 'NONE', #5613, #2381, #3451, .T. ) ;
#245 = PLANE ( 'NONE',  #5998 ) ;
#246 = VERTEX_POINT ( 'NONE', #3414 ) ;
#247 = ORIENTED_EDGE ( 'NONE', *, *, #257, .T. ) ;
#248 = DIRECTION ( 'NONE',  ( 1.000000000000000000, -0.000000000000000000, 0.000000000000000000 ) ) ;
#249 = VERTEX_POINT ( 'NONE', #5159 ) ;
#250 = DIRECTION ( 'NONE',  ( 1.694065894508601171E-16, -0.000000000000000000, 1.000000000000000000 ) ) ;
#251 = VERTEX_POINT ( 'NONE', #5057 ) ;
#252 = CARTESIAN_POINT ( 'NONE',  ( -3.499999999999998224, 4.500000000000000888, -3.300000000000001155 ) ) ;
#253 = VECTOR ( 'NONE', #499, 1000.000000000000000 ) ;
#254 = ORIENTED_EDGE ( 'NONE', *, *, #6195, .F. ) ;
#255 = CARTESIAN_POINT ( 'NONE',  ( -2.599999999999999645, 16.60000000000000142, -3.800000000000001599 ) ) ;
#256 = CARTESIAN_POINT ( 'NONE',  ( 3.348069116740395756, -2.951331855667884252, -0.3199999999999998956 ) ) ;
#257 = EDGE_CURVE ( 'NONE', #1757, #2381, #4003, .T. ) ;
#258 = ORIENTED_EDGE ( 'NONE', *, *, #4888, .T. ) ;
#259 = CARTESIAN_POINT ( 'NONE',  ( -3.499999999999998224, 4.500000000000000888, 0.3200000000000016165 ) ) ;
#260 = CARTESIAN_POINT ( 'NONE',  ( 2.680000000000000160, 4.000000000000003553, 0.3200000000000005618 ) ) ;
#261 = EDGE_CURVE ( 'NONE', #2306, #3072, #1118, .T. ) ;
#262 = ORIENTED_EDGE ( 'NONE', *, *, #6078, .F. ) ;
#263 = DIRECTION ( 'NONE',  ( 0.000000000000000000, 0.000000000000000000, -1.000000000000000000 ) ) ;
#264 = LINE ( 'NONE', #2520, #1294 ) ;
#265 = ORIENTED_EDGE ( 'NONE', *, *, #830, .F. ) ;
#266 = VERTEX_POINT ( 'NONE', #3556 ) ;
#267 = CYLINDRICAL_SURFACE ( 'NONE', #1455, 0.4249999999999998224 ) ;
#268 = CARTESIAN_POINT ( 'NONE',  ( -3.319999999999999396, 9.700000000000001066, 0.3200000000000005618 ) ) ;
#269 = EDGE_CURVE ( 'NONE', #5544, #2888, #5691, .T. ) ;
#270 = VECTOR ( 'NONE', #3540, 1000.000000000000000 ) ;
#271 = ORIENTED_EDGE ( 'NONE', *, *, #3070, .T. ) ;
#272 = CARTESIAN_POINT ( 'NONE',  ( -2.599999999999999645, 11.00000000000000000, -4.800000000000002487 ) ) ;
#273 = CARTESIAN_POINT ( 'NONE',  ( -1.249999999999999556, 16.60000000000000142, 2.499999999999999556 ) ) ;
#274 = CARTESIAN_POINT ( 'NONE',  ( 1.049999999999999822, 16.60000000000000142, 2.200000000000000178 ) ) ;
#275 = CARTESIAN_POINT ( 'NONE',  ( -1.320000000000000062, 9.349999999999997868, 0.3200000000000005618 ) ) ;
#276 = DIRECTION ( 'NONE',  ( 1.445602896647341480E-15, -0.000000000000000000, 1.000000000000000000 ) ) ;
#277 = CARTESIAN_POINT ( 'NONE',  ( -0.7058136870931380757, 11.00000000000000000, -0.3596300361754456443 ) ) ;
#278 = CARTESIAN_POINT ( 'NONE',  ( 4.399999999999998579, 16.60000000000000142, -2.400000000000003020 ) ) ;
#279 = VERTEX_POINT ( 'NONE', #5588 ) ;
#280 = CARTESIAN_POINT ( 'NONE',  ( -5.049999999999999822, -1.199999999999999956, -1.175000000000001155 ) ) ;
#281 = ORIENTED_EDGE ( 'NONE', *, *, #1375, .T. ) ;
#282 = CARTESIAN_POINT ( 'NONE',  ( -0.6800000000000000488, 9.349999999999997868, -0.3199999999999995071 ) ) ;
#283 = ORIENTED_EDGE ( 'NONE', *, *, #6621, .F. ) ;
#284 = DIRECTION ( 'NONE',  ( -1.000000000000000000, 0.000000000000000000, 6.195440985631441512E-16 ) ) ;
#285 = DIRECTION ( 'NONE',  ( -1.000000000000000000, 0.000000000000000000, 0.000000000000000000 ) ) ;
#286 = ORIENTED_EDGE ( 'NONE', *, *, #95, .F. ) ;
#287 = LINE ( 'NONE', #2984, #6349 ) ;
#288 = DIRECTION ( 'NONE',  ( -0.4539904997395411979, 0.000000000000000000, -0.8910065241883707854 ) ) ;
#289 = ORIENTED_EDGE ( 'NONE', *, *, #1281, .T. ) ;
#290 = DIRECTION ( 'NONE',  ( -0.000000000000000000, -1.000000000000000000, -0.000000000000000000 ) ) ;
#291 = DIRECTION ( 'NONE',  ( 0.000000000000000000, 1.000000000000000000, 0.000000000000000000 ) ) ;
#292 = EDGE_CURVE ( 'NONE', #47, #3264, #154, .T. ) ;
#293 = VERTEX_POINT ( 'NONE', #4069 ) ;
#294 = FILL_AREA_STYLE ('',( #2524 ) ) ;
#295 = CARTESIAN_POINT ( 'NONE',  ( -3.499999999999998224, 4.500000000000000888, -0.3199999999999993405 ) ) ;
#296 = EDGE_LOOP ( 'NONE', ( #195, #2005, #6619, #56 ) ) ;
#297 = CARTESIAN_POINT ( 'NONE',  ( 2.680000000000000160, 16.60000000000000142, -0.3199999999999993960 ) ) ;
#298 = EDGE_CURVE ( 'NONE', #2215, #4915, #5725, .T. ) ;
#299 = FACE_OUTER_BOUND ( 'NONE', #6214, .T. ) ;
#300 = DIRECTION ( 'NONE',  ( 5.782411586589354681E-16, 0.000000000000000000, -1.000000000000000000 ) ) ;
#301 = CARTESIAN_POINT ( 'NONE',  ( -1.320000000000000062, 16.60000000000000142, -0.3199999999999993960 ) ) ;
#302 = AXIS2_PLACEMENT_3D ( 'NONE', #4279, #6361, #1523 ) ;
#303 = DIRECTION ( 'NONE',  ( 0.000000000000000000, 0.000000000000000000, 1.000000000000000000 ) ) ;
#304 = CARTESIAN_POINT ( 'NONE',  ( 0.6799999999999996048, 0.000000000000000000, -0.3199999999999992850 ) ) ;
#305 = VECTOR ( 'NONE', #583, 1000.000000000000000 ) ;
#306 = VECTOR ( 'NONE', #6403, 1000.000000000000000 ) ;
#307 = EDGE_CURVE ( 'NONE', #966, #6217, #6151, .T. ) ;
#308 = DIRECTION ( 'NONE',  ( -1.000000000000000000, 0.000000000000000000, 1.694065894508601171E-16 ) ) ;
#309 = CARTESIAN_POINT ( 'NONE',  ( -3.499999999999998224, 16.60000000000000142, 0.5999999999999996447 ) ) ;
#310 = CARTESIAN_POINT ( 'NONE',  ( 3.338345295835161597, -0.5077278900337856005, -0.3199999999999998956 ) ) ;
#311 = EDGE_CURVE ( 'NONE', #1330, #6284, #121, .T. ) ;
#312 = VECTOR ( 'NONE', #5539, 1000.000000000000000 ) ;
#313 = AXIS2_PLACEMENT_3D ( 'NONE', #3695, #416, #3178 ) ;
#314 = VECTOR ( 'NONE', #2917, 999.9999999999998863 ) ;
#315 = VERTEX_POINT ( 'NONE', #2452 ) ;
#316 = FACE_OUTER_BOUND ( 'NONE', #3303, .T. ) ;
#317 = CIRCLE ( 'NONE', #4326, 0.9000000000000005773 ) ;
#318 = LINE ( 'NONE', #2513, #1619 ) ;
#319 = LINE ( 'NONE', #6885, #4503 ) ;
#320 = CARTESIAN_POINT ( 'NONE',  ( -2.680000000000000160, 16.60000000000000142, -0.3199999999999995071 ) ) ;
#321 = ADVANCED_FACE ( 'NONE', ( #4492 ), #1846, .F. ) ;
#322 = VECTOR ( 'NONE', #5608, 1000.000000000000000 ) ;
#323 = ORIENTED_EDGE ( 'NONE', *, *, #2630, .T. ) ;
#324 = CARTESIAN_POINT ( 'NONE',  ( -1.049999999999999822, 16.60000000000000142, 2.200000000000000178 ) ) ;
#325 = DIRECTION ( 'NONE',  ( 0.000000000000000000, 0.000000000000000000, 1.000000000000000000 ) ) ;
#326 = VERTEX_POINT ( 'NONE', #5649 ) ;
#327 = ORIENTED_EDGE ( 'NONE', *, *, #1355, .T. ) ;
#328 = PRESENTATION_STYLE_ASSIGNMENT (( #6865 ) ) ;
#329 = CARTESIAN_POINT ( 'NONE',  ( -4.899999999999997691, 4.000000000000000000, 0.5999999999999994227 ) ) ;
#330 = VECTOR ( 'NONE', #1750, 1000.000000000000000 ) ;
#331 = VECTOR ( 'NONE', #696, 1000.000000000000000 ) ;
#332 = VERTEX_POINT ( 'NONE', #1275 ) ;
#333 = AXIS2_PLACEMENT_3D ( 'NONE', #5436, #2743, #5293 ) ;
#334 = PLANE ( 'NONE',  #4353 ) ;
#335 = DIRECTION ( 'NONE',  ( -0.000000000000000000, -0.000000000000000000, -1.000000000000000000 ) ) ;
#336 = CARTESIAN_POINT ( 'NONE',  ( 3.192610418006828432, 9.700000000000001066, -0.1926104180068289318 ) ) ;
#337 = DIRECTION ( 'NONE',  ( 1.000000000000000000, 0.000000000000000000, 0.000000000000000000 ) ) ;
#338 = VECTOR ( 'NONE', #914, 1000.000000000000000 ) ;
#339 = ADVANCED_FACE ( 'NONE', ( #1238 ), #2385, .F. ) ;
#340 = EDGE_CURVE ( 'NONE', #5897, #5423, #5091, .T. ) ;
#341 = ORIENTED_EDGE ( 'NONE', *, *, #3399, .T. ) ;
#342 = CARTESIAN_POINT ( 'NONE',  ( 4.899999999999997691, 16.60000000000000142, 0.5999999999999995337 ) ) ;
#343 = DIRECTION ( 'NONE',  ( 0.000000000000000000, 0.000000000000000000, -1.000000000000000000 ) ) ;
#344 = CIRCLE ( 'NONE', #4360, 1.400000000000000799 ) ;
#345 = DIRECTION ( 'NONE',  ( -0.9961946980917455452, -0.08715574274765794383, 0.000000000000000000 ) ) ;
#346 = DIRECTION ( 'NONE',  ( -1.000000000000000000, 0.000000000000000000, 0.000000000000000000 ) ) ;
#347 = ORIENTED_EDGE ( 'NONE', *, *, #2901, .F. ) ;
#348 = VECTOR ( 'NONE', #6989, 1000.000000000000000 ) ;
#349 = EDGE_CURVE ( 'NONE', #4294, #1379, #2954, .T. ) ;
#350 = EDGE_LOOP ( 'NONE', ( #4854, #4792, #1663, #1150 ) ) ;
#351 = FACE_OUTER_BOUND ( 'NONE', #6653, .T. ) ;
#352 = LINE ( 'NONE', #1475, #3555 ) ;
#353 = DIRECTION ( 'NONE',  ( 1.000000000000000000, 0.000000000000000000, -1.694065894508601171E-16 ) ) ;
#354 = CARTESIAN_POINT ( 'NONE',  ( 2.680000000000000160, 4.500000000000003553, -0.3199999999999993960 ) ) ;
#355 = CARTESIAN_POINT ( 'NONE',  ( 2.749999999999998668, 16.60000000000000142, 2.499999999999999556 ) ) ;
#356 = AXIS2_PLACEMENT_3D ( 'NONE', #2, #5887, #2123 ) ;
#357 = ORIENTED_EDGE ( 'NONE', *, *, #6195, .T. ) ;
#358 = CARTESIAN_POINT ( 'NONE',  ( 2.749999999999999556, 16.60000000000000142, 2.200000000000000178 ) ) ;
#359 = EDGE_CURVE ( 'NONE', #3184, #538, #4596, .T. ) ;
#360 = PLANE ( 'NONE',  #6395 ) ;
#361 = ORIENTED_EDGE ( 'NONE', *, *, #3820, .T. ) ;
#362 = PLANE ( 'NONE',  #407 ) ;
#363 = ORIENTED_EDGE ( 'NONE', *, *, #4934, .T. ) ;
#364 = CARTESIAN_POINT ( 'NONE',  ( -1.047142365151673360, 4.000000000000000000, -3.800000000000001599 ) ) ;
#365 = CARTESIAN_POINT ( 'NONE',  ( -3.499999999999998224, 4.500000000000000888, -0.3199999999999985634 ) ) ;
#366 = CARTESIAN_POINT ( 'NONE',  ( -0.6800000000000000488, 16.60000000000000142, 0.3200000000000004508 ) ) ;
#367 = LINE ( 'NONE', #6302, #2490 ) ;
#368 = ORIENTED_EDGE ( 'NONE', *, *, #5345, .T. ) ;
#369 = ORIENTED_EDGE ( 'NONE', *, *, #6336, .F. ) ;
#370 = CARTESIAN_POINT ( 'NONE',  ( -1.320000000000000062, 9.349999999999997868, -0.3199999999999995071 ) ) ;
#371 = CARTESIAN_POINT ( 'NONE',  ( -3.419999999999998597, -0.4500000000000000111, -0.3199999999999998956 ) ) ;
#372 = EDGE_CURVE ( 'NONE', #1175, #2205, #2157, .T. ) ;
#373 = DIRECTION ( 'NONE',  ( -1.000000000000000000, -0.000000000000000000, 1.239088197126291310E-16 ) ) ;
#374 = EDGE_CURVE ( 'NONE', #3471, #5413, #4625, .T. ) ;
#375 = ORIENTED_EDGE ( 'NONE', *, *, #1234, .F. ) ;
#376 = DIRECTION ( 'NONE',  ( -1.000000000000000000, 0.000000000000000000, -5.782411586589354681E-16 ) ) ;
#377 = DIRECTION ( 'NONE',  ( -1.694065894508601171E-16, 0.000000000000000000, -1.000000000000000000 ) ) ;
#378 = CARTESIAN_POINT ( 'NONE',  ( -3.348069116740395756, -2.951331855667884252, -0.3199999999999998956 ) ) ;
#379 = DIRECTION ( 'NONE',  ( 0.000000000000000000, 0.000000000000000000, -1.000000000000000000 ) ) ;
#380 = EDGE_CURVE ( 'NONE', #3701, #5627, #5786, .T. ) ;
#381 = CARTESIAN_POINT ( 'NONE',  ( 1.199999999999999734, 11.00000000000000000, -4.100000000000002309 ) ) ;
#382 = LINE ( 'NONE', #1376, #2036 ) ;
#383 = EDGE_LOOP ( 'NONE', ( #3919, #2613, #1936, #3455 ) ) ;
#384 = ORIENTED_EDGE ( 'NONE', *, *, #7054, .F. ) ;
#385 = CARTESIAN_POINT ( 'NONE',  ( 1.650000000000000355, 7.900000000000000355, 2.099999999999998757 ) ) ;
#386 = VECTOR ( 'NONE', #4451, 1000.000000000000000 ) ;
#387 = DIRECTION ( 'NONE',  ( -1.239088197126291310E-16, 0.000000000000000000, -1.000000000000000000 ) ) ;
#388 = EDGE_CURVE ( 'NONE', #570, #5509, #3142, .T. ) ;
#389 = ORIENTED_EDGE ( 'NONE', *, *, #6199, .F. ) ;
#390 = VERTEX_POINT ( 'NONE', #2012 ) ;
#391 = DIRECTION ( 'NONE',  ( 1.000000000000000000, 0.000000000000000000, -0.000000000000000000 ) ) ;
#392 = EDGE_CURVE ( 'NONE', #174, #5534, #5283, .T. ) ;
#393 = B_SPLINE_CURVE_WITH_KNOTS ( 'NONE', 3,
 ( #576, #6994, #3254, #3882, #5424, #2121 ),
 .UNSPECIFIED., .F., .F.,
 ( 4, 2, 4 ),
 ( 0.000000000000000000, 0.0003514033037561624449, 0.0007028066075123248898 ),
 .UNSPECIFIED. ) ;
#394 = ORIENTED_EDGE ( 'NONE', *, *, #6287, .T. ) ;
#395 = LINE ( 'NONE', #976, #2754 ) ;
#396 = ORIENTED_EDGE ( 'NONE', *, *, #3182, .T. ) ;
#397 = CARTESIAN_POINT ( 'NONE',  ( 5.500000000000001776, 15.59999999999999964, -0.1500000000000074885 ) ) ;
#398 = DIRECTION ( 'NONE',  ( 0.000000000000000000, 1.000000000000000000, 0.000000000000000000 ) ) ;
#399 = FACE_OUTER_BOUND ( 'NONE', #4924, .T. ) ;
#400 = EDGE_CURVE ( 'NONE', #4613, #4255, #903, .T. ) ;
#401 = ORIENTED_EDGE ( 'NONE', *, *, #1346, .T. ) ;
#402 = DIRECTION ( 'NONE',  ( -0.000000000000000000, 1.000000000000000000, -0.000000000000000000 ) ) ;
#403 = DIRECTION ( 'NONE',  ( -0.000000000000000000, 1.000000000000000000, 0.000000000000000000 ) ) ;
#405 = LINE ( 'NONE', #4290, #2668 ) ;
#404 = AXIS2_PLACEMENT_3D ( 'NONE', #5487, #136, #4504 ) ;
#406 = CARTESIAN_POINT ( 'NONE',  ( 5.499999999999998224, 16.60000000000000142, 0.5999999999999985345 ) ) ;
#407 = AXIS2_PLACEMENT_3D ( 'NONE', #5793, #5932, #391 ) ;
#408 = EDGE_CURVE ( 'NONE', #2690, #220, #1551, .T. ) ;
#409 = VECTOR ( 'NONE', #6194, 1000.000000000000114 ) ;
#410 = VERTEX_POINT ( 'NONE', #938 ) ;
#411 = FACE_OUTER_BOUND ( 'NONE', #5023, .T. ) ;
#412 = DIRECTION ( 'NONE',  ( -1.239088197126291310E-16, 0.000000000000000000, -1.000000000000000000 ) ) ;
#413 = VERTEX_POINT ( 'NONE', #6892 ) ;
#414 = PLANE ( 'NONE',  #1960 ) ;
#415 = CARTESIAN_POINT ( 'NONE',  ( -4.399999999999998579, 16.60000000000000142, 0.5999999999999995337 ) ) ;
#416 = DIRECTION ( 'NONE',  ( 0.9396926207859096492, 0.3420201433256653267, -0.000000000000000000 ) ) ;
#417 = VECTOR ( 'NONE', #872, 1000.000000000000114 ) ;
#418 = VECTOR ( 'NONE', #1477, 1000.000000000000000 ) ;
#419 = CARTESIAN_POINT ( 'NONE',  ( 2.679999999999999716, 4.500000000000000888, 0.5999999999999996447 ) ) ;
#420 = AXIS2_PLACEMENT_3D ( 'NONE', #4041, #1310, #6727 ) ;
#421 = EDGE_CURVE ( 'NONE', #6986, #1834, #4725, .T. ) ;
#422 = EDGE_CURVE ( 'NONE', #3660, #1266, #5575, .T. ) ;
#423 = VERTEX_POINT ( 'NONE', #358 ) ;
#424 = VECTOR ( 'NONE', #6961, 1000.000000000000114 ) ;
#425 = CARTESIAN_POINT ( 'NONE',  ( -2.599999999999999645, 16.60000000000000142, -3.800000000000001599 ) ) ;
#426 = AXIS2_PLACEMENT_3D ( 'NONE', #6828, #3734, #5187 ) ;
#427 = DIRECTION ( 'NONE',  ( 1.000000000000000000, -0.000000000000000000, -9.293161478447185441E-17 ) ) ;
#428 = VERTEX_POINT ( 'NONE', #1413 ) ;
#429 = ORIENTED_EDGE ( 'NONE', *, *, #6734, .F. ) ;
#430 = CARTESIAN_POINT ( 'NONE',  ( 2.570791076685688292, -1.050370056351370263, 0.3200000000000005618 ) ) ;
#431 = PLANE ( 'NONE',  #1350 ) ;
#432 = DIRECTION ( 'NONE',  ( 0.000000000000000000, 1.000000000000000000, 0.000000000000000000 ) ) ;
#433 = SURFACE_SIDE_STYLE ('',( #944 ) ) ;
#434 = VECTOR ( 'NONE', #1933, 1000.000000000000000 ) ;
#435 = EDGE_CURVE ( 'NONE', #6711, #5923, #5823, .T. ) ;
#436 = EDGE_LOOP ( 'NONE', ( #125, #1105, #2491, #6150, #5019, #1192, #5989, #3537, #1165, #685, #703, #2587, #639, #3061, #6527, #3903, #2797, #4745, #3843, #5357, #2283, #2819, #6783, #36 ) ) ;
#437 = CARTESIAN_POINT ( 'NONE',  ( -2.815755189180201068, -0.8771863862500131059, -0.3199999999999998956 ) ) ;
#438 = VERTEX_POINT ( 'NONE', #5313 ) ;
#439 = LINE ( 'NONE', #2134, #1265 ) ;
#440 = CIRCLE ( 'NONE', #4123, 0.7999999999999999334 ) ;
#441 = EDGE_CURVE ( 'NONE', #4605, #2662, #6362, .T. ) ;
#442 = LINE ( 'NONE', #6434, #6236 ) ;
#443 = CARTESIAN_POINT ( 'NONE',  ( -4.899999999999997691, 16.60000000000000142, 0.6000000000000004219 ) ) ;
#444 = VERTEX_POINT ( 'NONE', #425 ) ;
#445 = VECTOR ( 'NONE', #1649, 1000.000000000000000 ) ;
#446 = ORIENTED_EDGE ( 'NONE', *, *, #6445, .T. ) ;
#447 = LINE ( 'NONE', #2846, #2038 ) ;
#448 = DIRECTION ( 'NONE',  ( 9.293161478447178046E-16, 0.000000000000000000, 1.000000000000000000 ) ) ;
#449 = EDGE_CURVE ( 'NONE', #2550, #139, #867, .T. ) ;
#450 = DIRECTION ( 'NONE',  ( 0.02980901962620877491, 0.3407186534216066209, -0.9396926207859096492 ) ) ;
#451 = CARTESIAN_POINT ( 'NONE',  ( 1.249999999999999778, 16.60000000000000142, 2.200000000000000178 ) ) ;
#452 = VECTOR ( 'NONE', #4803, 1000.000000000000000 ) ;
#453 = AXIS2_PLACEMENT_3D ( 'NONE', #2897, #5134, #4575 ) ;
#454 = ORIENTED_EDGE ( 'NONE', *, *, #1138, .F. ) ;
#455 = DIRECTION ( 'NONE',  ( -0.000000000000000000, 0.000000000000000000, 1.000000000000000000 ) ) ;
#456 = LINE ( 'NONE', #5492, #5010 ) ;
#457 = ORIENTED_EDGE ( 'NONE', *, *, #3381, .F. ) ;
#458 = LINE ( 'NONE', #6447, #3669 ) ;
#459 = DIRECTION ( 'NONE',  ( -0.000000000000000000, 1.000000000000000000, -0.000000000000000000 ) ) ;
#460 = FACE_OUTER_BOUND ( 'NONE', #6387, .T. ) ;
#461 = VECTOR ( 'NONE', #2476, 1000.000000000000000 ) ;
#462 = FACE_OUTER_BOUND ( 'NONE', #5746, .T. ) ;
#463 = ORIENTED_EDGE ( 'NONE', *, *, #6441, .F. ) ;
#464 = EDGE_CURVE ( 'NONE', #3471, #3280, #3661, .T. ) ;
#465 = DIRECTION ( 'NONE',  ( 0.000000000000000000, 0.000000000000000000, 1.000000000000000000 ) ) ;
#466 = CARTESIAN_POINT ( 'NONE',  ( 3.499999999999999112, 16.60000000000000142, 2.599999999999999201 ) ) ;
#467 = ORIENTED_EDGE ( 'NONE', *, *, #3239, .F. ) ;
#468 = EDGE_LOOP ( 'NONE', ( #638, #5334, #6817, #1164 ) ) ;
#469 = DIRECTION ( 'NONE',  ( 1.000000000000000000, 0.000000000000000000, 0.000000000000000000 ) ) ;
#470 = EDGE_CURVE ( 'NONE', #6378, #3847, #3044, .T. ) ;
#471 = DIRECTION ( 'NONE',  ( -1.000000000000000000, 0.000000000000000000, 1.694065894508601171E-16 ) ) ;
#472 = CARTESIAN_POINT ( 'NONE',  ( 5.500000000000001776, 15.59999999999999964, -0.1500000000000074885 ) ) ;
#473 = AXIS2_PLACEMENT_3D ( 'NONE', #5315, #6995, #3291 ) ;
#474 = VERTEX_POINT ( 'NONE', #6292 ) ;
#475 = CARTESIAN_POINT ( 'NONE',  ( -2.680000000000000160, 4.500000000000000888, 0.5999999999999996447 ) ) ;
#476 = ORIENTED_EDGE ( 'NONE', *, *, #2630, .F. ) ;
#477 = CARTESIAN_POINT ( 'NONE',  ( -5.049999999999999822, -1.199999999999999956, -1.500000000000000000 ) ) ;
#478 = ADVANCED_FACE ( 'NONE', ( #4755 ), #4143, .F. ) ;
#479 = DIRECTION ( 'NONE',  ( -5.782411586589354681E-16, 0.000000000000000000, 1.000000000000000000 ) ) ;
#480 = DIRECTION ( 'NONE',  ( -1.000000000000000000, 0.000000000000000000, 0.000000000000000000 ) ) ;
#481 = ORIENTED_EDGE ( 'NONE', *, *, #3338, .T. ) ;
#482 =( NAMED_UNIT ( * ) PLANE_ANGLE_UNIT ( ) SI_UNIT ( $, .RADIAN. ) );
#483 = DIRECTION ( 'NONE',  ( 1.694065894508601171E-16, -0.000000000000000000, 1.000000000000000000 ) ) ;
#484 = EDGE_CURVE ( 'NONE', #293, #500, #6924, .T. ) ;
#485 = CARTESIAN_POINT ( 'NONE',  ( 2.570791076685688292, -1.050370056351370263, 0.3200000000000005618 ) ) ;
#486 = ORIENTED_EDGE ( 'NONE', *, *, #5735, .F. ) ;
#487 = EDGE_CURVE ( 'NONE', #3107, #2932, #677, .T. ) ;
#488 = VECTOR ( 'NONE', #4225, 1000.000000000000000 ) ;
#489 = ORIENTED_EDGE ( 'NONE', *, *, #1205, .F. ) ;
#490 = DIRECTION ( 'NONE',  ( -0.000000000000000000, 1.000000000000000000, -0.000000000000000000 ) ) ;
#491 = FACE_OUTER_BOUND ( 'NONE', #5325, .T. ) ;
#492 = VERTEX_POINT ( 'NONE', #4696 ) ;
#493 = CARTESIAN_POINT ( 'NONE',  ( 2.710504509961679354, -2.895552180309383772, -0.3199999999999998956 ) ) ;
#494 = LINE ( 'NONE', #6990, #1947 ) ;
#495 = DIRECTION ( 'NONE',  ( -0.000000000000000000, 1.000000000000000000, -0.000000000000000000 ) ) ;
#496 = LINE ( 'NONE', #1620, #6587 ) ;
#497 = EDGE_LOOP ( 'NONE', ( #4595, #1785, #859, #3808 ) ) ;
#498 = DIRECTION ( 'NONE',  ( -0.000000000000000000, 1.000000000000000000, -0.000000000000000000 ) ) ;
#499 = DIRECTION ( 'NONE',  ( -1.000000000000000000, 0.000000000000000000, 0.000000000000000000 ) ) ;
#500 = VERTEX_POINT ( 'NONE', #6862 ) ;
#501 = VERTEX_POINT ( 'NONE', #4789 ) ;
#502 = CARTESIAN_POINT ( 'NONE',  ( 3.510791076685687351, -1.050370056351370263, -0.3199999999999998956 ) ) ;
#503 = LINE ( 'NONE', #4828, #6808 ) ;
#504 = CARTESIAN_POINT ( 'NONE',  ( 2.350000000000000533, 7.900000000000000355, 2.099999999999998757 ) ) ;
#505 = ORIENTED_EDGE ( 'NONE', *, *, #6539, .F. ) ;
#506 = EDGE_CURVE ( 'NONE', #279, #5405, #92, .T. ) ;
#507 = CARTESIAN_POINT ( 'NONE',  ( -4.899999999999999467, 16.60000000000000142, -2.400000000000002576 ) ) ;
#508 = ORIENTED_EDGE ( 'NONE', *, *, #5664, .F. ) ;
#509 = EDGE_LOOP ( 'NONE', ( #2386, #6716, #3436, #3444 ) ) ;
#510 = CARTESIAN_POINT ( 'NONE',  ( 0.8073895819931710127, 9.700000000000001066, 0.1926104180068295701 ) ) ;
#511 = CARTESIAN_POINT ( 'NONE',  ( -2.599999999999999645, 11.00000000000000000, -4.800000000000002487 ) ) ;
#512 = DIRECTION ( 'NONE',  ( -0.000000000000000000, -1.000000000000000000, -0.000000000000000000 ) ) ;
#513 = ORIENTED_EDGE ( 'NONE', *, *, #4804, .F. ) ;
#514 = ADVANCED_FACE ( 'NONE', ( #1517 ), #3699, .T. ) ;
#515 = CARTESIAN_POINT ( 'NONE',  ( 3.499999999999999112, 0.000000000000000000, 2.599999999999999201 ) ) ;
#516 = FACE_OUTER_BOUND ( 'NONE', #2238, .T. ) ;
#517 = FACE_OUTER_BOUND ( 'NONE', #6122, .T. ) ;
#518 = ADVANCED_FACE ( 'NONE', ( #1691 ), #3185, .T. ) ;
#519 = ORIENTED_EDGE ( 'NONE', *, *, #6849, .F. ) ;
#520 = VECTOR ( 'NONE', #4705, 1000.000000000000000 ) ;
#521 = EDGE_LOOP ( 'NONE', ( #489, #1340, #112, #6567 ) ) ;
#522 = DIRECTION ( 'NONE',  ( -0.3236155771181827845, -0.8891264907159898145, 0.3236155771181827845 ) ) ;
#523 = DIRECTION ( 'NONE',  ( 0.3236155771181827845, 0.8891264907159898145, -0.3236155771181827845 ) ) ;
#524 = ORIENTED_EDGE ( 'NONE', *, *, #3631, .F. ) ;
#525 = CARTESIAN_POINT ( 'NONE',  ( -3.499999999999998224, 0.000000000000000000, -4.400000000000001243 ) ) ;
#526 = PLANE ( 'NONE',  #5352 ) ;
#527 = EDGE_LOOP ( 'NONE', ( #5863, #2521, #80, #869 ) ) ;
#528 = EDGE_CURVE ( 'NONE', #6001, #5968, #4968, .T. ) ;
#529 = DIRECTION ( 'NONE',  ( -1.000000000000000000, 0.000000000000000000, -7.885106708985496922E-16 ) ) ;
#530 = EDGE_CURVE ( 'NONE', #4962, #3539, #1151, .T. ) ;
#531 = DIRECTION ( 'NONE',  ( -1.694065894508601171E-16, 0.000000000000000000, -1.000000000000000000 ) ) ;
#532 = VECTOR ( 'NONE', #6223, 1000.000000000000000 ) ;
#533 = AXIS2_PLACEMENT_3D ( 'NONE', #2428, #6693, #6735 ) ;
#534 = ORIENTED_EDGE ( 'NONE', *, *, #3454, .T. ) ;
#535 = DIRECTION ( 'NONE',  ( 0.9396926207859093161, -0.3420201433256664925, 0.000000000000000000 ) ) ;
#536 = CARTESIAN_POINT ( 'NONE',  ( -3.499999999999998224, 4.000000000000000000, -3.800000000000001599 ) ) ;
#537 = AXIS2_PLACEMENT_3D ( 'NONE', #5611, #5498, #3472 ) ;
#538 = VERTEX_POINT ( 'NONE', #1729 ) ;
#539 = VERTEX_POINT ( 'NONE', #2196 ) ;
#540 = EDGE_CURVE ( 'NONE', #2527, #975, #3813, .T. ) ;
#541 = DIRECTION ( 'NONE',  ( -0.000000000000000000, -1.000000000000000000, -0.000000000000000000 ) ) ;
#542 = CARTESIAN_POINT ( 'NONE',  ( -2.749999999999999112, 4.000000000000000000, 2.200000000000000178 ) ) ;
#543 = CARTESIAN_POINT ( 'NONE',  ( -3.190659780604994555, -3.288897266363071559, 0.1926104180068295701 ) ) ;
#544 = VECTOR ( 'NONE', #1873, 1000.000000000000000 ) ;
#545 = VECTOR ( 'NONE', #956, 1000.000000000000000 ) ;
#546 = AXIS2_PLACEMENT_3D ( 'NONE', #78, #2105, #5336 ) ;
#547 = ORIENTED_EDGE ( 'NONE', *, *, #1665, .T. ) ;
#548 = DIRECTION ( 'NONE',  ( -0.000000000000000000, -1.000000000000000000, -0.000000000000000000 ) ) ;
#549 = EDGE_LOOP ( 'NONE', ( #5212, #3466, #5547, #1059 ) ) ;
#550 = FACE_OUTER_BOUND ( 'NONE', #2731, .T. ) ;
#551 = VECTOR ( 'NONE', #276, 1000.000000000000000 ) ;
#552 = DIRECTION ( 'NONE',  ( 0.000000000000000000, -1.000000000000000000, 0.000000000000000000 ) ) ;
#553 = VECTOR ( 'NONE', #1106, 1000.000000000000000 ) ;
#554 = CARTESIAN_POINT ( 'NONE',  ( -0.8499999999999996447, 16.60000000000000142, 2.599999999999999645 ) ) ;
#555 = ORIENTED_EDGE ( 'NONE', *, *, #2913, .F. ) ;
#556 = VERTEX_POINT ( 'NONE', #2267 ) ;
#557 = AXIS2_PLACEMENT_3D ( 'NONE', #1405, #3578, #5744 ) ;
#558 = CARTESIAN_POINT ( 'NONE',  ( -1.172438898718060729, -3.355420793761980214, -0.1724388987180602018 ) ) ;
#559 = PLANE ( 'NONE',  #3117 ) ;
#560 = CARTESIAN_POINT ( 'NONE',  ( 3.499999999999998224, 4.000000000000000000, -3.800000000000001599 ) ) ;
#561 = EDGE_CURVE ( 'NONE', #3815, #2690, #393, .T. ) ;
#562 = EDGE_CURVE ( 'NONE', #3099, #5707, #4562, .T. ) ;
#563 = AXIS2_PLACEMENT_3D ( 'NONE', #2965, #335, #2433 ) ;
#564 = ORIENTED_EDGE ( 'NONE', *, *, #1449, .F. ) ;
#565 = ORIENTED_EDGE ( 'NONE', *, *, #1381, .T. ) ;
#566 = DIRECTION ( 'NONE',  ( 0.000000000000000000, -0.000000000000000000, -1.000000000000000000 ) ) ;
#567 = VECTOR ( 'NONE', #4495, 1000.000000000000000 ) ;
#568 = ORIENTED_EDGE ( 'NONE', *, *, #1641, .T. ) ;
#569 = DIRECTION ( 'NONE',  ( 0.000000000000000000, 0.000000000000000000, -1.000000000000000000 ) ) ;
#570 = VERTEX_POINT ( 'NONE', #6071 ) ;
#571 = PLANE ( 'NONE',  #2713 ) ;
#572 = ADVANCED_FACE ( 'NONE', ( #1585 ), #5354, .F. ) ;
#573 = FACE_OUTER_BOUND ( 'NONE', #6191, .T. ) ;
#574 = AXIS2_PLACEMENT_3D ( 'NONE', #2398, #1786, #5599 ) ;
#575 = VERTEX_POINT ( 'NONE', #5959 ) ;
#576 = CARTESIAN_POINT ( 'NONE',  ( 2.949999999999998845, 9.799999999999998934, -5.280947501931113841 ) ) ;
#577 = PLANE ( 'NONE',  #473 ) ;
#578 = AXIS2_PLACEMENT_3D ( 'NONE', #1226, #2343, #6680 ) ;
#579 = ORIENTED_EDGE ( 'NONE', *, *, #1676, .F. ) ;
#580 = ORIENTED_EDGE ( 'NONE', *, *, #792, .F. ) ;
#581 = LINE ( 'NONE', #5997, #3491 ) ;
#582 = CYLINDRICAL_SURFACE ( 'NONE', #3403, 1.400000000000001021 ) ;
#583 = DIRECTION ( 'NONE',  ( -1.000000000000000000, 0.000000000000000000, 0.000000000000000000 ) ) ;
#584 = ORIENTED_EDGE ( 'NONE', *, *, #5272, .F. ) ;
#585 = VECTOR ( 'NONE', #4583, 1000.000000000000000 ) ;
#586 = EDGE_CURVE ( 'NONE', #2130, #3366, #4899, .T. ) ;
#587 = ORIENTED_EDGE ( 'NONE', *, *, #719, .T. ) ;
#588 = CARTESIAN_POINT ( 'NONE',  ( -1.320000000000000062, 9.349999999999997868, 0.3200000000000005618 ) ) ;
#589 = CARTESIAN_POINT ( 'NONE',  ( 3.199999999999998845, 10.05000000000000071, -4.400000000000001243 ) ) ;
#590 = DIRECTION ( 'NONE',  ( -1.000000000000000000, 0.000000000000000000, 0.000000000000000000 ) ) ;
#591 = AXIS2_PLACEMENT_3D ( 'NONE', #1899, #4090, #1967 ) ;
#592 = CARTESIAN_POINT ( 'NONE',  ( 3.319999999999998952, -0.4500000000000000111, -0.3199999999999998956 ) ) ;
#593 = CARTESIAN_POINT ( 'NONE',  ( 2.850000000000000533, 16.60000000000000142, 2.899999999999999023 ) ) ;
#594 = ORIENTED_EDGE ( 'NONE', *, *, #2669, .T. ) ;
#595 = CIRCLE ( 'NONE', #6858, 0.4249999999999998224 ) ;
#596 = EDGE_LOOP ( 'NONE', ( #3426, #4826, #6310, #2193 ) ) ;
#597 = FACE_BOUND ( 'NONE', #6874, .T. ) ;
#598 = CARTESIAN_POINT ( 'NONE',  ( 5.500000000000001776, 15.59999999999999964, -0.1500000000000074885 ) ) ;
#599 = CYLINDRICAL_SURFACE ( 'NONE', #4424, 0.9000000000000005773 ) ;
#600 = ADVANCED_FACE ( 'NONE', ( #1 ), #4378, .T. ) ;
#601 = ORIENTED_EDGE ( 'NONE', *, *, #2634, .T. ) ;
#602 = ADVANCED_FACE ( 'NONE', ( #5501 ), #2230, .F. ) ;
#603 = CARTESIAN_POINT ( 'NONE',  ( 1.320000000000000062, 0.000000000000000000, 0.3200000000000004508 ) ) ;
#604 = ORIENTED_EDGE ( 'NONE', *, *, #4636, .T. ) ;
#605 = CARTESIAN_POINT ( 'NONE',  ( 1.150000000000000799, 16.60000000000000142, 2.599999999999999645 ) ) ;
#606 = ORIENTED_EDGE ( 'NONE', *, *, #5389, .F. ) ;
#607 = FACE_OUTER_BOUND ( 'NONE', #5412, .T. ) ;
#608 = CARTESIAN_POINT ( 'NONE',  ( -1.049999999999999822, 4.000000000000000000, 2.000000000000000000 ) ) ;
#609 = EDGE_CURVE ( 'NONE', #2220, #6647, #5387, .T. ) ;
#610 = VECTOR ( 'NONE', #3495, 1000.000000000000000 ) ;
#611 = EDGE_LOOP ( 'NONE', ( #141, #4567, #5225, #3585 ) ) ;
#612 = EDGE_CURVE ( 'NONE', #6844, #2755, #5993, .T. ) ;
#613 = CARTESIAN_POINT ( 'NONE',  ( -2.599999999999999645, 11.00000000000000000, -3.300000000000002043 ) ) ;
#614 = LINE ( 'NONE', #2799, #5480 ) ;
#615 = ORIENTED_EDGE ( 'NONE', *, *, #1055, .F. ) ;
#616 = ORIENTED_EDGE ( 'NONE', *, *, #3636, .F. ) ;
#617 = DIRECTION ( 'NONE',  ( -1.000000000000000000, 1.275531967630005245E-16, 1.239088197126291310E-16 ) ) ;
#618 = DIRECTION ( 'NONE',  ( -1.000000000000000000, -0.000000000000000000, -0.000000000000000000 ) ) ;
#619 = EDGE_LOOP ( 'NONE', ( #4484, #6543, #580, #3370 ) ) ;
#620 = EDGE_LOOP ( 'NONE', ( #3710, #2266, #3269, #2544 ) ) ;
#621 = EDGE_CURVE ( 'NONE', #3371, #4671, #6564, .T. ) ;
#622 = PLANE ( 'NONE',  #6583 ) ;
#623 = CARTESIAN_POINT ( 'NONE',  ( -3.499999999999998224, 16.60000000000000142, 0.5999999999999996447 ) ) ;
#624 = ORIENTED_EDGE ( 'NONE', *, *, #957, .T. ) ;
#625 = ORIENTED_EDGE ( 'NONE', *, *, #814, .F. ) ;
#626 = PLANE ( 'NONE',  #2746 ) ;
#627 = EDGE_CURVE ( 'NONE', #6516, #1944, #7028, .T. ) ;
#628 = LINE ( 'NONE', #3380, #3864 ) ;
#629 = ADVANCED_FACE ( 'NONE', ( #4341 ), #6498, .T. ) ;
#630 = DIRECTION ( 'NONE',  ( -1.000000000000000000, 0.000000000000000000, 0.000000000000000000 ) ) ;
#631 = VERTEX_POINT ( 'NONE', #6754 ) ;
#632 = LINE ( 'NONE', #748, #4455 ) ;
#633 = CARTESIAN_POINT ( 'NONE',  ( -1.649999999999999467, 16.60000000000000142, 2.099999999999999645 ) ) ;
#634 = VECTOR ( 'NONE', #3295, 1000.000000000000000 ) ;
#635 = EDGE_CURVE ( 'NONE', #3659, #279, #6253, .T. ) ;
#636 = DIRECTION ( 'NONE',  ( 0.000000000000000000, 0.000000000000000000, 1.000000000000000000 ) ) ;
#637 = ORIENTED_EDGE ( 'NONE', *, *, #1355, .F. ) ;
#638 = ORIENTED_EDGE ( 'NONE', *, *, #2617, .T. ) ;
#639 = ORIENTED_EDGE ( 'NONE', *, *, #2066, .T. ) ;
#640 = DIRECTION ( 'NONE',  ( 0.000000000000000000, 1.000000000000000000, 0.000000000000000000 ) ) ;
#641 = AXIS2_PLACEMENT_3D ( 'NONE', #1228, #6183, #3445 ) ;
#642 = LINE ( 'NONE', #2825, #3448 ) ;
#643 = VERTEX_POINT ( 'NONE', #4485 ) ;
#644 = DIRECTION ( 'NONE',  ( 0.000000000000000000, 1.000000000000000000, 0.000000000000000000 ) ) ;
#645 = DIRECTION ( 'NONE',  ( 0.000000000000000000, -1.000000000000000000, 0.000000000000000000 ) ) ;
#646 = EDGE_CURVE ( 'NONE', #6572, #2644, #6104, .T. ) ;
#647 = ORIENTED_EDGE ( 'NONE', *, *, #3604, .F. ) ;
#648 = FACE_OUTER_BOUND ( 'NONE', #7061, .T. ) ;
#649 = PRODUCT_DEFINITION_SHAPE ( 'NONE', 'NONE',  #1173 ) ;
#650 = LINE ( 'NONE', #3479, #1744 ) ;
#651 = ORIENTED_EDGE ( 'NONE', *, *, #3570, .F. ) ;
#652 = DIRECTION ( 'NONE',  ( 0.000000000000000000, 0.000000000000000000, 1.000000000000000000 ) ) ;
#653 = AXIS2_PLACEMENT_3D ( 'NONE', #2213, #5063, #6580 ) ;
#654 = DIRECTION ( 'NONE',  ( -1.000000000000000000, 0.000000000000000000, 0.000000000000000000 ) ) ;
#655 = ORIENTED_EDGE ( 'NONE', *, *, #3237, .T. ) ;
#656 = EDGE_CURVE ( 'NONE', #4494, #2080, #2877, .T. ) ;
#657 = VERTEX_POINT ( 'NONE', #1189 ) ;
#658 = VECTOR ( 'NONE', #907, 1000.000000000000000 ) ;
#659 = AXIS2_PLACEMENT_3D ( 'NONE', #2745, #1602, #2287 ) ;
#660 = CARTESIAN_POINT ( 'NONE',  ( -3.200000000000000622, 10.05000000000000071, -4.700000000000001066 ) ) ;
#661 = LINE ( 'NONE', #1338, #2540 ) ;
#662 = VERTEX_POINT ( 'NONE', #3992 ) ;
#663 = ORIENTED_EDGE ( 'NONE', *, *, #845, .T. ) ;
#664 = CARTESIAN_POINT ( 'NONE',  ( -1.320000000000000062, 4.000000000000003553, -0.3199999999999993960 ) ) ;
#665 = EDGE_CURVE ( 'NONE', #3866, #3612, #795, .T. ) ;
#666 = CARTESIAN_POINT ( 'NONE',  ( -3.319999999999999840, 0.000000000000000000, 0.3200000000000005618 ) ) ;
#667 = VECTOR ( 'NONE', #865, 1000.000000000000000 ) ;
#669 = AXIS2_PLACEMENT_3D ( 'NONE', #3069, #2000, #6339 ) ;
#668 = CARTESIAN_POINT ( 'NONE',  ( -2.749999999999999112, 16.60000000000000142, 2.200000000000000178 ) ) ;
#670 = EDGE_CURVE ( 'NONE', #1274, #2685, #733, .T. ) ;
#671 = VECTOR ( 'NONE', #2536, 1000.000000000000000 ) ;
#672 = EDGE_LOOP ( 'NONE', ( #3418, #4013, #3895, #7034, #4698 ) ) ;
#673 = VECTOR ( 'NONE', #1308, 1000.000000000000000 ) ;
#674 = DIRECTION ( 'NONE',  ( 0.000000000000000000, 0.000000000000000000, -1.000000000000000000 ) ) ;
#675 = ADVANCED_FACE ( 'NONE', ( #648 ), #6180, .F. ) ;
#676 = DIRECTION ( 'NONE',  ( 1.000000000000000000, 0.000000000000000000, 0.000000000000000000 ) ) ;
#677 = CIRCLE ( 'NONE', #2966, 0.2000000000000000944 ) ;
#678 = CARTESIAN_POINT ( 'NONE',  ( -3.499999999999998224, 16.60000000000000142, -3.800000000000001599 ) ) ;
#679 = DIRECTION ( 'NONE',  ( -0.4539904997395411423, 0.000000000000000000, -0.8910065241883706744 ) ) ;
#680 = VECTOR ( 'NONE', #1178, 1000.000000000000000 ) ;
#681 = EDGE_CURVE ( 'NONE', #3283, #390, #2942, .T. ) ;
#682 = VERTEX_POINT ( 'NONE', #5116 ) ;
#683 = EDGE_CURVE ( 'NONE', #6381, #3283, #6141, .T. ) ;
#684 = FACE_OUTER_BOUND ( 'NONE', #1981, .T. ) ;
#685 = ORIENTED_EDGE ( 'NONE', *, *, #6199, .T. ) ;
#686 = CARTESIAN_POINT ( 'NONE',  ( 2.807389581993172012, 9.700000000000001066, 0.1926104180068295701 ) ) ;
#687 = ORIENTED_EDGE ( 'NONE', *, *, #2109, .T. ) ;
#688 = DIRECTION ( 'NONE',  ( -0.9961946980917455452, 0.08715574274765794383, 0.000000000000000000 ) ) ;
#689 = VECTOR ( 'NONE', #5799, 1000.000000000000000 ) ;
#690 = LINE ( 'NONE', #3917, #1249 ) ;
#691 = VECTOR ( 'NONE', #3766, 1000.000000000000000 ) ;
#692 = ORIENTED_EDGE ( 'NONE', *, *, #2463, .T. ) ;
#693 = DIRECTION ( 'NONE',  ( -1.000000000000000000, 0.000000000000000000, 1.445602896647341480E-15 ) ) ;
#694 = LINE ( 'NONE', #2878, #2763 ) ;
#695 = ORIENTED_EDGE ( 'NONE', *, *, #5146, .T. ) ;
#696 = DIRECTION ( 'NONE',  ( 1.000000000000000000, 0.000000000000000000, 0.000000000000000000 ) ) ;
#697 = DIRECTION ( 'NONE',  ( 0.000000000000000000, 0.000000000000000000, 1.000000000000000000 ) ) ;
#698 = CIRCLE ( 'NONE', #3908, 0.09999999999999982514 ) ;
#699 = ORIENTED_EDGE ( 'NONE', *, *, #2832, .T. ) ;
#700 = ORIENTED_EDGE ( 'NONE', *, *, #4633, .T. ) ;
#701 = EDGE_CURVE ( 'NONE', #1015, #2655, #2833, .T. ) ;
#702 = ADVANCED_FACE ( 'NONE', ( #113 ), #2307, .F. ) ;
#703 = ORIENTED_EDGE ( 'NONE', *, *, #2369, .T. ) ;
#704 = CARTESIAN_POINT ( 'NONE',  ( -0.6800000000000000488, 9.349999999999997868, 0.3200000000000005618 ) ) ;
#705 = VECTOR ( 'NONE', #3156, 1000.000000000000000 ) ;
#706 = DIRECTION ( 'NONE',  ( 1.000000000000000000, -0.000000000000000000, 0.000000000000000000 ) ) ;
#707 = ADVANCED_FACE ( 'NONE', ( #3956 ), #1267, .F. ) ;
#708 = ORIENTED_EDGE ( 'NONE', *, *, #1879, .F. ) ;
#709 = ORIENTED_EDGE ( 'NONE', *, *, #5111, .F. ) ;
#710 = CARTESIAN_POINT ( 'NONE',  ( -1.250000000000000222, 4.000000000000000000, 2.200000000000000178 ) ) ;
#711 = LINE ( 'NONE', #4392, #6804 ) ;
#712 = VECTOR ( 'NONE', #6072, 1000.000000000000000 ) ;
#713 = LINE ( 'NONE', #4572, #4431 ) ;
#714 = ADVANCED_FACE ( 'NONE', ( #3402 ), #6717, .F. ) ;
#715 = ORIENTED_EDGE ( 'NONE', *, *, #6328, .F. ) ;
#716 = ORIENTED_EDGE ( 'NONE', *, *, #2568, .F. ) ;
#717 = PLANE ( 'NONE',  #453 ) ;
#718 = AXIS2_PLACEMENT_3D ( 'NONE', #605, #4028, #2225 ) ;
#719 = EDGE_CURVE ( 'NONE', #6437, #6038, #4033, .T. ) ;
#720 = CARTESIAN_POINT ( 'NONE',  ( 0.000000000000000000, 11.00000000000000000, -3.800000000000001599 ) ) ;
#721 = FACE_OUTER_BOUND ( 'NONE', #2365, .T. ) ;
#722 = CARTESIAN_POINT ( 'NONE',  ( -1.149999999999999467, 16.60000000000000142, 2.899999999999999467 ) ) ;
#723 = ORIENTED_EDGE ( 'NONE', *, *, #2066, .F. ) ;
#724 = ADVANCED_FACE ( 'NONE', ( #147 ), #762, .F. ) ;
#725 = CARTESIAN_POINT ( 'NONE',  ( -0.8073895819931727891, -3.299999999999999822, 0.000000000000000000 ) ) ;
#726 = VERTEX_POINT ( 'NONE', #255 ) ;
#727 = DIRECTION ( 'NONE',  ( 7.228014483236698528E-16, 0.000000000000000000, 1.000000000000000000 ) ) ;
#728 = ORIENTED_EDGE ( 'NONE', *, *, #1287, .F. ) ;
#729 = CARTESIAN_POINT ( 'NONE',  ( 2.680000000000000160, 16.60000000000000142, 0.3200000000000005618 ) ) ;
#730 = ADVANCED_FACE ( 'NONE', ( #1331 ), #3507, .F. ) ;
#731 = EDGE_CURVE ( 'NONE', #5378, #6751, #6852, .T. ) ;
#732 = EDGE_LOOP ( 'NONE', ( #5731, #1084, #625, #5094 ) ) ;
#733 = LINE ( 'NONE', #5083, #1253 ) ;
#734 = CARTESIAN_POINT ( 'NONE',  ( 4.899999999999998579, 15.59999999999999964, -0.1500000000000071554 ) ) ;
#735 = DIRECTION ( 'NONE',  ( 0.3236155771181827845, 0.8891264907159898145, 0.3236155771181827845 ) ) ;
#736 = DIRECTION ( 'NONE',  ( -0.000000000000000000, -1.000000000000000000, -0.000000000000000000 ) ) ;
#737 = ORIENTED_EDGE ( 'NONE', *, *, #1460, .F. ) ;
#738 = DIRECTION ( 'NONE',  ( 1.000000000000000000, -0.000000000000000000, 0.000000000000000000 ) ) ;
#739 = AXIS2_PLACEMENT_3D ( 'NONE', #135, #1715, #2860 ) ;
#740 = DIRECTION ( 'NONE',  ( -0.000000000000000000, -1.000000000000000000, -0.000000000000000000 ) ) ;
#741 = ORIENTED_EDGE ( 'NONE', *, *, #4426, .T. ) ;
#742 = ORIENTED_EDGE ( 'NONE', *, *, #380, .T. ) ;
#743 = DIRECTION ( 'NONE',  ( 0.000000000000000000, 0.000000000000000000, 1.000000000000000000 ) ) ;
#744 = CARTESIAN_POINT ( 'NONE',  ( 4.899999999999997691, 16.60000000000000142, 0.6000000000000045297 ) ) ;
#745 = CARTESIAN_POINT ( 'NONE',  ( -2.749999999999999556, 16.60000000000000142, 2.499999999999999556 ) ) ;
#746 = ORIENTED_EDGE ( 'NONE', *, *, #6622, .T. ) ;
#747 = DIRECTION ( 'NONE',  ( 0.000000000000000000, 0.000000000000000000, -1.000000000000000000 ) ) ;
#748 = CARTESIAN_POINT ( 'NONE',  ( 1.199999999999999734, 16.60000000000000142, -4.100000000000002309 ) ) ;
#749 = DIRECTION ( 'NONE',  ( 0.000000000000000000, 0.000000000000000000, -1.000000000000000000 ) ) ;
#750 = LINE ( 'NONE', #6271, #6018 ) ;
#751 = ADVANCED_FACE ( 'NONE', ( #1973 ), #929, .F. ) ;
#752 = ORIENTED_EDGE ( 'NONE', *, *, #4932, .T. ) ;
#753 = VECTOR ( 'NONE', #1521, 1000.000000000000000 ) ;
#754 = LINE ( 'NONE', #2258, #5800 ) ;
#755 = ORIENTED_EDGE ( 'NONE', *, *, #5022, .T. ) ;
#756 = LINE ( 'NONE', #6877, #3233 ) ;
#757 = ORIENTED_EDGE ( 'NONE', *, *, #850, .T. ) ;
#758 = DIRECTION ( 'NONE',  ( -1.000000000000000000, 0.000000000000000000, 1.694065894508601171E-16 ) ) ;
#759 = FACE_OUTER_BOUND ( 'NONE', #3433, .T. ) ;
#760 = ADVANCED_FACE ( 'NONE', ( #5275 ), #5716, .F. ) ;
#761 = ORIENTED_EDGE ( 'NONE', *, *, #1152, .F. ) ;
#762 = PLANE ( 'NONE',  #5903 ) ;
#763 = PLANE ( 'NONE',  #578 ) ;
#764 = CARTESIAN_POINT ( 'NONE',  ( 0.8073895819931727891, -3.299999999999999822, 0.000000000000000000 ) ) ;
#765 = DIRECTION ( 'NONE',  ( 1.445602896647341480E-15, 0.000000000000000000, -1.000000000000000000 ) ) ;
#766 = ORIENTED_EDGE ( 'NONE', *, *, #221, .T. ) ;
#767 = CARTESIAN_POINT ( 'NONE',  ( 2.350000000000000977, 7.900000000000000355, 1.499999999999998668 ) ) ;
#768 = ADVANCED_FACE ( 'NONE', ( #316 ), #2041, .T. ) ;
#769 = VECTOR ( 'NONE', #3205, 1000.000000000000000 ) ;
#770 = CARTESIAN_POINT ( 'NONE',  ( 3.499999999999997780, 16.60000000000000142, -4.400000000000002132 ) ) ;
#771 = ORIENTED_EDGE ( 'NONE', *, *, #2136, .T. ) ;
#772 = ORIENTED_EDGE ( 'NONE', *, *, #4506, .F. ) ;
#773 = FACE_OUTER_BOUND ( 'NONE', #5514, .T. ) ;
#774 = FACE_OUTER_BOUND ( 'NONE', #6533, .T. ) ;
#775 = CARTESIAN_POINT ( 'NONE',  ( -4.899999999999998579, 16.60000000000000142, -1.650000000000001243 ) ) ;
#776 = CIRCLE ( 'NONE', #6696, 0.2000000000000000944 ) ;
#777 = ORIENTED_EDGE ( 'NONE', *, *, #5735, .T. ) ;
#778 = EDGE_CURVE ( 'NONE', #1169, #1175, #4230, .T. ) ;
#779 = DIRECTION ( 'NONE',  ( -0.000000000000000000, -1.000000000000000000, -0.000000000000000000 ) ) ;
#780 = CARTESIAN_POINT ( 'NONE',  ( -1.047142365151673360, 11.00000000000000000, -3.800000000000001599 ) ) ;
#782 = CARTESIAN_POINT ( 'NONE',  ( -5.049999999999999822, -1.199999999999999956, -1.924999999999999822 ) ) ;
#781 =( GEOMETRIC_REPRESENTATION_CONTEXT ( 3 ) GLOBAL_UNCERTAINTY_ASSIGNED_CONTEXT ( ( #5428 ) ) GLOBAL_UNIT_ASSIGNED_CONTEXT ( ( #2201, #6536, #1628 ) ) REPRESENTATION_CONTEXT ( 'NONE', 'WORKASPACE' ) );
#783 = VECTOR ( 'NONE', #346, 1000.000000000000000 ) ;
#784 = PLANE ( 'NONE',  #3268 ) ;
#785 = VECTOR ( 'NONE', #2466, 1000.000000000000000 ) ;
#786 = AXIS2_PLACEMENT_3D ( 'NONE', #6886, #5155, #2009 ) ;
#787 = AXIS2_PLACEMENT_3D ( 'NONE', #588, #4418, #953 ) ;
#788 = DIRECTION ( 'NONE',  ( 1.239088197126291310E-16, -0.000000000000000000, 1.000000000000000000 ) ) ;
#789 = CARTESIAN_POINT ( 'NONE',  ( 3.510791076685687351, -1.050370056351370263, 0.3200000000000005618 ) ) ;
#790 = ORIENTED_EDGE ( 'NONE', *, *, #5029, .F. ) ;
#791 = FACE_OUTER_BOUND ( 'NONE', #3450, .T. ) ;
#792 = EDGE_CURVE ( 'NONE', #3280, #2091, #3009, .T. ) ;
#793 = ORIENTED_EDGE ( 'NONE', *, *, #6513, .T. ) ;
#794 = FACE_BOUND ( 'NONE', #4724, .T. ) ;
#795 = CIRCLE ( 'NONE', #4001, 2.000000000000000000 ) ;
#796 = ORIENTED_EDGE ( 'NONE', *, *, #1375, .F. ) ;
#797 = CARTESIAN_POINT ( 'NONE',  ( 1.599999999999999645, 9.799999999999998934, -5.500000000000001776 ) ) ;
#798 = VECTOR ( 'NONE', #3393, 1000.000000000000000 ) ;
#799 = FACE_OUTER_BOUND ( 'NONE', #1040, .T. ) ;
#800 = ADVANCED_FACE ( 'NONE', ( #5304 ), #4133, .T. ) ;
#801 = VERTEX_POINT ( 'NONE', #4689 ) ;
#802 = LINE ( 'NONE', #5279, #5564 ) ;
#803 = FACE_OUTER_BOUND ( 'NONE', #2806, .T. ) ;
#804 = CIRCLE ( 'NONE', #1942, 0.9399999999999991696 ) ;
#805 = VERTEX_POINT ( 'NONE', #1433 ) ;
#806 = CARTESIAN_POINT ( 'NONE',  ( 3.499999999999998668, 16.60000000000000142, 2.000000000000000000 ) ) ;
#807 = CARTESIAN_POINT ( 'NONE',  ( -1.600000000000000977, 9.799999999999998934, -4.800000000000002487 ) ) ;
#808 = VERTEX_POINT ( 'NONE', #3608 ) ;
#809 = VERTEX_POINT ( 'NONE', #5776 ) ;
#810 = AXIS2_PLACEMENT_3D ( 'NONE', #1241, #3934, #4420 ) ;
#811 = CARTESIAN_POINT ( 'NONE',  ( 2.680000000000000160, 16.60000000000000142, 0.3200000000000005618 ) ) ;
#812 = CYLINDRICAL_SURFACE ( 'NONE', #3749, 0.7999999999999999334 ) ;
#813 = EDGE_CURVE ( 'NONE', #5423, #4163, #894, .T. ) ;
#814 = EDGE_CURVE ( 'NONE', #266, #146, #5243, .T. ) ;
#815 = VERTEX_POINT ( 'NONE', #2572 ) ;
#816 = CARTESIAN_POINT ( 'NONE',  ( 2.350000000000000533, 16.60000000000000142, 2.099999999999998757 ) ) ;
#817 = DIRECTION ( 'NONE',  ( -1.000000000000000000, 0.000000000000000000, -0.000000000000000000 ) ) ;
#818 = CARTESIAN_POINT ( 'NONE',  ( -1.320000000000000062, 0.000000000000000000, 0.3200000000000005618 ) ) ;
#819 = CIRCLE ( 'NONE', #4035, 0.9399999999999991696 ) ;
#820 = CARTESIAN_POINT ( 'NONE',  ( 0.6800000000000000488, 4.000000000000000000, -0.3199999999999993960 ) ) ;
#821 = DIRECTION ( 'NONE',  ( -1.000000000000000000, 0.000000000000000000, 2.478176394252583113E-16 ) ) ;
#822 = ADVANCED_FACE ( 'NONE', ( #351 ), #2511, .F. ) ;
#823 = ORIENTED_EDGE ( 'NONE', *, *, #5404, .T. ) ;
#824 = CARTESIAN_POINT ( 'NONE',  ( 4.399999999999998579, 16.60000000000000142, 0.5999999999999986455 ) ) ;
#825 = ORIENTED_EDGE ( 'NONE', *, *, #6323, .F. ) ;
#826 = ORIENTED_EDGE ( 'NONE', *, *, #918, .F. ) ;
#827 = CARTESIAN_POINT ( 'NONE',  ( -1.320000000000000062, 4.500000000000003553, 0.3200000000000005618 ) ) ;
#828 = ADVANCED_FACE ( 'NONE', ( #2543, #3690, #960, #1941, #3651 ), #6285, .T. ) ;
#829 = EDGE_CURVE ( 'NONE', #4767, #1441, #4716, .T. ) ;
#830 = EDGE_CURVE ( 'NONE', #5804, #631, #6881, .T. ) ;
#831 = ORIENTED_EDGE ( 'NONE', *, *, #4776, .T. ) ;
#832 = CARTESIAN_POINT ( 'NONE',  ( -3.499999999999998224, 16.60000000000000142, 0.5999999999999996447 ) ) ;
#833 = DIRECTION ( 'NONE',  ( -0.000000000000000000, -0.000000000000000000, -1.000000000000000000 ) ) ;
#834 = FACE_OUTER_BOUND ( 'NONE', #4329, .T. ) ;
#835 = DIRECTION ( 'NONE',  ( -0.02980901962620877491, 0.3407186534216066209, -0.9396926207859096492 ) ) ;
#836 = EDGE_CURVE ( 'NONE', #3856, #423, #6595, .T. ) ;
#837 = EDGE_LOOP ( 'NONE', ( #4822, #1427, #594, #3064 ) ) ;
#838 = CARTESIAN_POINT ( 'NONE',  ( -3.319999999999999396, 9.700000000000001066, 0.1926104180068295701 ) ) ;
#839 = DIRECTION ( 'NONE',  ( 1.000000000000000000, 0.000000000000000000, 0.000000000000000000 ) ) ;
#840 = ORIENTED_EDGE ( 'NONE', *, *, #2927, .T. ) ;
#841 = VECTOR ( 'NONE', #6665, 1000.000000000000000 ) ;
#842 = CARTESIAN_POINT ( 'NONE',  ( 0.6800000000000000488, 4.000000000000003553, -0.3199999999999993960 ) ) ;
#843 = DIRECTION ( 'NONE',  ( 1.000000000000000000, 0.000000000000000000, 0.000000000000000000 ) ) ;
#844 = DIRECTION ( 'NONE',  ( 1.000000000000000000, 0.000000000000000000, 0.000000000000000000 ) ) ;
#845 = EDGE_CURVE ( 'NONE', #6963, #1196, #3763, .T. ) ;
#846 = AXIS2_PLACEMENT_3D ( 'NONE', #3168, #483, #4840 ) ;
#847 = ORIENTED_EDGE ( 'NONE', *, *, #6117, .F. ) ;
#848 = DIRECTION ( 'NONE',  ( -1.694065894508601171E-16, 0.000000000000000000, -1.000000000000000000 ) ) ;
#849 = DIRECTION ( 'NONE',  ( -1.000000000000000000, 0.000000000000000000, 1.694065894508601171E-16 ) ) ;
#850 = EDGE_CURVE ( 'NONE', #6697, #5613, #456, .T. ) ;
#851 = LINE ( 'NONE', #1859, #4965 ) ;
#852 = LINE ( 'NONE', #2531, #1117 ) ;
#853 = DIRECTION ( 'NONE',  ( -0.000000000000000000, -1.000000000000000000, -0.000000000000000000 ) ) ;
#854 = LINE ( 'NONE', #2990, #314 ) ;
#855 = CARTESIAN_POINT ( 'NONE',  ( -2.679999999999998384, -3.244220324641498898, 0.3200000000000005618 ) ) ;
#856 = EDGE_CURVE ( 'NONE', #975, #139, #3891, .T. ) ;
#857 = DIRECTION ( 'NONE',  ( 5.782411586589355667E-16, 0.000000000000000000, 1.000000000000000000 ) ) ;
#858 = DIRECTION ( 'NONE',  ( 0.000000000000000000, 0.000000000000000000, -1.000000000000000000 ) ) ;
#859 = ORIENTED_EDGE ( 'NONE', *, *, #3454, .F. ) ;
#860 = DIRECTION ( 'NONE',  ( -0.000000000000000000, -1.000000000000000000, -0.000000000000000000 ) ) ;
#861 = DIRECTION ( 'NONE',  ( -1.000000000000000000, 0.000000000000000000, 0.000000000000000000 ) ) ;
#862 = VERTEX_POINT ( 'NONE', #2149 ) ;
#863 = DIRECTION ( 'NONE',  ( 1.239088197126291310E-16, -0.000000000000000000, 1.000000000000000000 ) ) ;
#864 = EDGE_CURVE ( 'NONE', #6963, #3342, #3836, .T. ) ;
#865 = DIRECTION ( 'NONE',  ( -0.000000000000000000, -1.000000000000000000, -0.000000000000000000 ) ) ;
#866 = ORIENTED_EDGE ( 'NONE', *, *, #4907, .T. ) ;
#867 = LINE ( 'NONE', #1482, #1699 ) ;
#868 = LINE ( 'NONE', #807, #4371 ) ;
#869 = ORIENTED_EDGE ( 'NONE', *, *, #5465, .F. ) ;
#870 = VERTEX_POINT ( 'NONE', #603 ) ;
#871 = EDGE_CURVE ( 'NONE', #4410, #2920, #6027, .T. ) ;
#872 = DIRECTION ( 'NONE',  ( -0.08715574274765859608, -0.9961946980917454342, 0.000000000000000000 ) ) ;
#873 = DIRECTION ( 'NONE',  ( 1.694065894508601171E-16, -0.000000000000000000, 1.000000000000000000 ) ) ;
#874 =( LENGTH_UNIT ( ) NAMED_UNIT ( * ) SI_UNIT ( .MILLI., .METRE. ) );
#875 = VERTEX_POINT ( 'NONE', #5415 ) ;
#876 = VECTOR ( 'NONE', #5230, 1000.000000000000000 ) ;
#877 = EDGE_CURVE ( 'NONE', #5638, #5711, #25, .T. ) ;
#878 = DIRECTION ( 'NONE',  ( 0.000000000000000000, 1.000000000000000000, 0.000000000000000000 ) ) ;
#879 = DIRECTION ( 'NONE',  ( -0.02980901962620877491, -0.3407186534216066209, -0.9396926207859096492 ) ) ;
#880 = EDGE_CURVE ( 'NONE', #4014, #2616, #1140, .T. ) ;
#881 = DIRECTION ( 'NONE',  ( 1.445602896647341480E-15, 0.000000000000000000, -1.000000000000000000 ) ) ;
#882 = DIRECTION ( 'NONE',  ( 0.000000000000000000, 0.000000000000000000, 1.000000000000000000 ) ) ;
#883 = ORIENTED_EDGE ( 'NONE', *, *, #3954, .T. ) ;
#884 = ORIENTED_EDGE ( 'NONE', *, *, #4019, .F. ) ;
#885 = AXIS2_PLACEMENT_3D ( 'NONE', #2129, #4311, #3781 ) ;
#886 = AXIS2_PLACEMENT_3D ( 'NONE', #2682, #5847, #963 ) ;
#887 = CARTESIAN_POINT ( 'NONE',  ( -3.319999999999999840, 16.60000000000000142, -0.3199999999999993960 ) ) ;
#888 = DIRECTION ( 'NONE',  ( -0.000000000000000000, -1.000000000000000000, -0.000000000000000000 ) ) ;
#889 = PLANE ( 'NONE',  #669 ) ;
#890 =( GEOMETRIC_REPRESENTATION_CONTEXT ( 3 ) GLOBAL_UNCERTAINTY_ASSIGNED_CONTEXT ( ( #2733 ) ) GLOBAL_UNIT_ASSIGNED_CONTEXT ( ( #1158, #4278, #4560 ) ) REPRESENTATION_CONTEXT ( 'NONE', 'WORKASPACE' ) );
#891 = VECTOR ( 'NONE', #6492, 999.9999999999998863 ) ;
#892 = EDGE_CURVE ( 'NONE', #5821, #6709, #5985, .T. ) ;
#893 = ORIENTED_EDGE ( 'NONE', *, *, #6861, .T. ) ;
#894 = LINE ( 'NONE', #3073, #4118 ) ;
#895 = AXIS2_PLACEMENT_3D ( 'NONE', #109, #1762, #6272 ) ;
#896 = CYLINDRICAL_SURFACE ( 'NONE', #1853, 0.2999999999999999334 ) ;
#897 = DIRECTION ( 'NONE',  ( 1.694065894508601171E-16, -0.000000000000000000, 1.000000000000000000 ) ) ;
#898 = DIRECTION ( 'NONE',  ( 0.000000000000000000, -1.000000000000000000, 0.000000000000000000 ) ) ;
#899 = VECTOR ( 'NONE', #3084, 1000.000000000000000 ) ;
#900 = CARTESIAN_POINT ( 'NONE',  ( -2.570791076685688292, -1.050370056351370263, -0.3199999999999998956 ) ) ;
#901 = CIRCLE ( 'NONE', #6718, 0.2000000000000000944 ) ;
#902 = ORIENTED_EDGE ( 'NONE', *, *, #3972, .F. ) ;
#903 = LINE ( 'NONE', #385, #3290 ) ;
#904 = DIRECTION ( 'NONE',  ( -0.000000000000000000, -1.000000000000000000, -0.000000000000000000 ) ) ;
#905 = EDGE_LOOP ( 'NONE', ( #3823, #1685, #3415, #4902 ) ) ;
#906 = VERTEX_POINT ( 'NONE', #3174 ) ;
#907 = DIRECTION ( 'NONE',  ( 1.000000000000000000, 0.000000000000000000, -8.340016711426957754E-17 ) ) ;
#908 = PLANE ( 'NONE',  #2592 ) ;
#909 = AXIS2_PLACEMENT_3D ( 'NONE', #52, #134, #6631 ) ;
#910 = EDGE_CURVE ( 'NONE', #1499, #4740, #4959, .T. ) ;
#911 = ORIENTED_EDGE ( 'NONE', *, *, #3399, .F. ) ;
#912 = ADVANCED_FACE ( 'NONE', ( #3244 ), #2716, .F. ) ;
#913 = CIRCLE ( 'NONE', #6488, 0.3249999999999989009 ) ;
#914 = DIRECTION ( 'NONE',  ( 7.228014483236698528E-16, -0.000000000000000000, -1.000000000000000000 ) ) ;
#915 = CARTESIAN_POINT ( 'NONE',  ( -2.680000000000000160, 4.000000000000003553, 0.3200000000000004508 ) ) ;
#916 = DIRECTION ( 'NONE',  ( -1.000000000000000000, 0.000000000000000000, 1.694065894508601171E-16 ) ) ;
#917 = CARTESIAN_POINT ( 'NONE',  ( -3.499999999999998668, 16.60000000000000142, -2.400000000000001243 ) ) ;
#918 = EDGE_CURVE ( 'NONE', #7050, #2064, #5875, .T. ) ;
#919 = EDGE_LOOP ( 'NONE', ( #3320, #4185, #1748, #1807 ) ) ;
#920 = EDGE_CURVE ( 'NONE', #5544, #3856, #1573, .T. ) ;
#921 = DIRECTION ( 'NONE',  ( 0.000000000000000000, -0.000000000000000000, 1.000000000000000000 ) ) ;
#922 = DIRECTION ( 'NONE',  ( -0.9961946980917455452, -0.08715574274765794383, 0.000000000000000000 ) ) ;
#923 = DIRECTION ( 'NONE',  ( 1.000000000000000000, 0.000000000000000000, 0.000000000000000000 ) ) ;
#924 = FACE_OUTER_BOUND ( 'NONE', #3300, .T. ) ;
#925 = AXIS2_PLACEMENT_3D ( 'NONE', #3442, #1801, #5615 ) ;
#926 = EDGE_CURVE ( 'NONE', #4314, #5962, #6988, .T. ) ;
#927 = EDGE_LOOP ( 'NONE', ( #389, #1142, #2474, #5723 ) ) ;
#928 = DIRECTION ( 'NONE',  ( -1.445602896647341480E-15, 0.000000000000000000, -1.000000000000000000 ) ) ;
#929 = PLANE ( 'NONE',  #6474 ) ;
#930 = LINE ( 'NONE', #3108, #5363 ) ;
#931 = CARTESIAN_POINT ( 'NONE',  ( -3.319999999999999840, 4.000000000000000000, 0.3200000000000005618 ) ) ;
#932 = EDGE_CURVE ( 'NONE', #6936, #875, #3208, .T. ) ;
#933 = DIRECTION ( 'NONE',  ( 7.228014483236698528E-16, 0.000000000000000000, -1.000000000000000000 ) ) ;
#934 = DIRECTION ( 'NONE',  ( -1.000000000000000000, 0.000000000000000000, 0.000000000000000000 ) ) ;
#935 = VECTOR ( 'NONE', #4900, 1000.000000000000000 ) ;
#936 = ORIENTED_EDGE ( 'NONE', *, *, #5659, .F. ) ;
#937 = ORIENTED_EDGE ( 'NONE', *, *, #1756, .F. ) ;
#938 = CARTESIAN_POINT ( 'NONE',  ( -0.6800000000000000488, 4.000000000000003553, 0.3200000000000004508 ) ) ;
#939 = CARTESIAN_POINT ( 'NONE',  ( -2.399999999999997691, 16.60000000000000142, -5.500000000000001776 ) ) ;
#940 = ORIENTED_EDGE ( 'NONE', *, *, #6409, .T. ) ;
#941 = ORIENTED_EDGE ( 'NONE', *, *, #5377, .T. ) ;
#942 =( NAMED_UNIT ( * ) SI_UNIT ( $, .STERADIAN. ) SOLID_ANGLE_UNIT ( ) );
#943 = DIRECTION ( 'NONE',  ( 0.000000000000000000, -1.000000000000000000, 0.000000000000000000 ) ) ;
#944 = SURFACE_STYLE_FILL_AREA ( #6429 ) ;
#945 = ORIENTED_EDGE ( 'NONE', *, *, #6283, .F. ) ;
#946 = DIRECTION ( 'NONE',  ( 0.000000000000000000, 0.000000000000000000, 1.000000000000000000 ) ) ;
#947 = VERTEX_POINT ( 'NONE', #3281 ) ;
#948 = DIRECTION ( 'NONE',  ( 0.000000000000000000, 0.000000000000000000, 1.000000000000000000 ) ) ;
#949 = CYLINDRICAL_SURFACE ( 'NONE', #3980, 0.2500000000000002220 ) ;
#950 = LINE ( 'NONE', #2533, #4991 ) ;
#951 = VECTOR ( 'NONE', #2252, 1000.000000000000000 ) ;
#952 = VERTEX_POINT ( 'NONE', #7018 ) ;
#953 = DIRECTION ( 'NONE',  ( -1.000000000000000000, 0.000000000000000000, -0.000000000000000000 ) ) ;
#954 = DIRECTION ( 'NONE',  ( 0.000000000000000000, 0.000000000000000000, -1.000000000000000000 ) ) ;
#955 = CARTESIAN_POINT ( 'NONE',  ( -2.599999999999999645, 11.00000000000000000, -4.800000000000002487 ) ) ;
#956 = DIRECTION ( 'NONE',  ( 0.000000000000000000, 0.000000000000000000, -1.000000000000000000 ) ) ;
#957 = EDGE_CURVE ( 'NONE', #4089, #6121, #1543, .T. ) ;
#958 = ORIENTED_EDGE ( 'NONE', *, *, #6316, .F. ) ;
#959 = FACE_OUTER_BOUND ( 'NONE', #5992, .T. ) ;
#960 = FACE_BOUND ( 'NONE', #5585, .T. ) ;
#961 = PLANE ( 'NONE',  #5039 ) ;
#962 = DIRECTION ( 'NONE',  ( -1.000000000000000000, 0.000000000000000000, -7.885106708985496922E-16 ) ) ;
#963 = DIRECTION ( 'NONE',  ( -1.000000000000000000, 0.000000000000000000, -0.000000000000000000 ) ) ;
#964 = ADVANCED_FACE ( 'NONE', ( #491 ), #1682, .T. ) ;
#965 = LINE ( 'NONE', #6493, #2495 ) ;
#966 = VERTEX_POINT ( 'NONE', #4925 ) ;
#967 = DIRECTION ( 'NONE',  ( 8.545435842250280986E-17, -1.000000000000000000, 0.000000000000000000 ) ) ;
#968 = CARTESIAN_POINT ( 'NONE',  ( 3.499999999999999112, 16.60000000000000142, 1.499999999999998890 ) ) ;
#969 = VERTEX_POINT ( 'NONE', #57 ) ;
#970 = EDGE_LOOP ( 'NONE', ( #2248, #6172, #2782, #902 ) ) ;
#971 = DIRECTION ( 'NONE',  ( -0.000000000000000000, 1.000000000000000000, -0.000000000000000000 ) ) ;
#972 = SURFACE_SIDE_STYLE ('',( #5287 ) ) ;
#973 = DIRECTION ( 'NONE',  ( 0.000000000000000000, 1.000000000000000000, 0.000000000000000000 ) ) ;
#974 = EDGE_CURVE ( 'NONE', #1813, #6459, #901, .T. ) ;
#975 = VERTEX_POINT ( 'NONE', #6556 ) ;
#976 = CARTESIAN_POINT ( 'NONE',  ( -4.899999999999999467, 4.000000000000000000, -2.400000000000002132 ) ) ;
#977 = ORIENTED_EDGE ( 'NONE', *, *, #656, .T. ) ;
#978 = DIRECTION ( 'NONE',  ( -1.000000000000000000, 0.000000000000000000, 0.000000000000000000 ) ) ;
#979 = DIRECTION ( 'NONE',  ( -0.08715574274765922058, -0.9961946980917455452, 0.000000000000000000 ) ) ;
#980 = DIRECTION ( 'NONE',  ( -1.000000000000000000, 0.000000000000000000, 0.000000000000000000 ) ) ;
#981 = ORIENTED_EDGE ( 'NONE', *, *, #6714, .F. ) ;
#982 = ORIENTED_EDGE ( 'NONE', *, *, #561, .T. ) ;
#983 = CARTESIAN_POINT ( 'NONE',  ( -1.249999999999999778, 16.60000000000000142, 2.200000000000000178 ) ) ;
#984 = DIRECTION ( 'NONE',  ( -0.000000000000000000, -1.000000000000000000, -0.000000000000000000 ) ) ;
#986 = FACE_OUTER_BOUND ( 'NONE', #3622, .T. ) ;
#985 = AXIS2_PLACEMENT_3D ( 'NONE', #4992, #5523, #96 ) ;
#987 = DIRECTION ( 'NONE',  ( 0.000000000000000000, 0.000000000000000000, -1.000000000000000000 ) ) ;
#988 = AXIS2_PLACEMENT_3D ( 'NONE', #3198, #5368, #2135 ) ;
#989 = VECTOR ( 'NONE', #199, 1000.000000000000000 ) ;
#990 = ORIENTED_EDGE ( 'NONE', *, *, #165, .F. ) ;
#991 = EDGE_CURVE ( 'NONE', #6217, #1615, #1720, .T. ) ;
#992 = CARTESIAN_POINT ( 'NONE',  ( 5.500000000000000888, 15.59999999999999964, -1.650000000000007461 ) ) ;
#993 = CARTESIAN_POINT ( 'NONE',  ( 3.499999999999998224, 9.700000000000001066, -0.1926104180068285432 ) ) ;
#994 = ORIENTED_EDGE ( 'NONE', *, *, #3153, .T. ) ;
#995 = DIRECTION ( 'NONE',  ( 0.000000000000000000, 1.000000000000000000, -0.000000000000000000 ) ) ;
#996 = DIRECTION ( 'NONE',  ( 0.000000000000000000, 0.3420201433256653267, -0.9396926207859096492 ) ) ;
#997 = LINE ( 'NONE', #5349, #1464 ) ;
#998 = VECTOR ( 'NONE', #1629, 1000.000000000000000 ) ;
#999 = AXIS2_PLACEMENT_3D ( 'NONE', #3007, #6814, #5271 ) ;
#1000 = DIRECTION ( 'NONE',  ( -0.000000000000000000, -1.000000000000000000, -0.000000000000000000 ) ) ;
#1001 = AXIS2_PLACEMENT_3D ( 'NONE', #2885, #738, #6187 ) ;
#1002 = ORIENTED_EDGE ( 'NONE', *, *, #2703, .T. ) ;
#1003 = VECTOR ( 'NONE', #1843, 1000.000000000000000 ) ;
#1004 = EDGE_CURVE ( 'NONE', #3332, #3388, #6637, .T. ) ;
#1005 = DIRECTION ( 'NONE',  ( -0.4539904997395411423, 0.000000000000000000, 0.8910065241883706744 ) ) ;
#1006 = AXIS2_PLACEMENT_3D ( 'NONE', #1336, #3517, #263 ) ;
#1007 = DIRECTION ( 'NONE',  ( 1.000000000000000000, 0.000000000000000000, -1.694065894508601171E-16 ) ) ;
#1008 = ORIENTED_EDGE ( 'NONE', *, *, #3741, .T. ) ;
#1009 = ORIENTED_EDGE ( 'NONE', *, *, #171, .T. ) ;
#1010 = FACE_OUTER_BOUND ( 'NONE', #1754, .T. ) ;
#1011 = DIRECTION ( 'NONE',  ( 0.000000000000000000, 0.000000000000000000, -1.000000000000000000 ) ) ;
#1012 = VECTOR ( 'NONE', #1508, 1000.000000000000000 ) ;
#1013 = ORIENTED_EDGE ( 'NONE', *, *, #6396, .T. ) ;
#1014 = DIRECTION ( 'NONE',  ( -0.3998766018400037869, 0.8575381399957422435, 0.3236155771181815632 ) ) ;
#1015 = VERTEX_POINT ( 'NONE', #4024 ) ;
#1016 = CARTESIAN_POINT ( 'NONE',  ( -3.499999999999998224, 16.60000000000000142, -3.800000000000001599 ) ) ;
#1017 = AXIS2_PLACEMENT_3D ( 'NONE', #1606, #2598, #4258 ) ;
#1018 = CARTESIAN_POINT ( 'NONE',  ( 1.849999999999999645, 10.05000000000000071, -5.500000000000001776 ) ) ;
#1019 = CYLINDRICAL_SURFACE ( 'NONE', #2726, 2.000000000000000000 ) ;
#1020 = EDGE_CURVE ( 'NONE', #4282, #1208, #6477, .T. ) ;
#1021 = VECTOR ( 'NONE', #6448, 1000.000000000000000 ) ;
#1022 = VERTEX_POINT ( 'NONE', #2867 ) ;
#1023 = CARTESIAN_POINT ( 'NONE',  ( -0.8073895819931727891, -3.299999999999999822, 0.000000000000000000 ) ) ;
#1024 = LINE ( 'NONE', #4880, #2037 ) ;
#1025 = AXIS2_PLACEMENT_3D ( 'NONE', #4536, #4016, #6164 ) ;
#1026 = VECTOR ( 'NONE', #6973, 1000.000000000000000 ) ;
#1027 = ORIENTED_EDGE ( 'NONE', *, *, #3467, .T. ) ;
#1028 = DIRECTION ( 'NONE',  ( -5.782411586589354681E-16, 0.000000000000000000, 1.000000000000000000 ) ) ;
#1029 = CARTESIAN_POINT ( 'NONE',  ( 5.500000000000000888, 15.59999999999999964, -1.650000000000007461 ) ) ;
#1030 = VERTEX_POINT ( 'NONE', #2332 ) ;
#1031 = DIRECTION ( 'NONE',  ( -5.782411586589356653E-16, 0.000000000000000000, -1.000000000000000000 ) ) ;
#1032 = DIRECTION ( 'NONE',  ( -0.4539904997395411423, 0.000000000000000000, -0.8910065241883706744 ) ) ;
#1033 = FACE_OUTER_BOUND ( 'NONE', #4530, .T. ) ;
#1034 = VECTOR ( 'NONE', #5346, 1000.000000000000000 ) ;
#1035 = LINE ( 'NONE', #419, #2392 ) ;
#1036 = EDGE_CURVE ( 'NONE', #51, #5815, #2298, .T. ) ;
#1037 = ORIENTED_EDGE ( 'NONE', *, *, #5226, .F. ) ;
#1038 = DIRECTION ( 'NONE',  ( -1.000000000000000000, 0.000000000000000000, 1.445602896647341480E-15 ) ) ;
#1039 = CARTESIAN_POINT ( 'NONE',  ( 1.320000000000000062, -2.949999999999990852, 0.3200000000000005618 ) ) ;
#1040 = EDGE_LOOP ( 'NONE', ( #2125, #937, #6064, #2554 ) ) ;
#1041 = ORIENTED_EDGE ( 'NONE', *, *, #5034, .F. ) ;
#1042 = PLANE ( 'NONE',  #4738 ) ;
#1043 = DIRECTION ( 'NONE',  ( 1.000000000000000000, 0.000000000000000000, -2.891205793294679312E-16 ) ) ;
#1044 = LINE ( 'NONE', #3090, #2829 ) ;
#1045 = EDGE_CURVE ( 'NONE', #3506, #6088, #754, .T. ) ;
#1046 = ORIENTED_EDGE ( 'NONE', *, *, #5965, .T. ) ;
#1047 = DIRECTION ( 'NONE',  ( 1.000000000000000000, 0.000000000000000000, -1.694065894508601171E-16 ) ) ;
#1048 = ORIENTED_EDGE ( 'NONE', *, *, #871, .T. ) ;
#1049 = DIRECTION ( 'NONE',  ( 0.000000000000000000, -1.000000000000000000, 0.000000000000000000 ) ) ;
#1050 = DIRECTION ( 'NONE',  ( 0.000000000000000000, 0.000000000000000000, 1.000000000000000000 ) ) ;
#1051 = DIRECTION ( 'NONE',  ( 0.000000000000000000, -0.000000000000000000, -1.000000000000000000 ) ) ;
#1052 = ADVANCED_FACE ( 'NONE', ( #5108 ), #1216, .T. ) ;
#1053 = VERTEX_POINT ( 'NONE', #5635 ) ;
#1054 = EDGE_CURVE ( 'NONE', #5767, #1030, #5688, .T. ) ;
#1055 = EDGE_CURVE ( 'NONE', #1255, #51, #3468, .T. ) ;
#1056 = CARTESIAN_POINT ( 'NONE',  ( 1.150000000000000799, 16.60000000000000142, 2.899999999999999467 ) ) ;
#1057 = LINE ( 'NONE', #1504, #5073 ) ;
#1058 = CARTESIAN_POINT ( 'NONE',  ( -1.600000000000000755, 10.05000000000000071, -4.400000000000001243 ) ) ;
#1059 = ORIENTED_EDGE ( 'NONE', *, *, #400, .T. ) ;
#1060 = ADVANCED_FACE ( 'NONE', ( #684 ), #6597, .F. ) ;
#1061 = ADVANCED_FACE ( 'NONE', ( #1792 ), #103, .F. ) ;
#1062 = CIRCLE ( 'NONE', #3014, 2.000000000000000444 ) ;
#1063 = ORIENTED_EDGE ( 'NONE', *, *, #4351, .F. ) ;
#1064 = CARTESIAN_POINT ( 'NONE',  ( -1.250000000000000222, 4.000000000000000000, 2.200000000000000178 ) ) ;
#1065 = DIRECTION ( 'NONE',  ( 0.000000000000000000, 1.000000000000000000, 0.000000000000000000 ) ) ;
#1066 = ORIENTED_EDGE ( 'NONE', *, *, #2938, .F. ) ;
#1067 = DIRECTION ( 'NONE',  ( 0.000000000000000000, 0.000000000000000000, -1.000000000000000000 ) ) ;
#1068 = CARTESIAN_POINT ( 'NONE',  ( -1.649999999999999023, 7.900000000000000355, 1.499999999999999334 ) ) ;
#1069 = ORIENTED_EDGE ( 'NONE', *, *, #3789, .F. ) ;
#1070 = CARTESIAN_POINT ( 'NONE',  ( -2.350000000000000089, 7.900000000000000355, 1.499999999999999556 ) ) ;
#1071 = CARTESIAN_POINT ( 'NONE',  ( -1.049999999999999822, 16.60000000000000142, 2.000000000000000444 ) ) ;
#1072 = ORIENTED_EDGE ( 'NONE', *, *, #991, .F. ) ;
#1073 = DIRECTION ( 'NONE',  ( -0.9961946980917455452, -0.08715574274765794383, 0.000000000000000000 ) ) ;
#1074 = CARTESIAN_POINT ( 'NONE',  ( -2.680000000000001048, 9.700000000000001066, 0.3200000000000005618 ) ) ;
#1075 = ORIENTED_EDGE ( 'NONE', *, *, #6715, .T. ) ;
#1076 = ORIENTED_EDGE ( 'NONE', *, *, #6859, .T. ) ;
#1077 = CYLINDRICAL_SURFACE ( 'NONE', #6670, 0.9399999999999989475 ) ;
#1078 = SURFACE_STYLE_USAGE ( .BOTH. , #2772 ) ;
#1079 = CARTESIAN_POINT ( 'NONE',  ( -0.6800000000000000488, 4.000000000000000000, 0.3200000000000004508 ) ) ;
#1080 = VERTEX_POINT ( 'NONE', #5042 ) ;
#1081 = VECTOR ( 'NONE', #4675, 1000.000000000000000 ) ;
#1082 = LINE ( 'NONE', #2207, #1149 ) ;
#1083 = EDGE_CURVE ( 'NONE', #1235, #5452, #140, .T. ) ;
#1084 = ORIENTED_EDGE ( 'NONE', *, *, #5934, .T. ) ;
#1085 = ORIENTED_EDGE ( 'NONE', *, *, #4895, .T. ) ;
#1086 = DIRECTION ( 'NONE',  ( -0.000000000000000000, -1.000000000000000000, -0.000000000000000000 ) ) ;
#1087 = DIRECTION ( 'NONE',  ( -0.000000000000000000, -1.000000000000000000, -0.000000000000000000 ) ) ;
#1088 = LINE ( 'NONE', #7049, #4544 ) ;
#1089 = EDGE_CURVE ( 'NONE', #249, #4767, #1755, .T. ) ;
#1090 = EDGE_LOOP ( 'NONE', ( #2674, #5650, #2242, #5948 ) ) ;
#1091 = ORIENTED_EDGE ( 'NONE', *, *, #5081, .F. ) ;
#1092 = EDGE_CURVE ( 'NONE', #5638, #3241, #2405, .T. ) ;
#1093 = CARTESIAN_POINT ( 'NONE',  ( -2.950000000000000178, 9.799999999999998934, -5.280947501931113841 ) ) ;
#1094 = DIRECTION ( 'NONE',  ( -0.9396926207859093161, -0.3420201433256664925, -0.000000000000000000 ) ) ;
#1095 = LINE ( 'NONE', #3275, #5770 ) ;
#1096 = EDGE_LOOP ( 'NONE', ( #2695, #2318, #5276, #4167 ) ) ;
#1097 = VECTOR ( 'NONE', #1608, 1000.000000000000000 ) ;
#1098 = CARTESIAN_POINT ( 'NONE',  ( 2.600000000000000533, 11.00000000000000000, -3.800000000000001599 ) ) ;
#1099 = ORIENTED_EDGE ( 'NONE', *, *, #1367, .T. ) ;
#1100 = DIRECTION ( 'NONE',  ( 1.000000000000000000, 8.545435842250282219E-17, -0.000000000000000000 ) ) ;
#1101 = ORIENTED_EDGE ( 'NONE', *, *, #6309, .T. ) ;
#1102 = DIRECTION ( 'NONE',  ( 0.000000000000000000, -0.3420201433256664925, -0.9396926207859093161 ) ) ;
#1103 = DIRECTION ( 'NONE',  ( -0.000000000000000000, 0.000000000000000000, 1.000000000000000000 ) ) ;
#1104 = VECTOR ( 'NONE', #512, 1000.000000000000000 ) ;
#1105 = ORIENTED_EDGE ( 'NONE', *, *, #5111, .T. ) ;
#1106 = DIRECTION ( 'NONE',  ( -0.000000000000000000, 1.000000000000000000, -0.000000000000000000 ) ) ;
#1107 =( GEOMETRIC_REPRESENTATION_CONTEXT ( 3 ) GLOBAL_UNCERTAINTY_ASSIGNED_CONTEXT ( ( #2016 ) ) GLOBAL_UNIT_ASSIGNED_CONTEXT ( ( #4453, #6178, #1386 ) ) REPRESENTATION_CONTEXT ( 'NONE', 'WORKASPACE' ) );
#1108 = DIRECTION ( 'NONE',  ( 0.000000000000000000, 0.000000000000000000, -1.000000000000000000 ) ) ;
#1109 = VECTOR ( 'NONE', #29, 1000.000000000000000 ) ;
#1110 = ORIENTED_EDGE ( 'NONE', *, *, #5724, .F. ) ;
#1111 = VERTEX_POINT ( 'NONE', #4581 ) ;
#1112 = DIRECTION ( 'NONE',  ( -0.3236155771181827845, -0.8891264907159898145, -0.3236155771181826735 ) ) ;
#1113 = FACE_OUTER_BOUND ( 'NONE', #2367, .T. ) ;
#1114 = PLANE ( 'NONE',  #3752 ) ;
#1115 = EDGE_LOOP ( 'NONE', ( #3514, #2871, #2094, #1747 ) ) ;
#1116 = AXIS2_PLACEMENT_3D ( 'NONE', #6290, #1409, #6350 ) ;
#1117 = VECTOR ( 'NONE', #1860, 1000.000000000000000 ) ;
#1118 = CIRCLE ( 'NONE', #420, 0.9000000000000000222 ) ;
#1119 = ORIENTED_EDGE ( 'NONE', *, *, #2282, .T. ) ;
#1120 = DIRECTION ( 'NONE',  ( 0.000000000000000000, 0.000000000000000000, 1.000000000000000000 ) ) ;
#1121 = CARTESIAN_POINT ( 'NONE',  ( -2.710504509961679354, -2.895552180309383328, 0.3200000000000005618 ) ) ;
#1122 = ORIENTED_EDGE ( 'NONE', *, *, #4208, .F. ) ;
#1123 = CARTESIAN_POINT ( 'NONE',  ( 1.320000000000000062, 15.80509667991878153, 0.3200000000000005618 ) ) ;
#1124 = ADVANCED_FACE ( 'NONE', ( #6671 ), #1864, .T. ) ;
#1125 = CARTESIAN_POINT ( 'NONE',  ( -2.749999999999999556, 4.000000000000000000, 2.499999999999999556 ) ) ;
#1126 = VECTOR ( 'NONE', #2910, 1000.000000000000000 ) ;
#1127 = LINE ( 'NONE', #3307, #3621 ) ;
#1128 = EDGE_CURVE ( 'NONE', #181, #2603, #6708, .T. ) ;
#1129 = ORIENTED_EDGE ( 'NONE', *, *, #3324, .T. ) ;
#1130 = VERTEX_POINT ( 'NONE', #789 ) ;
#1131 = VECTOR ( 'NONE', #3644, 1000.000000000000000 ) ;
#1132 = CARTESIAN_POINT ( 'NONE',  ( 3.319999999999999396, 4.500000000000000888, 0.5999999999999996447 ) ) ;
#1133 = CARTESIAN_POINT ( 'NONE',  ( -2.349999999999999645, 16.60000000000000142, 2.099999999999999645 ) ) ;
#1134 = ORIENTED_EDGE ( 'NONE', *, *, #4858, .T. ) ;
#1135 = EDGE_CURVE ( 'NONE', #875, #6711, #5141, .T. ) ;
#1136 = DIRECTION ( 'NONE',  ( -1.000000000000000000, 0.000000000000000000, 0.000000000000000000 ) ) ;
#1137 = CIRCLE ( 'NONE', #563, 0.3000000000000007661 ) ;
#1138 = EDGE_CURVE ( 'NONE', #279, #3840, #175, .T. ) ;
#1139 = ORIENTED_EDGE ( 'NONE', *, *, #1896, .T. ) ;
#1140 = LINE ( 'NONE', #1098, #4894 ) ;
#1141 = CIRCLE ( 'NONE', #5914, 2.000000000000000444 ) ;
#1142 = ORIENTED_EDGE ( 'NONE', *, *, #5403, .F. ) ;
#1143 = CARTESIAN_POINT ( 'NONE',  ( 3.319999999999999840, 16.60000000000000142, -0.3199999999999995071 ) ) ;
#1144 = ORIENTED_EDGE ( 'NONE', *, *, #665, .T. ) ;
#1145 = ADVANCED_FACE ( 'NONE', ( #4088 ), #4125, .F. ) ;
#1146 = DIRECTION ( 'NONE',  ( -7.885106708985496922E-16, 0.000000000000000000, -1.000000000000000000 ) ) ;
#1147 = DIRECTION ( 'NONE',  ( 0.000000000000000000, 0.000000000000000000, -1.000000000000000000 ) ) ;
#1148 = ADVANCED_FACE ( 'NONE', ( #1503 ), #4612, .F. ) ;
#1149 = VECTOR ( 'NONE', #2777, 1000.000000000000000 ) ;
#1150 = ORIENTED_EDGE ( 'NONE', *, *, #4514, .T. ) ;
#1151 = LINE ( 'NONE', #4408, #5451 ) ;
#1152 = EDGE_CURVE ( 'NONE', #862, #251, #2537, .T. ) ;
#1153 = LINE ( 'NONE', #183, #6506 ) ;
#1154 = VECTOR ( 'NONE', #995, 1000.000000000000000 ) ;
#1155 = ORIENTED_EDGE ( 'NONE', *, *, #683, .F. ) ;
#1156 = VERTEX_POINT ( 'NONE', #6239 ) ;
#1157 = CARTESIAN_POINT ( 'NONE',  ( 1.649999999999999467, 7.900000000000000355, 1.499999999999999112 ) ) ;
#1158 =( LENGTH_UNIT ( ) NAMED_UNIT ( * ) SI_UNIT ( .MILLI., .METRE. ) );
#1159 = FILL_AREA_STYLE ('',( #3889 ) ) ;
#1160 = ORIENTED_EDGE ( 'NONE', *, *, #2938, .T. ) ;
#1161 = ORIENTED_EDGE ( 'NONE', *, *, #5889, .T. ) ;
#1162 = DIRECTION ( 'NONE',  ( 0.000000000000000000, 0.000000000000000000, -1.000000000000000000 ) ) ;
#1163 = DIRECTION ( 'NONE',  ( 0.000000000000000000, -0.000000000000000000, 1.000000000000000000 ) ) ;
#1164 = ORIENTED_EDGE ( 'NONE', *, *, #1777, .T. ) ;
#1165 = ORIENTED_EDGE ( 'NONE', *, *, #6157, .T. ) ;
#1166 = LINE ( 'NONE', #5025, #6732 ) ;
#1167 = CYLINDRICAL_SURFACE ( 'NONE', #2822, 0.7399999999999984368 ) ;
#1168 = DIRECTION ( 'NONE',  ( 0.000000000000000000, 0.000000000000000000, -1.000000000000000000 ) ) ;
#1169 = VERTEX_POINT ( 'NONE', #6777 ) ;
#1170 = EDGE_LOOP ( 'NONE', ( #1849, #3742, #6066, #2739, #2233, #3601, #6860, #6134, #5569, #647, #2167, #6291 ) ) ;
#1171 = LINE ( 'NONE', #1714, #7056 ) ;
#1172 = CARTESIAN_POINT ( 'NONE',  ( -2.870791076685689003, -1.050370056351370263, 0.3200000000000005618 ) ) ;
#1173 = PRODUCT_DEFINITION ( 'UNKNOWN', '', #2026, #6425 ) ;
#1174 = PLANE ( 'NONE',  #1797 ) ;
#1175 = VERTEX_POINT ( 'NONE', #4223 ) ;
#1176 = ORIENTED_EDGE ( 'NONE', *, *, #6058, .T. ) ;
#1177 = ORIENTED_EDGE ( 'NONE', *, *, #5351, .T. ) ;
#1178 = DIRECTION ( 'NONE',  ( 0.000000000000000000, 0.000000000000000000, -1.000000000000000000 ) ) ;
#1179 = ORIENTED_EDGE ( 'NONE', *, *, #3346, .F. ) ;
#1180 = AXIS2_PLACEMENT_3D ( 'NONE', #3704, #4608, #1394 ) ;
#1181 = PLANE ( 'NONE',  #6050 ) ;
#1182 = ADVANCED_FACE ( 'NONE', ( #4710 ), #5837, .F. ) ;
#1183 = ORIENTED_EDGE ( 'NONE', *, *, #3338, .F. ) ;
#1184 = DIRECTION ( 'NONE',  ( 0.000000000000000000, 1.000000000000000000, 0.000000000000000000 ) ) ;
#1185 = DIRECTION ( 'NONE',  ( -0.9961946980917455452, -0.08715574274765922058, 0.000000000000000000 ) ) ;
#1186 = AXIS2_PLACEMENT_3D ( 'NONE', #1023, #5869, #2034 ) ;
#1187 = EDGE_CURVE ( 'NONE', #1589, #6936, #2505, .T. ) ;
#1188 = EDGE_LOOP ( 'NONE', ( #2254, #5853, #1690, #3253 ) ) ;
#1189 = CARTESIAN_POINT ( 'NONE',  ( -1.320000000000000062, 0.000000000000000000, 0.3200000000000005618 ) ) ;
#1190 = DIRECTION ( 'NONE',  ( -2.891205793294679312E-16, -0.000000000000000000, -1.000000000000000000 ) ) ;
#1191 = ADVANCED_FACE ( 'NONE', ( #6335, #6905 ), #5204, .T. ) ;
#1192 = ORIENTED_EDGE ( 'NONE', *, *, #1020, .T. ) ;
#1193 = CARTESIAN_POINT ( 'NONE',  ( -3.499999999999998224, 16.60000000000000142, -3.800000000000001155 ) ) ;
#1194 = PLANE ( 'NONE',  #3757 ) ;
#1195 = ORIENTED_EDGE ( 'NONE', *, *, #3667, .T. ) ;
#1196 = VERTEX_POINT ( 'NONE', #1400 ) ;
#1197 = DIRECTION ( 'NONE',  ( -1.000000000000000000, -1.281815376337542148E-16, 0.000000000000000000 ) ) ;
#1198 = ORIENTED_EDGE ( 'NONE', *, *, #2861, .F. ) ;
#1199 = DIRECTION ( 'NONE',  ( -0.000000000000000000, 0.000000000000000000, 1.000000000000000000 ) ) ;
#1200 = ORIENTED_EDGE ( 'NONE', *, *, #3990, .T. ) ;
#1201 = ORIENTED_EDGE ( 'NONE', *, *, #1412, .T. ) ;
#1202 = FACE_OUTER_BOUND ( 'NONE', #527, .T. ) ;
#1203 = DIRECTION ( 'NONE',  ( -1.000000000000000000, -0.000000000000000000, 5.782411586589356653E-16 ) ) ;
#1204 = DIRECTION ( 'NONE',  ( 1.000000000000000000, 0.000000000000000000, -1.694065894508601171E-16 ) ) ;
#1205 = EDGE_CURVE ( 'NONE', #5482, #246, #3603, .T. ) ;
#1206 = EDGE_CURVE ( 'NONE', #2002, #1208, #1897, .T. ) ;
#1207 = VERTEX_POINT ( 'NONE', #5768 ) ;
#1208 = VERTEX_POINT ( 'NONE', #6876 ) ;
#1209 = LINE ( 'NONE', #2858, #6843 ) ;
#1210 = FACE_BOUND ( 'NONE', #509, .T. ) ;
#1211 = CARTESIAN_POINT ( 'NONE',  ( -1.192610418006829098, 9.700000000000001066, 0.5999999999999996447 ) ) ;
#1212 = VECTOR ( 'NONE', #3258, 1000.000000000000000 ) ;
#1213 = DIRECTION ( 'NONE',  ( 0.8910065241883707854, 0.000000000000000000, -0.4539904997395411979 ) ) ;
#1214 = ORIENTED_EDGE ( 'NONE', *, *, #2901, .T. ) ;
#1215 = ORIENTED_EDGE ( 'NONE', *, *, #2541, .T. ) ;
#1216 = PLANE ( 'NONE',  #2853 ) ;
#1217 = EDGE_LOOP ( 'NONE', ( #655, #2725, #5971, #5790 ) ) ;
#1218 = FILL_AREA_STYLE ('',( #2260 ) ) ;
#1219 = VERTEX_POINT ( 'NONE', #1998 ) ;
#1220 = FACE_OUTER_BOUND ( 'NONE', #196, .T. ) ;
#1221 = ADVANCED_FACE ( 'NONE', ( #1361 ), #3128, .F. ) ;
#1222 = CARTESIAN_POINT ( 'NONE',  ( -3.317564606778715230, -3.299999999999999822, 0.3200000000000005618 ) ) ;
#1223 = EDGE_CURVE ( 'NONE', #5783, #2589, #6810, .T. ) ;
#1224 = EDGE_LOOP ( 'NONE', ( #3447, #4467, #1795, #4078 ) ) ;
#1225 = DIRECTION ( 'NONE',  ( 0.000000000000000000, 0.000000000000000000, 1.000000000000000000 ) ) ;
#1226 = CARTESIAN_POINT ( 'NONE',  ( 1.320000000000000062, 9.349999999999997868, -0.3199999999999995071 ) ) ;
#1227 = ORIENTED_EDGE ( 'NONE', *, *, #4753, .F. ) ;
#1228 = CARTESIAN_POINT ( 'NONE',  ( -3.499999999999998224, 16.60000000000000142, 0.5999999999999996447 ) ) ;
#1229 = VECTOR ( 'NONE', #2780, 1000.000000000000000 ) ;
#1230 = CARTESIAN_POINT ( 'NONE',  ( 2.869649486113212689, -1.076516779175667793, 0.3200000000000005618 ) ) ;
#1231 = EDGE_CURVE ( 'NONE', #2451, #6566, #3538, .T. ) ;
#1232 = VERTEX_POINT ( 'NONE', #824 ) ;
#1233 = ORIENTED_EDGE ( 'NONE', *, *, #5685, .T. ) ;
#1234 = EDGE_CURVE ( 'NONE', #2199, #4845, #3100, .T. ) ;
#1235 = VERTEX_POINT ( 'NONE', #370 ) ;
#1236 = MECHANICAL_DESIGN_GEOMETRIC_PRESENTATION_REPRESENTATION (  '', ( #84 ), #1107 ) ;
#1237 = AXIS2_PLACEMENT_3D ( 'NONE', #6160, #4076, #4497 ) ;
#1238 = FACE_OUTER_BOUND ( 'NONE', #1710, .T. ) ;
#1239 = FACE_OUTER_BOUND ( 'NONE', #6115, .T. ) ;
#1240 = ORIENTED_EDGE ( 'NONE', *, *, #6841, .F. ) ;
#1241 = CARTESIAN_POINT ( 'NONE',  ( -3.419999999999998597, -0.4500000000000000111, -0.3199999999999998956 ) ) ;
#1242 = CARTESIAN_POINT ( 'NONE',  ( 5.500000000000000888, 14.09999999999999964, -1.650000000000007461 ) ) ;
#1243 = VECTOR ( 'NONE', #5014, 1000.000000000000000 ) ;
#1245 = VECTOR ( 'NONE', #373, 1000.000000000000000 ) ;
#1244 = CARTESIAN_POINT ( 'NONE',  ( -2.680000000000000160, 16.60000000000000142, 0.3200000000000004508 ) ) ;
#1246 = CLOSED_SHELL ( 'NONE', ( #1271, #5679, #4164, #5018, #6868, #724, #3462, #6667, #4162, #3931, #4553, #4017, #5721, #6127, #1440, #6497, #964, #4224, #4881, #2509, #5834, #6484, #5633, #4080, #6932, #3953, #518, #5166, #3476, #2323, #514, #2019, #1052, #2395, #4831, #3784, #5406, #6170, #6184, #5156, #1461, #600, #5496, #132, #5945, #5200, #6584, #3065, #1060, #6294, #1669, #5223, #730, #4659, #4291, #6604, #714, #1252, #1191, #828, #2473, #6677, #822, #1799, #6508, #5715, #4838, #5422, #7014, #2255, #1815, #2578, #602, #2429, #912, #5690, #5265, #1564, #5157, #167, #6635, #5872, #3240, #6063, #4475, #6920, #1484, #3223, #7070, #4344 ) ) ;
#1247 = EDGE_CURVE ( 'NONE', #3040, #3292, #2565, .T. ) ;
#1248 = VERTEX_POINT ( 'NONE', #278 ) ;
#1249 = VECTOR ( 'NONE', #821, 1000.000000000000000 ) ;
#1250 = CARTESIAN_POINT ( 'NONE',  ( -3.499999999999998668, 4.000000000000000000, 2.000000000000000000 ) ) ;
#1251 = DIRECTION ( 'NONE',  ( 0.000000000000000000, -0.000000000000000000, 1.000000000000000000 ) ) ;
#1252 = ADVANCED_FACE ( 'NONE', ( #2468 ), #4644, .T. ) ;
#1253 = VECTOR ( 'NONE', #4620, 1000.000000000000000 ) ;
#1254 = DIRECTION ( 'NONE',  ( -0.000000000000000000, -1.000000000000000000, -0.000000000000000000 ) ) ;
#1255 = VERTEX_POINT ( 'NONE', #2637 ) ;
#1256 = PLANE ( 'NONE',  #5445 ) ;
#1257 = AXIS2_PLACEMENT_3D ( 'NONE', #887, #6276, #308 ) ;
#1258 = VERTEX_POINT ( 'NONE', #515 ) ;
#1259 = DIRECTION ( 'NONE',  ( 0.000000000000000000, 0.000000000000000000, 1.000000000000000000 ) ) ;
#1260 = EDGE_LOOP ( 'NONE', ( #2826, #4, #7027, #5251 ) ) ;
#1261 =( NAMED_UNIT ( * ) PLANE_ANGLE_UNIT ( ) SI_UNIT ( $, .RADIAN. ) );
#1262 = EDGE_LOOP ( 'NONE', ( #2485, #1066, #178, #323 ) ) ;
#1263 = DIRECTION ( 'NONE',  ( 0.9396926207859093161, -0.3420201433256664925, 0.000000000000000000 ) ) ;
#1264 = AXIS2_PLACEMENT_3D ( 'NONE', #3386, #2898, #1251 ) ;
#1265 = VECTOR ( 'NONE', #3825, 1000.000000000000000 ) ;
#1266 = VERTEX_POINT ( 'NONE', #6019 ) ;
#1267 = PLANE ( 'NONE',  #3527 ) ;
#1268 = DIRECTION ( 'NONE',  ( -1.000000000000000000, 0.000000000000000000, 0.000000000000000000 ) ) ;
#1269 = ORIENTED_EDGE ( 'NONE', *, *, #3954, .F. ) ;
#1270 = DIRECTION ( 'NONE',  ( -1.000000000000000000, 8.545435842250282219E-17, 0.000000000000000000 ) ) ;
#1271 = ADVANCED_FACE ( 'NONE', ( #3754 ), #2410, .T. ) ;
#1272 = FACE_OUTER_BOUND ( 'NONE', #6317, .T. ) ;
#1273 = VECTOR ( 'NONE', #6987, 1000.000000000000000 ) ;
#1274 = VERTEX_POINT ( 'NONE', #7052 ) ;
#1275 = CARTESIAN_POINT ( 'NONE',  ( -1.249999999999999778, 4.000000000000000000, 2.499999999999999556 ) ) ;
#1276 = VECTOR ( 'NONE', #3854, 1000.000000000000000 ) ;
#1277 = CARTESIAN_POINT ( 'NONE',  ( 0.000000000000000000, 4.000000000000000000, 0.000000000000000000 ) ) ;
#1278 = ORIENTED_EDGE ( 'NONE', *, *, #2456, .F. ) ;
#1279 = ORIENTED_EDGE ( 'NONE', *, *, #6359, .T. ) ;
#1280 = LINE ( 'NONE', #2244, #2624 ) ;
#1281 = EDGE_CURVE ( 'NONE', #5815, #6088, #1674, .T. ) ;
#1282 = CARTESIAN_POINT ( 'NONE',  ( -2.570791076685688292, -1.050370056351370263, 0.3200000000000005618 ) ) ;
#1283 = VECTOR ( 'NONE', #5084, 1000.000000000000114 ) ;
#1284 = CARTESIAN_POINT ( 'NONE',  ( 3.317564606778715230, -3.299999999999999822, 0.3200000000000005618 ) ) ;
#1285 = ORIENTED_EDGE ( 'NONE', *, *, #3536, .F. ) ;
#1286 = MANIFOLD_SOLID_BREP ( 'Pin 3', #4663 ) ;
#1287 = EDGE_CURVE ( 'NONE', #2158, #4605, #3203, .T. ) ;
#1288 = LINE ( 'NONE', #3493, #5811 ) ;
#1289 =( GEOMETRIC_REPRESENTATION_CONTEXT ( 3 ) GLOBAL_UNCERTAINTY_ASSIGNED_CONTEXT ( ( #3523 ) ) GLOBAL_UNIT_ASSIGNED_CONTEXT ( ( #2368, #1261, #5078 ) ) REPRESENTATION_CONTEXT ( 'NONE', 'WORKASPACE' ) );
#1290 = CARTESIAN_POINT ( 'NONE',  ( 1.320000000000000062, 9.349999999999997868, 0.3200000000000005618 ) ) ;
#1291 = FACE_OUTER_BOUND ( 'NONE', #4377, .T. ) ;
#1292 = EDGE_CURVE ( 'NONE', #2130, #3815, #440, .T. ) ;
#1293 = DIRECTION ( 'NONE',  ( -0.3236155771181817298, 0.8891264907159904807, 0.3236155771181817298 ) ) ;
#1294 = VECTOR ( 'NONE', #4626, 1000.000000000000000 ) ;
#1295 = ORIENTED_EDGE ( 'NONE', *, *, #4670, .T. ) ;
#1296 = DIRECTION ( 'NONE',  ( 0.000000000000000000, 0.000000000000000000, 1.000000000000000000 ) ) ;
#1297 = EDGE_LOOP ( 'NONE', ( #2084, #1584, #4107, #3602 ) ) ;
#1298 = CARTESIAN_POINT ( 'NONE',  ( -3.499999999999998668, 16.60000000000000142, -2.400000000000001243 ) ) ;
#1299 = ORIENTED_EDGE ( 'NONE', *, *, #621, .T. ) ;
#1300 = CARTESIAN_POINT ( 'NONE',  ( -3.499999999999998668, 4.000000000000000000, -2.400000000000001243 ) ) ;
#1301 = FACE_OUTER_BOUND ( 'NONE', #4210, .T. ) ;
#1302 = EDGE_CURVE ( 'NONE', #6211, #657, #1536, .T. ) ;
#1303 = ORIENTED_EDGE ( 'NONE', *, *, #3055, .F. ) ;
#1304 = DIRECTION ( 'NONE',  ( -1.000000000000000000, 0.000000000000000000, 2.891205793294678326E-16 ) ) ;
#1305 = CARTESIAN_POINT ( 'NONE',  ( -1.362997016838920564E-16, 0.000000000000000000, -5.500000000000001776 ) ) ;
#1306 = ORIENTED_EDGE ( 'NONE', *, *, #422, .T. ) ;
#1307 = DIRECTION ( 'NONE',  ( 1.000000000000000000, -1.275531967630005492E-16, 0.000000000000000000 ) ) ;
#1308 = DIRECTION ( 'NONE',  ( -1.445602896647341480E-15, 0.000000000000000000, 1.000000000000000000 ) ) ;
#1309 = VERTEX_POINT ( 'NONE', #4839 ) ;
#1310 = DIRECTION ( 'NONE',  ( 0.000000000000000000, 1.000000000000000000, 0.000000000000000000 ) ) ;
#1311 = DIRECTION ( 'NONE',  ( 1.239088197126291310E-16, 0.000000000000000000, 1.000000000000000000 ) ) ;
#1312 = ORIENTED_EDGE ( 'NONE', *, *, #2874, .F. ) ;
#1313 = ORIENTED_EDGE ( 'NONE', *, *, #2313, .T. ) ;
#1314 = LINE ( 'NONE', #5654, #2413 ) ;
#1315 = DIRECTION ( 'NONE',  ( 0.000000000000000000, 0.000000000000000000, 1.000000000000000000 ) ) ;
#1316 = DIRECTION ( 'NONE',  ( 1.239088197126291310E-16, -0.000000000000000000, 1.000000000000000000 ) ) ;
#1317 = ORIENTED_EDGE ( 'NONE', *, *, #408, .F. ) ;
#1318 = EDGE_CURVE ( 'NONE', #3146, #2957, #6550, .T. ) ;
#1319 = DIRECTION ( 'NONE',  ( 1.000000000000000000, -0.000000000000000000, 0.000000000000000000 ) ) ;
#1320 = CARTESIAN_POINT ( 'NONE',  ( -1.320000000000000062, 4.000000000000000000, -0.3199999999999993960 ) ) ;
#1321 = CARTESIAN_POINT ( 'NONE',  ( 2.680000000000000160, 4.000000000000000000, 0.3200000000000005618 ) ) ;
#1322 = CARTESIAN_POINT ( 'NONE',  ( -2.599999999999999645, 11.00000000000000000, -3.800000000000001599 ) ) ;
#1323 = EDGE_CURVE ( 'NONE', #47, #2855, #108, .T. ) ;
#1324 = LINE ( 'NONE', #277, #4559 ) ;
#1325 = DIRECTION ( 'NONE',  ( 7.228014483236698528E-16, 0.000000000000000000, 1.000000000000000000 ) ) ;
#1326 = ORIENTED_EDGE ( 'NONE', *, *, #261, .T. ) ;
#1327 = LINE ( 'NONE', #3501, #6985 ) ;
#1328 = VERTEX_POINT ( 'NONE', #1056 ) ;
#1329 = LINE ( 'NONE', #252, #6013 ) ;
#1330 = VERTEX_POINT ( 'NONE', #3235 ) ;
#1331 = FACE_OUTER_BOUND ( 'NONE', #6136, .T. ) ;
#1332 = DIRECTION ( 'NONE',  ( -1.000000000000000000, 0.000000000000000000, 1.694065894508601171E-16 ) ) ;
#1333 = CYLINDRICAL_SURFACE ( 'NONE', #5090, 0.7999999999999999334 ) ;
#1334 = CARTESIAN_POINT ( 'NONE',  ( 3.499999999999998224, 16.60000000000000142, -3.800000000000001599 ) ) ;
#1335 = ORIENTED_EDGE ( 'NONE', *, *, #2611, .T. ) ;
#1336 = CARTESIAN_POINT ( 'NONE',  ( 3.499999999999997780, 0.000000000000000000, -2.400000000000002132 ) ) ;
#1337 = AXIS2_PLACEMENT_3D ( 'NONE', #6803, #5172, #1353 ) ;
#1338 = CARTESIAN_POINT ( 'NONE',  ( 1.172438898718060507, -3.355420793761980214, 0.1724388987180612010 ) ) ;
#1339 = ORIENTED_EDGE ( 'NONE', *, *, #3497, .F. ) ;
#1340 = ORIENTED_EDGE ( 'NONE', *, *, #4098, .F. ) ;
#1341 = DIRECTION ( 'NONE',  ( 0.000000000000000000, 1.000000000000000000, 0.000000000000000000 ) ) ;
#1342 = DIRECTION ( 'NONE',  ( 1.000000000000000000, -0.000000000000000000, -1.885568995626964287E-16 ) ) ;
#1343 = CIRCLE ( 'NONE', #4989, 0.2000000000000000944 ) ;
#1344 = VECTOR ( 'NONE', #5028, 1000.000000000000000 ) ;
#1345 = EDGE_LOOP ( 'NONE', ( #5177, #6235, #3349, #3607 ) ) ;
#1346 = EDGE_CURVE ( 'NONE', #6038, #6496, #4877, .T. ) ;
#1347 = CARTESIAN_POINT ( 'NONE',  ( -4.399999999999998579, 4.500000000000000888, 0.5999999999999995337 ) ) ;
#1348 = EDGE_CURVE ( 'NONE', #3257, #6077, #4343, .T. ) ;
#1349 = DIRECTION ( 'NONE',  ( -1.000000000000000000, 0.000000000000000000, 1.694065894508601171E-16 ) ) ;
#1351 = CARTESIAN_POINT ( 'NONE',  ( -3.499999999999998668, 4.000000000000000000, 2.000000000000000000 ) ) ;
#1350 = AXIS2_PLACEMENT_3D ( 'NONE', #4630, #5394, #471 ) ;
#1352 = VECTOR ( 'NONE', #5145, 1000.000000000000000 ) ;
#1353 = DIRECTION ( 'NONE',  ( 0.000000000000000000, 0.000000000000000000, 1.000000000000000000 ) ) ;
#1354 = AXIS2_PLACEMENT_3D ( 'NONE', #5174, #921, #5235 ) ;
#1355 = EDGE_CURVE ( 'NONE', #5452, #6936, #5446, .T. ) ;
#1356 = DIRECTION ( 'NONE',  ( 0.000000000000000000, 0.000000000000000000, 1.000000000000000000 ) ) ;
#1357 = AXIS2_PLACEMENT_3D ( 'NONE', #1580, #531, #2156 ) ;
#1358 = AXIS2_PLACEMENT_3D ( 'NONE', #34, #465, #2652 ) ;
#1359 = ORIENTED_EDGE ( 'NONE', *, *, #4301, .F. ) ;
#1360 = ORIENTED_EDGE ( 'NONE', *, *, #6117, .T. ) ;
#1361 = FACE_OUTER_BOUND ( 'NONE', #619, .T. ) ;
#1362 = EDGE_CURVE ( 'NONE', #2064, #3452, #20, .T. ) ;
#1363 = VERTEX_POINT ( 'NONE', #2859 ) ;
#1364 = DIRECTION ( 'NONE',  ( -0.000000000000000000, -1.000000000000000000, -0.000000000000000000 ) ) ;
#1365 = EDGE_LOOP ( 'NONE', ( #3571, #1450, #1037, #1384 ) ) ;
#1366 = CARTESIAN_POINT ( 'NONE',  ( 1.599999999999999645, 14.00000000000000000, -5.500000000000001776 ) ) ;
#1367 = EDGE_CURVE ( 'NONE', #2325, #3292, #5016, .T. ) ;
#1368 = VECTOR ( 'NONE', #3003, 1000.000000000000000 ) ;
#1369 = ORIENTED_EDGE ( 'NONE', *, *, #5190, .T. ) ;
#1370 = CARTESIAN_POINT ( 'NONE',  ( 3.499999999999999112, 4.500000000000000888, 1.499999999999998890 ) ) ;
#1371 = VECTOR ( 'NONE', #5556, 1000.000000000000000 ) ;
#1372 = CARTESIAN_POINT ( 'NONE',  ( -3.319999999999999396, 9.700000000000001066, -0.1926104180068289318 ) ) ;
#1373 = ORIENTED_EDGE ( 'NONE', *, *, #4012, .F. ) ;
#1374 = CARTESIAN_POINT ( 'NONE',  ( 2.350000000000000977, 16.60000000000000142, 1.499999999999998668 ) ) ;
#1375 = EDGE_CURVE ( 'NONE', #2603, #3366, #1171, .T. ) ;
#1376 = CARTESIAN_POINT ( 'NONE',  ( -2.950000000000000178, 9.799999999999998934, -5.500000000000001776 ) ) ;
#1377 = VECTOR ( 'NONE', #3456, 1000.000000000000000 ) ;
#1378 = EDGE_CURVE ( 'NONE', #2685, #6424, #3350, .T. ) ;
#1379 = VERTEX_POINT ( 'NONE', #6090 ) ;
#1380 = DIRECTION ( 'NONE',  ( -0.000000000000000000, -1.000000000000000000, -0.000000000000000000 ) ) ;
#1381 = EDGE_CURVE ( 'NONE', #4962, #266, #4988, .T. ) ;
#1382 = LINE ( 'NONE', #5188, #6517 ) ;
#1383 = VERTEX_POINT ( 'NONE', #4427 ) ;
#1384 = ORIENTED_EDGE ( 'NONE', *, *, #6423, .T. ) ;
#1385 = VECTOR ( 'NONE', #928, 1000.000000000000000 ) ;
#1386 =( NAMED_UNIT ( * ) SI_UNIT ( $, .STERADIAN. ) SOLID_ANGLE_UNIT ( ) );
#1387 = LINE ( 'NONE', #236, #5886 ) ;
#1388 = LINE ( 'NONE', #3459, #3274 ) ;
#1389 = EDGE_CURVE ( 'NONE', #906, #390, #1858, .T. ) ;
#1390 = AXIS2_PLACEMENT_3D ( 'NONE', #3385, #1749, #6739 ) ;
#1391 = EDGE_LOOP ( 'NONE', ( #5305, #4993, #6030, #1215 ) ) ;
#1392 = CARTESIAN_POINT ( 'NONE',  ( -2.570791076685688292, -1.050370056351370263, -0.3199999999999998956 ) ) ;
#1393 = CARTESIAN_POINT ( 'NONE',  ( -2.570791076685688292, -1.050370056351370263, -0.3199999999999998956 ) ) ;
#1394 = DIRECTION ( 'NONE',  ( 0.000000000000000000, 0.000000000000000000, -1.000000000000000000 ) ) ;
#1395 = VECTOR ( 'NONE', #833, 1000.000000000000000 ) ;
#1396 = LINE ( 'NONE', #3568, #2702 ) ;
#1397 = FACE_OUTER_BOUND ( 'NONE', #2650, .T. ) ;
#1398 = ORIENTED_EDGE ( 'NONE', *, *, #530, .T. ) ;
#1399 = EDGE_CURVE ( 'NONE', #2064, #2616, #2293, .T. ) ;
#1400 = CARTESIAN_POINT ( 'NONE',  ( -1.192610418006829098, 9.700000000000001066, 0.1926104180068295701 ) ) ;
#1401 = CARTESIAN_POINT ( 'NONE',  ( -2.710504509961679354, -2.895552180309382884, 0.3200000000000005618 ) ) ;
#1402 = DIRECTION ( 'NONE',  ( -0.3236155771181827845, -0.8891264907159898145, 0.3236155771181827845 ) ) ;
#1403 = ORIENTED_EDGE ( 'NONE', *, *, #3097, .T. ) ;
#1404 = EDGE_CURVE ( 'NONE', #7050, #808, #632, .T. ) ;
#1405 = CARTESIAN_POINT ( 'NONE',  ( 0.000000000000000000, 4.000000000000000000, 0.000000000000000000 ) ) ;
#1406 = CARTESIAN_POINT ( 'NONE',  ( 3.499999999999999112, 16.60000000000000142, -3.800000000000001155 ) ) ;
#1407 = ORIENTED_EDGE ( 'NONE', *, *, #5302, .T. ) ;
#1408 = CARTESIAN_POINT ( 'NONE',  ( -0.6800000000000000488, 4.000000000000000000, 0.3200000000000004508 ) ) ;
#1409 = DIRECTION ( 'NONE',  ( 0.000000000000000000, 1.000000000000000000, 0.000000000000000000 ) ) ;
#1410 = EDGE_CURVE ( 'NONE', #6038, #4688, #6165, .T. ) ;
#1411 = ORIENTED_EDGE ( 'NONE', *, *, #6941, .T. ) ;
#1412 = EDGE_CURVE ( 'NONE', #4135, #2956, #204, .T. ) ;
#1413 = CARTESIAN_POINT ( 'NONE',  ( 2.710504509961679354, -2.895552180309383328, 0.3200000000000005618 ) ) ;
#1414 = DIRECTION ( 'NONE',  ( -0.000000000000000000, -1.000000000000000000, -0.000000000000000000 ) ) ;
#1415 = ORIENTED_EDGE ( 'NONE', *, *, #3424, .T. ) ;
#1416 = VERTEX_POINT ( 'NONE', #4576 ) ;
#1417 = LINE ( 'NONE', #3590, #417 ) ;
#1418 = CARTESIAN_POINT ( 'NONE',  ( -2.350000000000000089, 7.900000000000000355, 1.499999999999999556 ) ) ;
#1419 = APPLICATION_PROTOCOL_DEFINITION ( 'draft international standard', 'automotive_design', 1998, #5645 ) ;
#1420 = VECTOR ( 'NONE', #2074, 1000.000000000000000 ) ;
#1421 = ORIENTED_EDGE ( 'NONE', *, *, #6189, .T. ) ;
#1422 = FACE_OUTER_BOUND ( 'NONE', #2790, .T. ) ;
#1423 = LINE ( 'NONE', #3595, #2059 ) ;
#1424 = CARTESIAN_POINT ( 'NONE',  ( 5.500000000000001776, 14.09999999999999964, -0.1500000000000074885 ) ) ;
#1425 = CARTESIAN_POINT ( 'NONE',  ( -2.680000000000000160, 16.60000000000000142, 0.3200000000000004508 ) ) ;
#1426 = ORIENTED_EDGE ( 'NONE', *, *, #5605, .F. ) ;
#1427 = ORIENTED_EDGE ( 'NONE', *, *, #5389, .T. ) ;
#1428 = CARTESIAN_POINT ( 'NONE',  ( -3.338345295835161597, -0.5077278900337856005, 0.3200000000000005618 ) ) ;
#1429 = DIRECTION ( 'NONE',  ( 0.000000000000000000, 0.000000000000000000, 1.000000000000000000 ) ) ;
#1430 = LINE ( 'NONE', #2443, #1352 ) ;
#1431 = CONICAL_SURFACE ( 'NONE', #2924, 0.3249999999999989009, 0.7853981633974539411 ) ;
#1432 = VERTEX_POINT ( 'NONE', #3463 ) ;
#1433 = CARTESIAN_POINT ( 'NONE',  ( 4.399999999999998579, 4.500000000000000888, -2.400000000000003020 ) ) ;
#1434 = ORIENTED_EDGE ( 'NONE', *, *, #4618, .T. ) ;
#1435 = DIRECTION ( 'NONE',  ( 1.000000000000000000, 0.000000000000000000, 0.000000000000000000 ) ) ;
#1436 = LINE ( 'NONE', #6915, #235 ) ;
#1437 = EDGE_LOOP ( 'NONE', ( #3154, #6921, #3486, #1598 ) ) ;
#1438 = CARTESIAN_POINT ( 'NONE',  ( -1.649999999999999023, 16.60000000000000142, 1.499999999999999556 ) ) ;
#1439 = CARTESIAN_POINT ( 'NONE',  ( 1.649999999999999467, 16.60000000000000142, 1.499999999999999112 ) ) ;
#1440 = ADVANCED_FACE ( 'NONE', ( #597, #4471, #1210, #2327, #2815, #2784 ), #6740, .F. ) ;
#1441 = VERTEX_POINT ( 'NONE', #4500 ) ;
#1442 = DIRECTION ( 'NONE',  ( 1.000000000000000000, 0.000000000000000000, 0.000000000000000000 ) ) ;
#1443 = LINE ( 'NONE', #4726, #1511 ) ;
#1444 = EDGE_LOOP ( 'NONE', ( #239, #6606, #6895, #159 ) ) ;
#1445 = UNCERTAINTY_MEASURE_WITH_UNIT (LENGTH_MEASURE( 1.000000000000000082E-05 ), #5374, 'distance_accuracy_value', 'NONE');
#1446 = LINE ( 'NONE', #4699, #2834 ) ;
#1447 = CARTESIAN_POINT ( 'NONE',  ( 2.680000000000000160, 4.000000000000003553, -0.3199999999999993960 ) ) ;
#1448 =( NAMED_UNIT ( * ) SI_UNIT ( $, .STERADIAN. ) SOLID_ANGLE_UNIT ( ) );
#1449 = EDGE_CURVE ( 'NONE', #4163, #4613, #2399, .T. ) ;
#1450 = ORIENTED_EDGE ( 'NONE', *, *, #4054, .T. ) ;
#1451 = AXIS2_PLACEMENT_3D ( 'NONE', #6984, #3169, #2035 ) ;
#1452 = DIRECTION ( 'NONE',  ( 1.000000000000000000, 0.000000000000000000, -0.000000000000000000 ) ) ;
#1453 = LINE ( 'NONE', #3027, #689 ) ;
#1454 = CARTESIAN_POINT ( 'NONE',  ( -0.6800000000000000488, 15.80509667991878153, -0.3199999999999995071 ) ) ;
#1455 = AXIS2_PLACEMENT_3D ( 'NONE', #5129, #5625, #2922 ) ;
#1457 = CARTESIAN_POINT ( 'NONE',  ( 4.399999999999998579, 4.500000000000000888, -2.400000000000003020 ) ) ;
#1456 = VECTOR ( 'NONE', #3971, 1000.000000000000000 ) ;
#1458 = EDGE_CURVE ( 'NONE', #163, #2288, #1787, .T. ) ;
#1459 = ORIENTED_EDGE ( 'NONE', *, *, #6225, .F. ) ;
#1460 = EDGE_CURVE ( 'NONE', #2091, #5413, #2362, .T. ) ;
#1461 = ADVANCED_FACE ( 'NONE', ( #6124 ), #6200, .T. ) ;
#1462 = CARTESIAN_POINT ( 'NONE',  ( 3.499999999999999112, 16.60000000000000142, 1.499999999999998890 ) ) ;
#1463 = AXIS2_PLACEMENT_3D ( 'NONE', #6896, #4147, #4730 ) ;
#1464 = VECTOR ( 'NONE', #529, 1000.000000000000000 ) ;
#1465 = CARTESIAN_POINT ( 'NONE',  ( 2.600000000000000533, 11.00000000000000000, -3.300000000000002487 ) ) ;
#1466 = CYLINDRICAL_SURFACE ( 'NONE', #4722, 1.400000000000000133 ) ;
#1467 = CARTESIAN_POINT ( 'NONE',  ( -2.710504509961679354, -2.895552180309382884, 0.3200000000000005618 ) ) ;
#1468 = VECTOR ( 'NONE', #6825, 1000.000000000000000 ) ;
#1469 = VECTOR ( 'NONE', #4256, 1000.000000000000114 ) ;
#1470 = VERTEX_POINT ( 'NONE', #6589 ) ;
#1471 = CARTESIAN_POINT ( 'NONE',  ( 0.6800000000000000488, -2.949999999999990852, -0.3199999999999995071 ) ) ;
#1472 = DIRECTION ( 'NONE',  ( -0.3998766018400037869, -0.8575381399957422435, 0.3236155771181815632 ) ) ;
#1473 = ORIENTED_EDGE ( 'NONE', *, *, #6547, .T. ) ;
#1474 = CIRCLE ( 'NONE', #4882, 1.400000000000000799 ) ;
#1475 = CARTESIAN_POINT ( 'NONE',  ( 0.6800000000000000488, 4.000000000000000000, 0.3200000000000005618 ) ) ;
#1476 = LINE ( 'NONE', #5846, #1491 ) ;
#1477 = DIRECTION ( 'NONE',  ( 1.445602896647341480E-15, -0.000000000000000000, 1.000000000000000000 ) ) ;
#1478 = VECTOR ( 'NONE', #6354, 1000.000000000000000 ) ;
#1479 = DIRECTION ( 'NONE',  ( 0.000000000000000000, 0.000000000000000000, 1.000000000000000000 ) ) ;
#1480 = VECTOR ( 'NONE', #3804, 1000.000000000000000 ) ;
#1481 = ORIENTED_EDGE ( 'NONE', *, *, #2795, .T. ) ;
#1482 = CARTESIAN_POINT ( 'NONE',  ( -4.899999999999999467, 16.60000000000000142, -2.400000000000002576 ) ) ;
#1483 = DIRECTION ( 'NONE',  ( -0.000000000000000000, -1.000000000000000000, -0.000000000000000000 ) ) ;
#1484 = ADVANCED_FACE ( 'NONE', ( #3904 ), #6055, .T. ) ;
#1485 = ORIENTED_EDGE ( 'NONE', *, *, #6367, .F. ) ;
#1486 = ORIENTED_EDGE ( 'NONE', *, *, #6578, .T. ) ;
#1487 = LINE ( 'NONE', #1916, #2268 ) ;
#1488 = DIRECTION ( 'NONE',  ( 1.000000000000000000, 0.000000000000000000, -0.000000000000000000 ) ) ;
#1489 = VECTOR ( 'NONE', #2749, 1000.000000000000114 ) ;
#1490 = ORIENTED_EDGE ( 'NONE', *, *, #1791, .T. ) ;
#1491 = VECTOR ( 'NONE', #6884, 1000.000000000000000 ) ;
#1492 = CARTESIAN_POINT ( 'NONE',  ( -1.047142365151673360, 4.000000000000000000, -3.800000000000001599 ) ) ;
#1493 = ADVANCED_FACE ( 'NONE', ( #2560 ), #5135, .T. ) ;
#1494 = ORIENTED_EDGE ( 'NONE', *, *, #1701, .F. ) ;
#1495 = DIRECTION ( 'NONE',  ( 0.000000000000000000, 0.000000000000000000, -1.000000000000000000 ) ) ;
#1496 = CARTESIAN_POINT ( 'NONE',  ( 1.047142365151673360, 4.000000000000000000, -3.800000000000001599 ) ) ;
#1497 = CARTESIAN_POINT ( 'NONE',  ( 0.000000000000000000, 7.900000000000000355, 0.000000000000000000 ) ) ;
#1498 = AXIS2_PLACEMENT_3D ( 'NONE', #4211, #3632, #3092 ) ;
#1499 = VERTEX_POINT ( 'NONE', #4117 ) ;
#1500 = LINE ( 'NONE', #6006, #3638 ) ;
#1501 = VECTOR ( 'NONE', #3806, 1000.000000000000000 ) ;
#1502 = ADVANCED_FACE ( 'NONE', ( #1993 ), #5198, .F. ) ;
#1503 = FACE_OUTER_BOUND ( 'NONE', #2170, .T. ) ;
#1504 = CARTESIAN_POINT ( 'NONE',  ( 3.205951552079192357, 9.663345535386262952, -0.2059515520791930510 ) ) ;
#1505 = DIRECTION ( 'NONE',  ( 0.000000000000000000, 0.000000000000000000, 1.000000000000000000 ) ) ;
#1506 = ORIENTED_EDGE ( 'NONE', *, *, #5191, .T. ) ;
#1507 = DIRECTION ( 'NONE',  ( 1.694065894508601171E-16, -0.000000000000000000, 1.000000000000000000 ) ) ;
#1508 = DIRECTION ( 'NONE',  ( -0.000000000000000000, -1.000000000000000000, -0.000000000000000000 ) ) ;
#1509 = ORIENTED_EDGE ( 'NONE', *, *, #3216, .T. ) ;
#1510 = CARTESIAN_POINT ( 'NONE',  ( -2.679999999999999716, -0.4500000000000000111, 0.3200000000000005618 ) ) ;
#1511 = VECTOR ( 'NONE', #291, 1000.000000000000000 ) ;
#1512 = CARTESIAN_POINT ( 'NONE',  ( 1.320000000000000062, 16.60000000000000142, 0.3200000000000004508 ) ) ;
#1513 = CARTESIAN_POINT ( 'NONE',  ( 2.350000000000000977, 7.900000000000000355, 1.499999999999998668 ) ) ;
#1514 = CARTESIAN_POINT ( 'NONE',  ( -3.499999999999998224, 16.60000000000000142, -3.300000000000001155 ) ) ;
#1515 = ADVANCED_FACE ( 'NONE', ( #299 ), #4182, .F. ) ;
#1516 = ORIENTED_EDGE ( 'NONE', *, *, #2896, .T. ) ;
#1517 = FACE_OUTER_BOUND ( 'NONE', #6095, .T. ) ;
#1518 = DIRECTION ( 'NONE',  ( 0.000000000000000000, 1.000000000000000000, -0.000000000000000000 ) ) ;
#1519 = ORIENTED_EDGE ( 'NONE', *, *, #7065, .T. ) ;
#1520 = ORIENTED_EDGE ( 'NONE', *, *, #609, .F. ) ;
#1521 = DIRECTION ( 'NONE',  ( -0.000000000000000000, -1.000000000000000000, -0.000000000000000000 ) ) ;
#1522 = CARTESIAN_POINT ( 'NONE',  ( -2.950000000000000178, 9.799999999999998934, -5.280947501931113841 ) ) ;
#1523 = DIRECTION ( 'NONE',  ( -1.000000000000000000, 0.000000000000000000, 0.000000000000000000 ) ) ;
#1524 =( LENGTH_UNIT ( ) NAMED_UNIT ( * ) SI_UNIT ( .MILLI., .METRE. ) );
#1525 = ORIENTED_EDGE ( 'NONE', *, *, #2768, .F. ) ;
#1526 = PLANE ( 'NONE',  #118 ) ;
#1527 = ORIENTED_EDGE ( 'NONE', *, *, #4477, .F. ) ;
#1528 = DIRECTION ( 'NONE',  ( -0.2448916424500621192, 0.9139480519726366214, 0.3236155771181816743 ) ) ;
#1529 = EDGE_CURVE ( 'NONE', #4177, #4302, #804, .T. ) ;
#1530 = LINE ( 'NONE', #4737, #3155 ) ;
#1531 = DIRECTION ( 'NONE',  ( -0.000000000000000000, -1.000000000000000000, -0.000000000000000000 ) ) ;
#1532 = AXIS2_PLACEMENT_3D ( 'NONE', #5978, #1094, #1675 ) ;
#1533 = ADVANCED_FACE ( 'NONE', ( #6771 ), #6228, .F. ) ;
#1534 = ORIENTED_EDGE ( 'NONE', *, *, #6274, .T. ) ;
#1535 = CARTESIAN_POINT ( 'NONE',  ( -2.869649486113213133, -1.076516779175668015, 0.3200000000000005618 ) ) ;
#1536 = LINE ( 'NONE', #4363, #3535 ) ;
#1537 = LINE ( 'NONE', #2600, #488 ) ;
#1538 = EDGE_CURVE ( 'NONE', #3032, #5286, #4231, .T. ) ;
#1539 = DIRECTION ( 'NONE',  ( 1.000000000000000000, 0.000000000000000000, 0.000000000000000000 ) ) ;
#1540 = EDGE_CURVE ( 'NONE', #192, #5613, #3530, .T. ) ;
#1541 = ORIENTED_EDGE ( 'NONE', *, *, #4564, .F. ) ;
#1542 = PLANE ( 'NONE',  #6273 ) ;
#1543 = LINE ( 'NONE', #5453, #4010 ) ;
#1544 = DIRECTION ( 'NONE',  ( 0.3998766018400037869, -0.8575381399957422435, 0.3236155771181815632 ) ) ;
#1545 = CARTESIAN_POINT ( 'NONE',  ( -2.680000000000000160, 4.000000000000000000, 0.3200000000000004508 ) ) ;
#1546 = LINE ( 'NONE', #4785, #4661 ) ;
#1547 = DIRECTION ( 'NONE',  ( 0.000000000000000000, -1.000000000000000000, 0.000000000000000000 ) ) ;
#1548 = ORIENTED_EDGE ( 'NONE', *, *, #6734, .T. ) ;
#1549 = EDGE_CURVE ( 'NONE', #4407, #5634, #1137, .T. ) ;
#1550 = ORIENTED_EDGE ( 'NONE', *, *, #4981, .T. ) ;
#1551 = LINE ( 'NONE', #4662, #3063 ) ;
#1552 = CARTESIAN_POINT ( 'NONE',  ( -3.499999999999998224, 16.60000000000000142, -3.800000000000001155 ) ) ;
#1553 = ORIENTED_EDGE ( 'NONE', *, *, #1378, .F. ) ;
#1554 = ORIENTED_EDGE ( 'NONE', *, *, #2434, .T. ) ;
#1555 = LINE ( 'NONE', #6968, #634 ) ;
#1556 = SURFACE_STYLE_FILL_AREA ( #6570 ) ;
#1557 = DIRECTION ( 'NONE',  ( 0.000000000000000000, 0.000000000000000000, 1.000000000000000000 ) ) ;
#1558 = ORIENTED_EDGE ( 'NONE', *, *, #380, .F. ) ;
#1559 = DIRECTION ( 'NONE',  ( -0.000000000000000000, -0.000000000000000000, -1.000000000000000000 ) ) ;
#1560 = CARTESIAN_POINT ( 'NONE',  ( 5.500000000000001776, 15.59999999999999964, -0.1500000000000074885 ) ) ;
#1561 = DIRECTION ( 'NONE',  ( 0.000000000000000000, 0.000000000000000000, -1.000000000000000000 ) ) ;
#1562 = DIRECTION ( 'NONE',  ( -0.000000000000000000, -1.000000000000000000, -0.000000000000000000 ) ) ;
#1563 = VERTEX_POINT ( 'NONE', #273 ) ;
#1564 = ADVANCED_FACE ( 'NONE', ( #2529 ), #3566, .F. ) ;
#1565 = CARTESIAN_POINT ( 'NONE',  ( -3.099336854970508703, 9.839936224663734521, -5.103016174012678263 ) ) ;
#1567 = CARTESIAN_POINT ( 'NONE',  ( -1.199999999999999734, 4.000000000000000000, -4.100000000000002309 ) ) ;
#1566 = VECTOR ( 'NONE', #7006, 1000.000000000000000 ) ;
#1568 = EDGE_CURVE ( 'NONE', #390, #4800, #5660, .T. ) ;
#1569 = DIRECTION ( 'NONE',  ( -0.000000000000000000, -1.000000000000000000, -0.000000000000000000 ) ) ;
#1570 = VECTOR ( 'NONE', #6969, 1000.000000000000000 ) ;
#1571 = ORIENTED_EDGE ( 'NONE', *, *, #3918, .T. ) ;
#1572 = CARTESIAN_POINT ( 'NONE',  ( -3.499999999999998224, 16.60000000000000142, 2.600000000000000089 ) ) ;
#1573 = LINE ( 'NONE', #4368, #3768 ) ;
#1574 = DIRECTION ( 'NONE',  ( -1.000000000000000000, 0.000000000000000000, 0.000000000000000000 ) ) ;
#1575 = LINE ( 'NONE', #2681, #6836 ) ;
#1576 = EDGE_CURVE ( 'NONE', #3162, #4624, #6838, .T. ) ;
#1577 = CARTESIAN_POINT ( 'NONE',  ( -3.149999999999999467, 16.60000000000000142, 2.600000000000000089 ) ) ;
#1578 = VECTOR ( 'NONE', #288, 999.9999999999998863 ) ;
#1579 = VECTOR ( 'NONE', #495, 1000.000000000000000 ) ;
#1580 = CARTESIAN_POINT ( 'NONE',  ( -1.320000000000000062, 16.60000000000000142, -0.3199999999999993960 ) ) ;
#1581 = CLOSED_SHELL ( 'NONE', ( #2999, #4086, #5469, #2277, #2760, #5865, #110, #3624, #321, #2411, #5398, #3811, #4942, #6944 ) ) ;
#1582 = ORIENTED_EDGE ( 'NONE', *, *, #5240, .F. ) ;
#1583 = AXIS2_PLACEMENT_3D ( 'NONE', #2794, #4964, #5004 ) ;
#1584 = ORIENTED_EDGE ( 'NONE', *, *, #138, .T. ) ;
#1585 = FACE_OUTER_BOUND ( 'NONE', #1634, .T. ) ;
#1586 = AXIS2_PLACEMENT_3D ( 'NONE', #182, #693, #5535 ) ;
#1587 = LINE ( 'NONE', #968, #4152 ) ;
#1588 = EDGE_CURVE ( 'NONE', #6381, #1416, #4212, .T. ) ;
#1589 = VERTEX_POINT ( 'NONE', #2997 ) ;
#1590 = ORIENTED_EDGE ( 'NONE', *, *, #920, .T. ) ;
#1591 = CARTESIAN_POINT ( 'NONE',  ( 5.500000000000000000, 16.60000000000000142, -2.400000000000002576 ) ) ;
#1592 = LINE ( 'NONE', #542, #4872 ) ;
#1593 = FACE_OUTER_BOUND ( 'NONE', #212, .T. ) ;
#1594 = EDGE_CURVE ( 'NONE', #3342, #5923, #2023, .T. ) ;
#1595 = VECTOR ( 'NONE', #4545, 1000.000000000000000 ) ;
#1596 = ORIENTED_EDGE ( 'NONE', *, *, #4217, .T. ) ;
#1597 = FACE_OUTER_BOUND ( 'NONE', #5775, .T. ) ;
#1598 = ORIENTED_EDGE ( 'NONE', *, *, #484, .T. ) ;
#1599 = LINE ( 'NONE', #3265, #6602 ) ;
#1600 = CIRCLE ( 'NONE', #5586, 0.2999999999999999334 ) ;
#1601 = FACE_OUTER_BOUND ( 'NONE', #5671, .T. ) ;
#1602 = DIRECTION ( 'NONE',  ( 0.000000000000000000, 1.000000000000000000, 0.000000000000000000 ) ) ;
#1603 = EDGE_CURVE ( 'NONE', #5597, #4044, #1453, .T. ) ;
#1604 = VECTOR ( 'NONE', #6471, 1000.000000000000000 ) ;
#1605 = VERTEX_POINT ( 'NONE', #780 ) ;
#1606 = CARTESIAN_POINT ( 'NONE',  ( -5.049999999999999822, -1.199999999999999956, -1.500000000000000000 ) ) ;
#1607 = LINE ( 'NONE', #3129, #3829 ) ;
#1608 = DIRECTION ( 'NONE',  ( -0.000000000000000000, 1.000000000000000000, -0.000000000000000000 ) ) ;
#1609 = AXIS2_PLACEMENT_3D ( 'NONE', #1613, #2040, #6486 ) ;
#1610 = ORIENTED_EDGE ( 'NONE', *, *, #3770, .F. ) ;
#1611 = AXIS2_PLACEMENT_3D ( 'NONE', #1778, #3966, #1848 ) ;
#1612 = EDGE_LOOP ( 'NONE', ( #3885, #6242, #4141, #158 ) ) ;
#1613 = CARTESIAN_POINT ( 'NONE',  ( 1.192610418006827322, -3.299999999999999822, 0.000000000000000000 ) ) ;
#1614 = DIRECTION ( 'NONE',  ( -0.000000000000000000, -1.000000000000000000, -0.000000000000000000 ) ) ;
#1615 = VERTEX_POINT ( 'NONE', #6801 ) ;
#1616 = FACE_OUTER_BOUND ( 'NONE', #350, .T. ) ;
#1617 = PLANE ( 'NONE',  #3191 ) ;
#1618 = LINE ( 'NONE', #2190, #2836 ) ;
#1619 = VECTOR ( 'NONE', #1435, 1000.000000000000000 ) ;
#1620 = CARTESIAN_POINT ( 'NONE',  ( -1.049999999999999822, 4.000000000000000000, 2.000000000000000444 ) ) ;
#1621 = EDGE_CURVE ( 'NONE', #6077, #4410, #5461, .T. ) ;
#1622 = ORIENTED_EDGE ( 'NONE', *, *, #3389, .F. ) ;
#1623 = CARTESIAN_POINT ( 'NONE',  ( -2.570791076685688292, -1.050370056351370263, 0.3200000000000005618 ) ) ;
#1624 = FACE_BOUND ( 'NONE', #2430, .T. ) ;
#1625 = ORIENTED_EDGE ( 'NONE', *, *, #910, .T. ) ;
#1626 = ORIENTED_EDGE ( 'NONE', *, *, #5234, .T. ) ;
#1627 = DIRECTION ( 'NONE',  ( 0.000000000000000000, 1.000000000000000000, 0.000000000000000000 ) ) ;
#1628 =( NAMED_UNIT ( * ) SI_UNIT ( $, .STERADIAN. ) SOLID_ANGLE_UNIT ( ) );
#1629 = DIRECTION ( 'NONE',  ( 0.9961946980917455452, 0.08715574274765794383, 0.000000000000000000 ) ) ;
#1630 = VECTOR ( 'NONE', #157, 1000.000000000000000 ) ;
#1631 = EDGE_CURVE ( 'NONE', #3215, #4889, #1423, .T. ) ;
#1632 = ORIENTED_EDGE ( 'NONE', *, *, #5870, .T. ) ;
#1633 = DIRECTION ( 'NONE',  ( 0.000000000000000000, 0.000000000000000000, -1.000000000000000000 ) ) ;
#1634 = EDGE_LOOP ( 'NONE', ( #3984, #1985, #3973, #4228 ) ) ;
#1635 = ORIENTED_EDGE ( 'NONE', *, *, #6210, .F. ) ;
#1636 = LINE ( 'NONE', #1560, #5810 ) ;
#1637 = CARTESIAN_POINT ( 'NONE',  ( 0.6800000000000000488, 4.000000000000003553, 0.3200000000000005618 ) ) ;
#1638 = CARTESIAN_POINT ( 'NONE',  ( -3.499999999999998224, 16.60000000000000142, -3.800000000000001599 ) ) ;
#1639 = VERTEX_POINT ( 'NONE', #915 ) ;
#1640 = CARTESIAN_POINT ( 'NONE',  ( -3.180773654793252359, 9.935231510359450624, -4.904662095212201756 ) ) ;
#1641 = EDGE_CURVE ( 'NONE', #6147, #4628, #1599, .T. ) ;
#1642 = DIRECTION ( 'NONE',  ( 0.000000000000000000, 0.000000000000000000, -1.000000000000000000 ) ) ;
#1643 = DIRECTION ( 'NONE',  ( -2.891205793294679312E-16, -0.000000000000000000, -1.000000000000000000 ) ) ;
#1644 = ORIENTED_EDGE ( 'NONE', *, *, #6554, .F. ) ;
#1645 = ORIENTED_EDGE ( 'NONE', *, *, #3725, .T. ) ;
#1646 = CARTESIAN_POINT ( 'NONE',  ( -2.399999999999999911, 16.60000000000000142, -5.500000000000001776 ) ) ;
#1647 = ORIENTED_EDGE ( 'NONE', *, *, #5724, .T. ) ;
#1648 = LINE ( 'NONE', #4748, #5822 ) ;
#1649 = DIRECTION ( 'NONE',  ( 1.000000000000000000, -0.000000000000000000, 0.000000000000000000 ) ) ;
#1650 = EDGE_LOOP ( 'NONE', ( #831, #5467, #5318, #347 ) ) ;
#1651 = FACE_OUTER_BOUND ( 'NONE', #2103, .T. ) ;
#1652 = CARTESIAN_POINT ( 'NONE',  ( 3.419999999999998597, -0.4500000000000000111, -0.3199999999999998956 ) ) ;
#1653 = ORIENTED_EDGE ( 'NONE', *, *, #5965, .F. ) ;
#1654 = EDGE_CURVE ( 'NONE', #539, #3006, #1600, .T. ) ;
#1655 = CARTESIAN_POINT ( 'NONE',  ( -4.399999999999999467, 4.500000000000000888, -2.400000000000001243 ) ) ;
#1656 = CARTESIAN_POINT ( 'NONE',  ( 4.399999999999998579, 4.500000000000000888, 0.5999999999999986455 ) ) ;
#1657 = ORIENTED_EDGE ( 'NONE', *, *, #627, .T. ) ;
#1658 = ORIENTED_EDGE ( 'NONE', *, *, #77, .T. ) ;
#1659 = LINE ( 'NONE', #2771, #6788 ) ;
#1660 = EDGE_CURVE ( 'NONE', #3783, #4459, #2065, .T. ) ;
#1661 = CARTESIAN_POINT ( 'NONE',  ( -3.499999999999998668, 16.60000000000000142, -2.400000000000001243 ) ) ;
#1662 = DIRECTION ( 'NONE',  ( 0.000000000000000000, 0.000000000000000000, 1.000000000000000000 ) ) ;
#1663 = ORIENTED_EDGE ( 'NONE', *, *, #3636, .T. ) ;
#1664 = ORIENTED_EDGE ( 'NONE', *, *, #6025, .T. ) ;
#1665 = EDGE_CURVE ( 'NONE', #1022, #5058, #4834, .T. ) ;
#1666 = CARTESIAN_POINT ( 'NONE',  ( -4.899999999999999467, 4.000000000000000000, -2.400000000000002576 ) ) ;
#1667 = FACE_OUTER_BOUND ( 'NONE', #3963, .T. ) ;
#1668 = DIRECTION ( 'NONE',  ( -1.000000000000000000, 0.000000000000000000, 1.694065894508601171E-16 ) ) ;
#1669 = ADVANCED_FACE ( 'NONE', ( #550 ), #7045, .F. ) ;
#1670 = DIRECTION ( 'NONE',  ( 7.885106708985496922E-16, 0.000000000000000000, -1.000000000000000000 ) ) ;
#1671 = LINE ( 'NONE', #3267, #5774 ) ;
#1672 = CIRCLE ( 'NONE', #2577, 0.2500000000000000000 ) ;
#1673 = EDGE_LOOP ( 'NONE', ( #2670, #6093, #2720, #5032, #3327, #4274, #847, #6769, #6690, #2510, #2224, #3353, #5001, #2595, #5524, #3580, #6363, #2422, #884, #3736, #2809, #6776, #3834, #5689 ) ) ;
#1674 = LINE ( 'NONE', #4775, #4897 ) ;
#1675 = DIRECTION ( 'NONE',  ( 0.000000000000000000, 0.000000000000000000, -1.000000000000000000 ) ) ;
#1676 = EDGE_CURVE ( 'NONE', #1266, #3660, #913, .T. ) ;
#1677 = CARTESIAN_POINT ( 'NONE',  ( 1.599999999999999645, 14.00000000000000000, -5.500000000000001776 ) ) ;
#1678 = EDGE_CURVE ( 'NONE', #1416, #6028, #3788, .T. ) ;
#1679 = EDGE_CURVE ( 'NONE', #181, #2589, #2863, .T. ) ;
#1680 = ORIENTED_EDGE ( 'NONE', *, *, #2568, .T. ) ;
#1681 = VECTOR ( 'NONE', #4920, 1000.000000000000000 ) ;
#1682 = CYLINDRICAL_SURFACE ( 'NONE', #2609, 0.4249999999999998224 ) ;
#1683 = ORIENTED_EDGE ( 'NONE', *, *, #1654, .F. ) ;
#1684 = LINE ( 'NONE', #105, #6960 ) ;
#1685 = ORIENTED_EDGE ( 'NONE', *, *, #3389, .T. ) ;
#1686 = CARTESIAN_POINT ( 'NONE',  ( -2.806904826173719503, -3.255323058278427162, 0.3200000000000005618 ) ) ;
#1687 = PLANE ( 'NONE',  #2159 ) ;
#1688 = VECTOR ( 'NONE', #1051, 1000.000000000000000 ) ;
#1689 = EDGE_CURVE ( 'NONE', #3856, #2679, #3229, .T. ) ;
#1690 = ORIENTED_EDGE ( 'NONE', *, *, #340, .F. ) ;
#1691 = FACE_OUTER_BOUND ( 'NONE', #184, .T. ) ;
#1692 = FACE_OUTER_BOUND ( 'NONE', #23, .T. ) ;
#1693 = CIRCLE ( 'NONE', #6245, 0.2500000000000002220 ) ;
#1694 = ORIENTED_EDGE ( 'NONE', *, *, #3862, .T. ) ;
#1695 = EDGE_LOOP ( 'NONE', ( #579, #766, #6636, #5812 ) ) ;
#1696 = LINE ( 'NONE', #4827, #3372 ) ;
#1697 = VECTOR ( 'NONE', #5738, 1000.000000000000000 ) ;
#1698 = VECTOR ( 'NONE', #3287, 1000.000000000000000 ) ;
#1699 = VECTOR ( 'NONE', #3586, 1000.000000000000000 ) ;
#1700 = ORIENTED_EDGE ( 'NONE', *, *, #3862, .F. ) ;
#1701 = EDGE_CURVE ( 'NONE', #3394, #5636, #1141, .T. ) ;
#1702 = DIRECTION ( 'NONE',  ( -1.000000000000000000, 0.000000000000000000, 0.000000000000000000 ) ) ;
#1703 = ORIENTED_EDGE ( 'NONE', *, *, #3584, .F. ) ;
#1704 = CARTESIAN_POINT ( 'NONE',  ( -3.319999999999999840, 4.500000000000000888, 0.5999999999999996447 ) ) ;
#1705 = CARTESIAN_POINT ( 'NONE',  ( 3.499999999999998668, 4.000000000000000000, -2.400000000000001243 ) ) ;
#1706 = LINE ( 'NONE', #6623, #4756 ) ;
#1707 = VECTOR ( 'NONE', #5614, 1000.000000000000000 ) ;
#1708 = CARTESIAN_POINT ( 'NONE',  ( 3.319999999999999396, 9.700000000000001066, -0.3199999999999998956 ) ) ;
#1709 = ORIENTED_EDGE ( 'NONE', *, *, #3192, .F. ) ;
#1710 = EDGE_LOOP ( 'NONE', ( #568, #2883, #3356, #6549 ) ) ;
#1711 = EDGE_CURVE ( 'NONE', #5405, #5099, #4022, .T. ) ;
#1712 = EDGE_CURVE ( 'NONE', #2655, #3172, #13, .T. ) ;
#1713 = VECTOR ( 'NONE', #954, 1000.000000000000000 ) ;
#1714 = CARTESIAN_POINT ( 'NONE',  ( 1.849999999999999645, 9.799999999999998934, -5.500000000000001776 ) ) ;
#1715 = DIRECTION ( 'NONE',  ( 0.000000000000000000, 0.000000000000000000, -1.000000000000000000 ) ) ;
#1716 = DIRECTION ( 'NONE',  ( -0.000000000000000000, -0.000000000000000000, -1.000000000000000000 ) ) ;
#1717 = MECHANICAL_DESIGN_GEOMETRIC_PRESENTATION_REPRESENTATION (  '', ( #3183 ), #5699 ) ;
#1718 = EDGE_CURVE ( 'NONE', #6052, #5544, #2062, .T. ) ;
#1719 = ORIENTED_EDGE ( 'NONE', *, *, #3696, .F. ) ;
#1720 = LINE ( 'NONE', #3499, #1595 ) ;
#1721 = VECTOR ( 'NONE', #3378, 1000.000000000000000 ) ;
#1722 = ORIENTED_EDGE ( 'NONE', *, *, #311, .F. ) ;
#1723 = LINE ( 'NONE', #5570, #3910 ) ;
#1724 = EDGE_LOOP ( 'NONE', ( #2837, #4772, #2778, #6672 ) ) ;
#1725 = CARTESIAN_POINT ( 'NONE',  ( 0.6800000000000000488, 4.000000000000003553, 0.3200000000000005618 ) ) ;
#1726 = CARTESIAN_POINT ( 'NONE',  ( -2.815755189180201068, -0.8771863862500131059, 0.3200000000000005618 ) ) ;
#1727 = CIRCLE ( 'NONE', #5709, 0.2999999999999999334 ) ;
#1728 = EDGE_LOOP ( 'NONE', ( #327, #4519, #5911, #3745 ) ) ;
#1729 = CARTESIAN_POINT ( 'NONE',  ( -2.949999999999999734, 9.799999999999998934, -4.400000000000001243 ) ) ;
#1730 = LINE ( 'NONE', #6719, #128 ) ;
#1731 = CIRCLE ( 'NONE', #5713, 0.2000000000000000944 ) ;
#1732 = ORIENTED_EDGE ( 'NONE', *, *, #5450, .T. ) ;
#1733 = EDGE_CURVE ( 'NONE', #6344, #293, #5328, .T. ) ;
#1734 = CARTESIAN_POINT ( 'NONE',  ( -4.899999999999997691, 4.000000000000000000, 0.5999999999999994227 ) ) ;
#1735 = DIRECTION ( 'NONE',  ( 0.000000000000000000, 0.7071067811865435759, 0.7071067811865515695 ) ) ;
#1736 = ORIENTED_EDGE ( 'NONE', *, *, #2050, .T. ) ;
#1737 = VECTOR ( 'NONE', #4160, 1000.000000000000000 ) ;
#1738 = ORIENTED_EDGE ( 'NONE', *, *, #3541, .T. ) ;
#1739 = CARTESIAN_POINT ( 'NONE',  ( 2.869649486113213133, -1.076516779175668015, -0.3199999999999998956 ) ) ;
#1740 = LINE ( 'NONE', #6761, #5604 ) ;
#1741 = VERTEX_POINT ( 'NONE', #397 ) ;
#1742 = ORIENTED_EDGE ( 'NONE', *, *, #64, .F. ) ;
#1743 = LINE ( 'NONE', #1781, #6267 ) ;
#1744 = VECTOR ( 'NONE', #5502, 1000.000000000000114 ) ;
#1745 = DIRECTION ( 'NONE',  ( 0.000000000000000000, 0.000000000000000000, 1.000000000000000000 ) ) ;
#1746 = DIRECTION ( 'NONE',  ( -0.000000000000000000, -0.000000000000000000, 1.000000000000000000 ) ) ;
#1747 = ORIENTED_EDGE ( 'NONE', *, *, #932, .T. ) ;
#1748 = ORIENTED_EDGE ( 'NONE', *, *, #150, .F. ) ;
#1749 = DIRECTION ( 'NONE',  ( -0.000000000000000000, -0.3420201433256663259, 0.9396926207859093161 ) ) ;
#1750 = DIRECTION ( 'NONE',  ( 0.000000000000000000, 0.000000000000000000, -1.000000000000000000 ) ) ;
#1751 = LINE ( 'NONE', #1133, #3937 ) ;
#1752 = DIRECTION ( 'NONE',  ( 0.000000000000000000, 0.000000000000000000, -1.000000000000000000 ) ) ;
#1753 = EDGE_CURVE ( 'NONE', #947, #428, #6401, .T. ) ;
#1754 = EDGE_LOOP ( 'NONE', ( #2564, #4970, #2845, #5876 ) ) ;
#1755 = LINE ( 'NONE', #2972, #798 ) ;
#1756 = EDGE_CURVE ( 'NONE', #1741, #3172, #1636, .T. ) ;
#1757 = VERTEX_POINT ( 'NONE', #5860 ) ;
#1758 = DIRECTION ( 'NONE',  ( -0.000000000000000000, 0.000000000000000000, 1.000000000000000000 ) ) ;
#1759 = VERTEX_POINT ( 'NONE', #510 ) ;
#1760 = DIRECTION ( 'NONE',  ( -1.000000000000000000, 0.000000000000000000, 7.885106708985496922E-16 ) ) ;
#1761 = ADVANCED_FACE ( 'NONE', ( #3158 ), #5900, .F. ) ;
#1762 = DIRECTION ( 'NONE',  ( 1.000000000000000000, 0.000000000000000000, -2.891205793294679312E-16 ) ) ;
#1763 = AXIS2_PLACEMENT_3D ( 'NONE', #6907, #450, #7053 ) ;
#1764 = ORIENTED_EDGE ( 'NONE', *, *, #292, .F. ) ;
#1765 = DIRECTION ( 'NONE',  ( -5.782411586589354681E-16, 0.000000000000000000, 1.000000000000000000 ) ) ;
#1766 = DIRECTION ( 'NONE',  ( -0.000000000000000000, -1.000000000000000000, -0.000000000000000000 ) ) ;
#1767 = ORIENTED_EDGE ( 'NONE', *, *, #4019, .T. ) ;
#1768 = PLANE ( 'NONE',  #2177 ) ;
#1769 = EDGE_CURVE ( 'NONE', #556, #5849, #439, .T. ) ;
#1770 = DIRECTION ( 'NONE',  ( -0.000000000000000000, -1.000000000000000000, -0.000000000000000000 ) ) ;
#1771 = EDGE_LOOP ( 'NONE', ( #1326, #7071, #177, #771, #1473, #4466, #7003, #3362 ) ) ;
#1772 = ORIENTED_EDGE ( 'NONE', *, *, #1538, .F. ) ;
#1773 = EDGE_CURVE ( 'NONE', #5638, #4807, #2627, .T. ) ;
#1774 = EDGE_LOOP ( 'NONE', ( #3938, #2909, #4765, #6061 ) ) ;
#1775 = DIRECTION ( 'NONE',  ( -0.9396926207859093161, -0.3420201433256664925, 0.000000000000000000 ) ) ;
#1776 = ORIENTED_EDGE ( 'NONE', *, *, #4795, .T. ) ;
#1777 = EDGE_CURVE ( 'NONE', #4385, #2208, #3857, .T. ) ;
#1778 = CARTESIAN_POINT ( 'NONE',  ( -3.190659780604994555, -3.288897266363071559, 0.3200000000000005618 ) ) ;
#1779 = VERTEX_POINT ( 'NONE', #2779 ) ;
#1780 = ORIENTED_EDGE ( 'NONE', *, *, #957, .F. ) ;
#1781 = CARTESIAN_POINT ( 'NONE',  ( 3.319999999999999396, 9.700000000000001066, 0.3200000000000005618 ) ) ;
#1782 = DIRECTION ( 'NONE',  ( -0.000000000000000000, -0.000000000000000000, -1.000000000000000000 ) ) ;
#1783 = LINE ( 'NONE', #4533, #2593 ) ;
#1784 = ORIENTED_EDGE ( 'NONE', *, *, #5302, .F. ) ;
#1785 = ORIENTED_EDGE ( 'NONE', *, *, #4618, .F. ) ;
#1786 = DIRECTION ( 'NONE',  ( -1.694065894508601171E-16, 0.000000000000000000, -1.000000000000000000 ) ) ;
#1787 = LINE ( 'NONE', #5630, #2290 ) ;
#1788 = FACE_OUTER_BOUND ( 'NONE', #3049, .T. ) ;
#1789 = DIRECTION ( 'NONE',  ( -0.000000000000000000, -1.000000000000000000, -0.000000000000000000 ) ) ;
#1790 = ORIENTED_EDGE ( 'NONE', *, *, #932, .F. ) ;
#1791 = EDGE_CURVE ( 'NONE', #4754, #1255, #4460, .T. ) ;
#1792 = FACE_OUTER_BOUND ( 'NONE', #5386, .T. ) ;
#1793 = ORIENTED_EDGE ( 'NONE', *, *, #4079, .T. ) ;
#1794 = DIRECTION ( 'NONE',  ( 0.000000000000000000, 1.000000000000000000, -0.000000000000000000 ) ) ;
#1795 = ORIENTED_EDGE ( 'NONE', *, *, #3681, .F. ) ;
#1796 = FACE_OUTER_BOUND ( 'NONE', #1365, .T. ) ;
#1797 = AXIS2_PLACEMENT_3D ( 'NONE', #2329, #1213, #679 ) ;
#1798 = ORIENTED_EDGE ( 'NONE', *, *, #3363, .F. ) ;
#1799 = ADVANCED_FACE ( 'NONE', ( #2285 ), #2850, .F. ) ;
#1800 = CARTESIAN_POINT ( 'NONE',  ( -3.499999999999998224, 0.000000000000000000, 0.5999999999999996447 ) ) ;
#1801 = DIRECTION ( 'NONE',  ( 0.000000000000000000, 1.000000000000000000, 0.000000000000000000 ) ) ;
#1802 = ORIENTED_EDGE ( 'NONE', *, *, #1769, .T. ) ;
#1803 = CARTESIAN_POINT ( 'NONE',  ( -2.680000000000000160, 4.000000000000003553, -0.3199999999999995071 ) ) ;
#1804 = AXIS2_PLACEMENT_3D ( 'NONE', #1018, #2024, #3159 ) ;
#1805 = LINE ( 'NONE', #4489, #544 ) ;
#1806 = EDGE_LOOP ( 'NONE', ( #4390, #4808, #3751, #4952 ) ) ;
#1807 = ORIENTED_EDGE ( 'NONE', *, *, #3918, .F. ) ;
#1808 = PRESENTATION_LAYER_ASSIGNMENT (  '', '', ( #3988 ) ) ;
#1809 = VECTOR ( 'NONE', #1402, 1000.000000000000000 ) ;
#1810 = EDGE_CURVE ( 'NONE', #3805, #2054, #5062, .T. ) ;
#1811 = DIRECTION ( 'NONE',  ( 0.3236155771181827845, 0.8891264907159898145, 0.3236155771181826735 ) ) ;
#1812 = LINE ( 'NONE', #4070, #2082 ) ;
#1813 = VERTEX_POINT ( 'NONE', #710 ) ;
#1814 = DIRECTION ( 'NONE',  ( -0.000000000000000000, 0.000000000000000000, -1.000000000000000000 ) ) ;
#1815 = ADVANCED_FACE ( 'NONE', ( #1202 ), #626, .F. ) ;
#1816 = FACE_OUTER_BOUND ( 'NONE', #4848, .T. ) ;
#1817 = AXIS2_PLACEMENT_3D ( 'NONE', #2985, #835, #3013 ) ;
#1819 = VECTOR ( 'NONE', #1136, 1000.000000000000000 ) ;
#1818 = PLANE ( 'NONE',  #533 ) ;
#1820 = AXIS2_PLACEMENT_3D ( 'NONE', #2240, #402, #1120 ) ;
#1821 = EDGE_LOOP ( 'NONE', ( #893, #4007, #1278, #687 ) ) ;
#1822 = VECTOR ( 'NONE', #6603, 1000.000000000000000 ) ;
#1823 = CARTESIAN_POINT ( 'NONE',  ( -1.320000000000000062, 4.000000000000000000, 0.3200000000000005618 ) ) ;
#1824 = DIRECTION ( 'NONE',  ( -1.000000000000000000, 0.000000000000000000, 0.000000000000000000 ) ) ;
#1825 = VECTOR ( 'NONE', #290, 1000.000000000000000 ) ;
#1826 = DIRECTION ( 'NONE',  ( 0.000000000000000000, 0.000000000000000000, 1.000000000000000000 ) ) ;
#1827 = EDGE_CURVE ( 'NONE', #2849, #3332, #81, .T. ) ;
#1828 = FACE_OUTER_BOUND ( 'NONE', #7010, .T. ) ;
#1829 = VECTOR ( 'NONE', #5076, 1000.000000000000000 ) ;
#1830 = ORIENTED_EDGE ( 'NONE', *, *, #3230, .T. ) ;
#1831 = DIRECTION ( 'NONE',  ( 0.000000000000000000, 0.000000000000000000, -1.000000000000000000 ) ) ;
#1832 = ORIENTED_EDGE ( 'NONE', *, *, #3252, .T. ) ;
#1833 = DIRECTION ( 'NONE',  ( -0.000000000000000000, -0.000000000000000000, -1.000000000000000000 ) ) ;
#1834 = VERTEX_POINT ( 'NONE', #3969 ) ;
#1835 = CARTESIAN_POINT ( 'NONE',  ( 5.500000000000000888, 14.09999999999999964, -1.650000000000007461 ) ) ;
#1836 = AXIS2_PLACEMENT_3D ( 'NONE', #3428, #3311, #4953 ) ;
#1837 = VECTOR ( 'NONE', #5367, 1000.000000000000000 ) ;
#1838 = EDGE_LOOP ( 'NONE', ( #215, #4280, #4004, #3881 ) ) ;
#1839 = DIRECTION ( 'NONE',  ( -1.000000000000000000, 0.000000000000000000, 0.000000000000000000 ) ) ;
#1840 = LINE ( 'NONE', #3994, #2309 ) ;
#1841 = ORIENTED_EDGE ( 'NONE', *, *, #2805, .T. ) ;
#1842 = CARTESIAN_POINT ( 'NONE',  ( 0.6800000000000000488, 4.000000000000000000, 0.3200000000000005618 ) ) ;
#1843 = DIRECTION ( 'NONE',  ( 1.239088197126291310E-16, -0.000000000000000000, 1.000000000000000000 ) ) ;
#1844 = EDGE_CURVE ( 'NONE', #801, #3264, #7060, .T. ) ;
#1845 = ORIENTED_EDGE ( 'NONE', *, *, #3270, .F. ) ;
#1846 = PLANE ( 'NONE',  #5216 ) ;
#1847 = ORIENTED_EDGE ( 'NONE', *, *, #4165, .F. ) ;
#1848 = DIRECTION ( 'NONE',  ( 0.000000000000000000, 0.000000000000000000, -1.000000000000000000 ) ) ;
#1849 = ORIENTED_EDGE ( 'NONE', *, *, #6741, .F. ) ;
#1850 = ORIENTED_EDGE ( 'NONE', *, *, #5176, .F. ) ;
#1851 = DIRECTION ( 'NONE',  ( 1.000000000000000000, 0.000000000000000000, 0.000000000000000000 ) ) ;
#1852 = CARTESIAN_POINT ( 'NONE',  ( -5.500000000000000000, 16.60000000000000142, -2.400000000000001243 ) ) ;
#1853 = AXIS2_PLACEMENT_3D ( 'NONE', #5183, #6213, #3508 ) ;
#1854 = DIRECTION ( 'NONE',  ( -0.9961946980917455452, 0.08715574274765860996, 0.000000000000000000 ) ) ;
#1855 = EDGE_CURVE ( 'NONE', #3188, #3674, #1280, .T. ) ;
#1856 = ORIENTED_EDGE ( 'NONE', *, *, #4477, .T. ) ;
#1857 = CARTESIAN_POINT ( 'NONE',  ( -3.319999999999999840, 0.000000000000000000, -0.3199999999999993960 ) ) ;
#1858 = LINE ( 'NONE', #4018, #2512 ) ;
#1859 = CARTESIAN_POINT ( 'NONE',  ( 0.6800000000000000488, 0.000000000000000000, 0.3200000000000005618 ) ) ;
#1860 = DIRECTION ( 'NONE',  ( 0.000000000000000000, 0.000000000000000000, 1.000000000000000000 ) ) ;
#1861 = AXIS2_PLACEMENT_3D ( 'NONE', #5960, #3776, #2615 ) ;
#1862 = EDGE_CURVE ( 'NONE', #2956, #1258, #160, .T. ) ;
#1863 = ORIENTED_EDGE ( 'NONE', *, *, #5664, .T. ) ;
#1864 = PLANE ( 'NONE',  #4779 ) ;
#1865 = VERTEX_POINT ( 'NONE', #664 ) ;
#1866 = DIRECTION ( 'NONE',  ( 1.239088197126291310E-16, -0.000000000000000000, 1.000000000000000000 ) ) ;
#1867 = EDGE_LOOP ( 'NONE', ( #384, #75, #3609, #6559 ) ) ;
#1868 = DIRECTION ( 'NONE',  ( -0.000000000000000000, 1.000000000000000000, -0.000000000000000000 ) ) ;
#1869 = ORIENTED_EDGE ( 'NONE', *, *, #5983, .T. ) ;
#1870 = DIRECTION ( 'NONE',  ( 0.000000000000000000, 1.000000000000000000, 0.000000000000000000 ) ) ;
#1871 = CARTESIAN_POINT ( 'NONE',  ( -1.320000000000000062, -2.949999999999990852, 0.3200000000000005618 ) ) ;
#1872 = CARTESIAN_POINT ( 'NONE',  ( -2.949999999999999289, 4.000000000000000000, 2.200000000000000178 ) ) ;
#1873 = DIRECTION ( 'NONE',  ( 1.000000000000000000, 0.000000000000000000, -1.694065894508601171E-16 ) ) ;
#1874 = VECTOR ( 'NONE', #6551, 1000.000000000000000 ) ;
#1875 = EDGE_CURVE ( 'NONE', #3847, #3840, #3658, .T. ) ;
#1876 = ORIENTED_EDGE ( 'NONE', *, *, #1231, .T. ) ;
#1877 = DIRECTION ( 'NONE',  ( -1.000000000000000000, 0.000000000000000000, 0.000000000000000000 ) ) ;
#1878 = CARTESIAN_POINT ( 'NONE',  ( 3.319999999999999396, 9.700000000000001066, -0.1926104180068289318 ) ) ;
#1879 = EDGE_CURVE ( 'NONE', #6830, #1309, #4579, .T. ) ;
#1880 = ORIENTED_EDGE ( 'NONE', *, *, #926, .F. ) ;
#1881 = ORIENTED_EDGE ( 'NONE', *, *, #5934, .F. ) ;
#1882 = DIRECTION ( 'NONE',  ( -0.000000000000000000, -1.000000000000000000, -0.000000000000000000 ) ) ;
#1883 = CYLINDRICAL_SURFACE ( 'NONE', #5106, 0.9399999999999989475 ) ;
#1884 = DIRECTION ( 'NONE',  ( -0.000000000000000000, -1.000000000000000000, -0.000000000000000000 ) ) ;
#1885 = EDGE_CURVE ( 'NONE', #1255, #3701, #1743, .T. ) ;
#1886 = ORIENTED_EDGE ( 'NONE', *, *, #4643, .T. ) ;
#1887 = FACE_OUTER_BOUND ( 'NONE', #1090, .T. ) ;
#1888 = EDGE_CURVE ( 'NONE', #3112, #4494, #3419, .T. ) ;
#1889 = DIRECTION ( 'NONE',  ( 1.000000000000000000, 0.000000000000000000, 0.000000000000000000 ) ) ;
#1890 = DIRECTION ( 'NONE',  ( -0.000000000000000000, -1.000000000000000000, -0.000000000000000000 ) ) ;
#1891 = CARTESIAN_POINT ( 'NONE',  ( 2.680000000000000160, 4.000000000000003553, 0.3200000000000005618 ) ) ;
#1892 = FACE_OUTER_BOUND ( 'NONE', #5124, .T. ) ;
#1893 = EDGE_CURVE ( 'NONE', #6038, #2987, #5548, .T. ) ;
#1894 = EDGE_LOOP ( 'NONE', ( #2414, #5844, #3521, #5112, #1974, #826, #2348, #958 ) ) ;
#1895 = AXIS2_PLACEMENT_3D ( 'NONE', #274, #2462, #1826 ) ;
#1896 = EDGE_CURVE ( 'NONE', #3107, #6586, #1166, .T. ) ;
#1897 = LINE ( 'NONE', #6846, #4227 ) ;
#1898 = ORIENTED_EDGE ( 'NONE', *, *, #2699, .T. ) ;
#1899 = CARTESIAN_POINT ( 'NONE',  ( -1.320000000000000062, 9.349999999999997868, 0.3200000000000005618 ) ) ;
#1900 = EDGE_LOOP ( 'NONE', ( #28, #5195, #5984, #606 ) ) ;
#1901 = DIRECTION ( 'NONE',  ( 1.000000000000000000, 0.000000000000000000, 0.000000000000000000 ) ) ;
#1902 = EDGE_CURVE ( 'NONE', #4613, #5897, #2355, .T. ) ;
#1903 = EDGE_CURVE ( 'NONE', #5897, #2347, #3343, .T. ) ;
#1904 = ORIENTED_EDGE ( 'NONE', *, *, #719, .F. ) ;
#1905 = DIRECTION ( 'NONE',  ( -0.000000000000000000, -0.000000000000000000, -1.000000000000000000 ) ) ;
#1906 = DIRECTION ( 'NONE',  ( 5.782411586589356653E-16, -0.000000000000000000, 1.000000000000000000 ) ) ;
#1907 = ORIENTED_EDGE ( 'NONE', *, *, #6645, .F. ) ;
#1908 = LINE ( 'NONE', #2514, #186 ) ;
#1909 = DIRECTION ( 'NONE',  ( -0.000000000000000000, -1.000000000000000000, -0.000000000000000000 ) ) ;
#1910 = ADVANCED_FACE ( 'NONE', ( #2890 ), #4531, .F. ) ;
#1911 = ORIENTED_EDGE ( 'NONE', *, *, #4386, .F. ) ;
#1912 = CARTESIAN_POINT ( 'NONE',  ( 2.796809106232727604, -3.217645318519657405, -0.2059515520791930232 ) ) ;
#1913 = VECTOR ( 'NONE', #1789, 1000.000000000000000 ) ;
#1914 = DIRECTION ( 'NONE',  ( 0.000000000000000000, 0.000000000000000000, -1.000000000000000000 ) ) ;
#1915 = ORIENTED_EDGE ( 'NONE', *, *, #2292, .F. ) ;
#1916 = CARTESIAN_POINT ( 'NONE',  ( -3.319999999999999840, 0.000000000000000000, -0.3199999999999993960 ) ) ;
#1917 = DIRECTION ( 'NONE',  ( 0.000000000000000000, 0.000000000000000000, -1.000000000000000000 ) ) ;
#1918 = DIRECTION ( 'NONE',  ( -1.000000000000000000, 1.275531967630005492E-16, 0.000000000000000000 ) ) ;
#1919 = AXIS2_PLACEMENT_3D ( 'NONE', #6159, #5164, #1917 ) ;
#1920 = AXIS2_PLACEMENT_3D ( 'NONE', #1497, #5369, #4184 ) ;
#1921 = ORIENTED_EDGE ( 'NONE', *, *, #3474, .T. ) ;
#1922 = DIRECTION ( 'NONE',  ( 0.000000000000000000, 1.000000000000000000, 0.000000000000000000 ) ) ;
#1923 = DIRECTION ( 'NONE',  ( 0.9961946980917455452, -0.08715574274765794383, 0.000000000000000000 ) ) ;
#1925 = CARTESIAN_POINT ( 'NONE',  ( 2.600000000000000533, 16.60000000000000142, -3.800000000000001599 ) ) ;
#1924 = VECTOR ( 'NONE', #7000, 1000.000000000000000 ) ;
#1926 = AXIS2_PLACEMENT_3D ( 'NONE', #4720, #5154, #2008 ) ;
#1927 = DIRECTION ( 'NONE',  ( 0.000000000000000000, -1.000000000000000000, 0.000000000000000000 ) ) ;
#1928 = VECTOR ( 'NONE', #1877, 1000.000000000000000 ) ;
#1929 = DIRECTION ( 'NONE',  ( -1.239088197126291310E-16, -0.000000000000000000, -1.000000000000000000 ) ) ;
#1930 = EDGE_CURVE ( 'NONE', #5968, #3733, #6415, .T. ) ;
#1931 = AXIS2_PLACEMENT_3D ( 'NONE', #4085, #6069, #303 ) ;
#1932 = ORIENTED_EDGE ( 'NONE', *, *, #4434, .F. ) ;
#1933 = DIRECTION ( 'NONE',  ( 1.275531967630005245E-16, 1.000000000000000000, -0.000000000000000000 ) ) ;
#1934 = VERTEX_POINT ( 'NONE', #6346 ) ;
#1935 = LINE ( 'NONE', #2538, #270 ) ;
#1936 = ORIENTED_EDGE ( 'NONE', *, *, #1902, .T. ) ;
#1937 = CARTESIAN_POINT ( 'NONE',  ( 1.249999999999999778, 4.000000000000000000, 2.200000000000000178 ) ) ;
#1938 = AXIS2_PLACEMENT_3D ( 'NONE', #4192, #6343, #5814 ) ;
#1939 = EDGE_CURVE ( 'NONE', #4767, #3104, #1476, .T. ) ;
#1940 = ORIENTED_EDGE ( 'NONE', *, *, #4421, .T. ) ;
#1941 = FACE_BOUND ( 'NONE', #468, .T. ) ;
#1942 = AXIS2_PLACEMENT_3D ( 'NONE', #4736, #3056, #4607 ) ;
#1943 = CARTESIAN_POINT ( 'NONE',  ( 2.870791076685689003, -1.050370056351370263, -0.3199999999999998956 ) ) ;
#1944 = VERTEX_POINT ( 'NONE', #5778 ) ;
#1945 = FACE_OUTER_BOUND ( 'NONE', #596, .T. ) ;
#1946 = LINE ( 'NONE', #4138, #5784 ) ;
#1947 = VECTOR ( 'NONE', #7021, 1000.000000000000000 ) ;
#1948 = VERTEX_POINT ( 'NONE', #4569 ) ;
#1949 = DIRECTION ( 'NONE',  ( 0.000000000000000000, 0.000000000000000000, -1.000000000000000000 ) ) ;
#1950 = DIRECTION ( 'NONE',  ( -0.000000000000000000, 1.000000000000000000, -0.000000000000000000 ) ) ;
#1951 = ORIENTED_EDGE ( 'NONE', *, *, #6622, .F. ) ;
#1952 = EDGE_LOOP ( 'NONE', ( #3892, #982, #2626, #1977 ) ) ;
#1953 = PLANE ( 'NONE',  #6348 ) ;
#1954 = DIRECTION ( 'NONE',  ( -0.000000000000000000, -1.000000000000000000, -0.000000000000000000 ) ) ;
#1955 = APPLICATION_PROTOCOL_DEFINITION ( 'draft international standard', 'automotive_design', 1998, #3325 ) ;
#1956 = VECTOR ( 'NONE', #4419, 1000.000000000000000 ) ;
#1957 = ORIENTED_EDGE ( 'NONE', *, *, #1594, .T. ) ;
#1958 = DIRECTION ( 'NONE',  ( -0.000000000000000000, 0.000000000000000000, 1.000000000000000000 ) ) ;
#1959 = CARTESIAN_POINT ( 'NONE',  ( -2.400000000000000799, 9.799999999999998934, -4.700000000000001066 ) ) ;
#1960 = AXIS2_PLACEMENT_3D ( 'NONE', #3726, #4370, #2606 ) ;
#1961 = CARTESIAN_POINT ( 'NONE',  ( -3.499999999999998224, 16.60000000000000142, 2.499999999999999556 ) ) ;
#1962 = CARTESIAN_POINT ( 'NONE',  ( -5.499999999999998224, 16.60000000000000142, 0.5999999999999998668 ) ) ;
#1963 = VERTEX_POINT ( 'NONE', #415 ) ;
#1964 = EDGE_CURVE ( 'NONE', #809, #870, #2083, .T. ) ;
#1965 = EDGE_LOOP ( 'NONE', ( #1767, #1991, #1645, #4546 ) ) ;
#1966 = DIRECTION ( 'NONE',  ( -0.000000000000000000, -1.000000000000000000, -0.000000000000000000 ) ) ;
#1967 = DIRECTION ( 'NONE',  ( 0.000000000000000000, 0.000000000000000000, -1.000000000000000000 ) ) ;
#1968 = EDGE_CURVE ( 'NONE', #2932, #4844, #1314, .T. ) ;
#1969 = FACE_OUTER_BOUND ( 'NONE', #1894, .T. ) ;
#1970 = VECTOR ( 'NONE', #6926, 1000.000000000000000 ) ;
#1971 = ADVANCED_FACE ( 'NONE', ( #773 ), #5307, .F. ) ;
#1972 = ORIENTED_EDGE ( 'NONE', *, *, #6185, .T. ) ;
#1973 = FACE_OUTER_BOUND ( 'NONE', #4023, .T. ) ;
#1974 = ORIENTED_EDGE ( 'NONE', *, *, #1399, .F. ) ;
#1975 = DIRECTION ( 'NONE',  ( -1.445602896647341480E-15, 0.000000000000000000, 1.000000000000000000 ) ) ;
#1976 = EDGE_CURVE ( 'NONE', #6697, #1757, #6192, .T. ) ;
#1977 = ORIENTED_EDGE ( 'NONE', *, *, #1679, .F. ) ;
#1978 = DIRECTION ( 'NONE',  ( 1.000000000000000000, 0.000000000000000000, 0.000000000000000000 ) ) ;
#1979 = LINE ( 'NONE', #4197, #3634 ) ;
#1980 = VERTEX_POINT ( 'NONE', #3727 ) ;
#1981 = EDGE_LOOP ( 'NONE', ( #2425, #6132, #4987, #2049 ) ) ;
#1982 = CARTESIAN_POINT ( 'NONE',  ( 3.319999999999998952, -0.4500000000000000111, 0.3200000000000005618 ) ) ;
#1983 = LINE ( 'NONE', #5788, #5943 ) ;
#1984 = EDGE_CURVE ( 'NONE', #2054, #4962, #4073, .T. ) ;
#1985 = ORIENTED_EDGE ( 'NONE', *, *, #4335, .F. ) ;
#1986 =( LENGTH_UNIT ( ) NAMED_UNIT ( * ) SI_UNIT ( .MILLI., .METRE. ) );
#1987 = DIRECTION ( 'NONE',  ( 0.000000000000000000, 1.000000000000000000, -0.000000000000000000 ) ) ;
#1988 = ADVANCED_FACE ( 'NONE', ( #2607 ), #6731, .F. ) ;
#1989 = EDGE_CURVE ( 'NONE', #3264, #55, #1436, .T. ) ;
#1990 = VECTOR ( 'NONE', #6947, 1000.000000000000000 ) ;
#1991 = ORIENTED_EDGE ( 'NONE', *, *, #1660, .F. ) ;
#1992 = CARTESIAN_POINT ( 'NONE',  ( 2.600000000000000533, 11.00000000000000000, -3.300000000000002487 ) ) ;
#1993 = FACE_OUTER_BOUND ( 'NONE', #5554, .T. ) ;
#1994 = CARTESIAN_POINT ( 'NONE',  ( -2.949999999999999289, 4.000000000000000000, 2.000000000000000444 ) ) ;
#1995 = CARTESIAN_POINT ( 'NONE',  ( 1.320000000000000062, 15.80509667991878153, -0.3199999999999995071 ) ) ;
#1996 = ORIENTED_EDGE ( 'NONE', *, *, #5176, .T. ) ;
#1997 = CARTESIAN_POINT ( 'NONE',  ( -2.806904826173719503, -3.255323058278427162, -0.1926104180068289318 ) ) ;
#1998 = CARTESIAN_POINT ( 'NONE',  ( 3.319999999999999840, 0.000000000000000000, -0.3199999999999995071 ) ) ;
#1999 = CARTESIAN_POINT ( 'NONE',  ( 3.499999999999997780, 16.60000000000000142, -3.300000000000002487 ) ) ;
#2000 = DIRECTION ( 'NONE',  ( -0.000000000000000000, 1.000000000000000000, 0.000000000000000000 ) ) ;
#2001 = EDGE_CURVE ( 'NONE', #1605, #1779, #4784, .T. ) ;
#2002 = VERTEX_POINT ( 'NONE', #2007 ) ;
#2003 = CARTESIAN_POINT ( 'NONE',  ( -1.320000000000000062, 15.80509667991878153, 0.3200000000000005618 ) ) ;
#2004 = CARTESIAN_POINT ( 'NONE',  ( 2.680000000000000160, 4.000000000000000000, -0.3199999999999993960 ) ) ;
#2005 = ORIENTED_EDGE ( 'NONE', *, *, #1404, .T. ) ;
#2006 = CARTESIAN_POINT ( 'NONE',  ( -2.869649486113212689, -1.076516779175667793, 0.3200000000000005618 ) ) ;
#2007 = CARTESIAN_POINT ( 'NONE',  ( -3.499999999999998224, 16.60000000000000142, 2.000000000000000000 ) ) ;
#2008 = DIRECTION ( 'NONE',  ( 1.000000000000000000, 0.000000000000000000, -1.239088197126291310E-16 ) ) ;
#2009 = DIRECTION ( 'NONE',  ( 1.000000000000000000, 0.000000000000000000, 0.000000000000000000 ) ) ;
#2010 = EDGE_CURVE ( 'NONE', #4628, #1639, #3693, .T. ) ;
#2011 = ORIENTED_EDGE ( 'NONE', *, *, #5403, .T. ) ;
#2012 = CARTESIAN_POINT ( 'NONE',  ( 1.320000000000000062, 4.000000000000003553, 0.3200000000000004508 ) ) ;
#2013 = DIRECTION ( 'NONE',  ( -0.3236155771181817298, -0.8891264907159904807, -0.3236155771181817298 ) ) ;
#2014 = ORIENTED_EDGE ( 'NONE', *, *, #2551, .F. ) ;
#2015 = ORIENTED_EDGE ( 'NONE', *, *, #1549, .T. ) ;
#2016 = UNCERTAINTY_MEASURE_WITH_UNIT (LENGTH_MEASURE( 1.000000000000000082E-05 ), #4453, 'distance_accuracy_value', 'NONE');
#2017 = DIRECTION ( 'NONE',  ( 0.000000000000000000, -0.000000000000000000, -1.000000000000000000 ) ) ;
#2018 = LINE ( 'NONE', #4797, #4866 ) ;
#2019 = ADVANCED_FACE ( 'NONE', ( #5878 ), #3109, .T. ) ;
#2020 = ORIENTED_EDGE ( 'NONE', *, *, #7009, .T. ) ;
#2021 = VECTOR ( 'NONE', #398, 1000.000000000000000 ) ;
#2022 = CARTESIAN_POINT ( 'NONE',  ( -3.499999999999998668, 0.000000000000000000, -4.400000000000001243 ) ) ;
#2023 = LINE ( 'NONE', #3494, #3771 ) ;
#2024 = DIRECTION ( 'NONE',  ( -0.000000000000000000, 0.000000000000000000, -1.000000000000000000 ) ) ;
#2025 = CIRCLE ( 'NONE', #5551, 0.2999999999999999334 ) ;
#2027 = LINE ( 'NONE', #1995, #306 ) ;
#2026 = PRODUCT_DEFINITION_FORMATION_WITH_SPECIFIED_SOURCE ( 'ANY', '', #2820, .NOT_KNOWN. ) ;
#2028 = EDGE_LOOP ( 'NONE', ( #130, #4580, #977, #601 ) ) ;
#2029 = CARTESIAN_POINT ( 'NONE',  ( -2.680000000000000160, 0.000000000000000000, 0.3200000000000004508 ) ) ;
#2030 = AXIS2_PLACEMENT_3D ( 'NONE', #4383, #3259, #2736 ) ;
#2031 = AXIS2_PLACEMENT_3D ( 'NONE', #729, #179, #2370 ) ;
#2032 = DIRECTION ( 'NONE',  ( 0.000000000000000000, -0.000000000000000000, -1.000000000000000000 ) ) ;
#2033 = ADVANCED_FACE ( 'NONE', ( #2426 ), #4749, .F. ) ;
#2034 = DIRECTION ( 'NONE',  ( -0.000000000000000000, 0.000000000000000000, 1.000000000000000000 ) ) ;
#2035 = DIRECTION ( 'NONE',  ( 0.000000000000000000, 0.000000000000000000, -1.000000000000000000 ) ) ;
#2036 = VECTOR ( 'NONE', #5720, 1000.000000000000000 ) ;
#2037 = VECTOR ( 'NONE', #4812, 999.9999999999998863 ) ;
#2038 = VECTOR ( 'NONE', #2635, 1000.000000000000000 ) ;
#2039 = EDGE_LOOP ( 'NONE', ( #4387, #1520, #2477, #258 ) ) ;
#2040 = DIRECTION ( 'NONE',  ( -0.9396926207859096492, 0.3420201433256653267, 0.000000000000000000 ) ) ;
#2041 = CYLINDRICAL_SURFACE ( 'NONE', #5224, 1.400000000000000133 ) ;
#2042 = ORIENTED_EDGE ( 'NONE', *, *, #5685, .F. ) ;
#2043 = CARTESIAN_POINT ( 'NONE',  ( 0.6800000000000000488, -2.949999999999990852, 0.3200000000000005618 ) ) ;
#2044 = LINE ( 'NONE', #3177, #6949 ) ;
#2045 = CARTESIAN_POINT ( 'NONE',  ( 2.749999999999996003, 16.60000000000000142, 0.5999999999999906519 ) ) ;
#2046 = VECTOR ( 'NONE', #2766, 1000.000000000000000 ) ;
#2047 = PLANE ( 'NONE',  #2843 ) ;
#2048 = VECTOR ( 'NONE', #4438, 1000.000000000000000 ) ;
#2049 = ORIENTED_EDGE ( 'NONE', *, *, #1152, .T. ) ;
#2050 = EDGE_CURVE ( 'NONE', #1563, #5566, #2044, .T. ) ;
#2051 = DIRECTION ( 'NONE',  ( 0.000000000000000000, -0.000000000000000000, -1.000000000000000000 ) ) ;
#2052 = CARTESIAN_POINT ( 'NONE',  ( -3.510791076685687351, -1.050370056351370263, 0.3200000000000005618 ) ) ;
#2053 = EDGE_LOOP ( 'NONE', ( #5694, #4062, #2113, #3890 ) ) ;
#2054 = VERTEX_POINT ( 'NONE', #3137 ) ;
#2055 = CARTESIAN_POINT ( 'NONE',  ( -3.348069116740395756, -2.951331855667884252, 0.3200000000000005618 ) ) ;
#2056 = EDGE_CURVE ( 'NONE', #631, #1432, #5128, .T. ) ;
#2057 = CARTESIAN_POINT ( 'NONE',  ( -3.319999999999999840, 16.60000000000000142, 0.3200000000000005618 ) ) ;
#2058 = CARTESIAN_POINT ( 'NONE',  ( 3.199999999999999734, 16.60000000000000142, -4.400000000000001243 ) ) ;
#2059 = VECTOR ( 'NONE', #5761, 1000.000000000000000 ) ;
#2060 = ORIENTED_EDGE ( 'NONE', *, *, #3278, .F. ) ;
#2061 = EDGE_CURVE ( 'NONE', #2584, #4282, #4600, .T. ) ;
#2062 = CIRCLE ( 'NONE', #2175, 1.400000000000000355 ) ;
#2063 = DIRECTION ( 'NONE',  ( 1.445602896647341480E-15, 0.000000000000000000, 1.000000000000000000 ) ) ;
#2064 = VERTEX_POINT ( 'NONE', #3611 ) ;
#2065 = LINE ( 'NONE', #6433, #6370 ) ;
#2066 = EDGE_CURVE ( 'NONE', #6459, #3099, #4334, .T. ) ;
#2067 = DIRECTION ( 'NONE',  ( -0.000000000000000000, -1.000000000000000000, -0.000000000000000000 ) ) ;
#2068 = CARTESIAN_POINT ( 'NONE',  ( -3.499999999999998224, 16.60000000000000142, 2.600000000000000089 ) ) ;
#2069 = VECTOR ( 'NONE', #2148, 1000.000000000000000 ) ;
#2070 = ORIENTED_EDGE ( 'NONE', *, *, #6328, .T. ) ;
#2071 = CARTESIAN_POINT ( 'NONE',  ( -0.6800000000000000488, 4.000000000000003553, 0.3200000000000004508 ) ) ;
#2072 = CIRCLE ( 'NONE', #2191, 2.000000000000000000 ) ;
#2073 = PRESENTATION_STYLE_ASSIGNMENT (( #3795 ) ) ;
#2074 = DIRECTION ( 'NONE',  ( 0.000000000000000000, 0.000000000000000000, 1.000000000000000000 ) ) ;
#2075 = CARTESIAN_POINT ( 'NONE',  ( 2.600000000000000533, 11.00000000000000000, -4.800000000000002487 ) ) ;
#2076 = ADVANCED_FACE ( 'NONE', ( #4891 ), #1617, .F. ) ;
#2077 = EDGE_LOOP ( 'NONE', ( #5765, #3851, #5282, #1647 ) ) ;
#2078 = CARTESIAN_POINT ( 'NONE',  ( 4.399999999999998579, 4.500000000000000888, 0.5999999999999986455 ) ) ;
#2079 = CARTESIAN_POINT ( 'NONE',  ( 5.500000000000000000, 0.000000000000000000, -2.400000000000002576 ) ) ;
#2080 = VERTEX_POINT ( 'NONE', #1068 ) ;
#2081 = LINE ( 'NONE', #4264, #4362 ) ;
#2082 = VECTOR ( 'NONE', #706, 1000.000000000000000 ) ;
#2083 = LINE ( 'NONE', #1512, #5473 ) ;
#2084 = ORIENTED_EDGE ( 'NONE', *, *, #4932, .F. ) ;
#2085 = LINE ( 'NONE', #1070, #1109 ) ;
#2086 = CARTESIAN_POINT ( 'NONE',  ( -4.899999999999997691, 16.60000000000000142, 0.6000000000000004219 ) ) ;
#2087 = ORIENTED_EDGE ( 'NONE', *, *, #4851, .F. ) ;
#2088 = DIRECTION ( 'NONE',  ( 1.000000000000000000, 0.000000000000000000, 0.000000000000000000 ) ) ;
#2089 = DIRECTION ( 'NONE',  ( -0.000000000000000000, 1.000000000000000000, -0.000000000000000000 ) ) ;
#2090 = ORIENTED_EDGE ( 'NONE', *, *, #6454, .F. ) ;
#2091 = VERTEX_POINT ( 'NONE', #2152 ) ;
#2092 = LINE ( 'NONE', #2656, #3251 ) ;
#2093 = CARTESIAN_POINT ( 'NONE',  ( -2.599999999999999645, 16.60000000000000142, -4.800000000000002487 ) ) ;
#2094 = ORIENTED_EDGE ( 'NONE', *, *, #1187, .T. ) ;
#2095 = ADVANCED_FACE ( 'NONE', ( #2719 ), #3839, .F. ) ;
#2096 = AXIS2_PLACEMENT_3D ( 'NONE', #3351, #3387, #5521 ) ;
#2097 = CARTESIAN_POINT ( 'NONE',  ( -4.899999999999997691, 16.60000000000000142, 0.5999999999999994227 ) ) ;
#2098 = ORIENTED_EDGE ( 'NONE', *, *, #6578, .F. ) ;
#2099 = DIRECTION ( 'NONE',  ( -0.000000000000000000, -1.000000000000000000, -0.000000000000000000 ) ) ;
#2100 = FACE_OUTER_BOUND ( 'NONE', #1262, .T. ) ;
#2101 = CARTESIAN_POINT ( 'NONE',  ( -3.199999999999999734, 16.60000000000000142, -4.700000000000001066 ) ) ;
#2102 = EDGE_CURVE ( 'NONE', #1274, #67, #6491, .T. ) ;
#2103 = EDGE_LOOP ( 'NONE', ( #5528, #3348, #1134, #2675 ) ) ;
#2104 = EDGE_CURVE ( 'NONE', #5580, #1383, #5953, .T. ) ;
#2105 = DIRECTION ( 'NONE',  ( 1.239088197126291310E-16, -0.000000000000000000, 1.000000000000000000 ) ) ;
#2106 = CARTESIAN_POINT ( 'NONE',  ( -3.200000000000000622, 10.05000000000000071, -4.700000000000001066 ) ) ;
#2107 = DIRECTION ( 'NONE',  ( -0.000000000000000000, -1.000000000000000000, -0.000000000000000000 ) ) ;
#2108 = CARTESIAN_POINT ( 'NONE',  ( -0.8499999999999996447, 0.000000000000000000, 2.599999999999999645 ) ) ;
#2109 = EDGE_CURVE ( 'NONE', #3915, #1379, #494, .T. ) ;
#2110 = ORIENTED_EDGE ( 'NONE', *, *, #1399, .T. ) ;
#2111 = LINE ( 'NONE', #2604, #2069 ) ;
#2112 = CARTESIAN_POINT ( 'NONE',  ( -0.7058136870931380757, 11.00000000000000000, -0.3596300361754456443 ) ) ;
#2113 = ORIENTED_EDGE ( 'NONE', *, *, #792, .T. ) ;
#2114 = CARTESIAN_POINT ( 'NONE',  ( 0.8500000000000005329, 16.60000000000000142, 2.599999999999999645 ) ) ;
#2115 = DIRECTION ( 'NONE',  ( -0.000000000000000000, -1.000000000000000000, -0.000000000000000000 ) ) ;
#2116 = EDGE_CURVE ( 'NONE', #1980, #5218, #1575, .T. ) ;
#2117 = CARTESIAN_POINT ( 'NONE',  ( -0.6800000000000000488, 4.000000000000003553, -0.3199999999999995071 ) ) ;
#2118 = EDGE_CURVE ( 'NONE', #5841, #726, #2647, .T. ) ;
#2119 = CARTESIAN_POINT ( 'NONE',  ( 0.6800000000000000488, 9.349999999999997868, 0.3200000000000005618 ) ) ;
#2120 = ORIENTED_EDGE ( 'NONE', *, *, #1678, .T. ) ;
#2121 = CARTESIAN_POINT ( 'NONE',  ( 3.199999999999998845, 10.05000000000000071, -4.700000000000001066 ) ) ;
#2122 = VECTOR ( 'NONE', #116, 1000.000000000000000 ) ;
#2123 = DIRECTION ( 'NONE',  ( 0.000000000000000000, 0.000000000000000000, 1.000000000000000000 ) ) ;
#2124 = EDGE_LOOP ( 'NONE', ( #5825, #4332, #6288, #4172 ) ) ;
#2125 = ORIENTED_EDGE ( 'NONE', *, *, #1712, .T. ) ;
#2126 = ADVANCED_FACE ( 'NONE', ( #4850 ), #526, .T. ) ;
#2127 = CARTESIAN_POINT ( 'NONE',  ( -5.049999999999999822, -1.199999999999999956, -1.500000000000000000 ) ) ;
#2128 = DIRECTION ( 'NONE',  ( 0.000000000000000000, 1.000000000000000000, 0.000000000000000000 ) ) ;
#2129 = CARTESIAN_POINT ( 'NONE',  ( 2.949999999999999289, 4.000000000000000000, 2.200000000000000178 ) ) ;
#2130 = VERTEX_POINT ( 'NONE', #4298 ) ;
#2131 = DIRECTION ( 'NONE',  ( 1.000000000000000000, 0.000000000000000000, -0.000000000000000000 ) ) ;
#2132 = ORIENTED_EDGE ( 'NONE', *, *, #2184, .F. ) ;
#2133 = ORIENTED_EDGE ( 'NONE', *, *, #1968, .T. ) ;
#2134 = CARTESIAN_POINT ( 'NONE',  ( -0.7470253067222620835, 9.534150516751433102, 0.2529746932777384716 ) ) ;
#2135 = DIRECTION ( 'NONE',  ( 0.000000000000000000, 0.000000000000000000, -1.000000000000000000 ) ) ;
#2136 = EDGE_CURVE ( 'NONE', #326, #805, #2642, .T. ) ;
#2137 = LINE ( 'NONE', #5402, #1104 ) ;
#2138 = ORIENTED_EDGE ( 'NONE', *, *, #1855, .F. ) ;
#2140 = CARTESIAN_POINT ( 'NONE',  ( 0.6800000000000000488, 9.349999999999997868, 0.3200000000000005618 ) ) ;
#2139 = VECTOR ( 'NONE', #1488, 1000.000000000000000 ) ;
#2141 = CARTESIAN_POINT ( 'NONE',  ( -3.499999999999998224, 4.500000000000000888, 1.499999999999999556 ) ) ;
#2142 = EDGE_CURVE ( 'NONE', #5566, #4844, #3243, .T. ) ;
#2143 = ORIENTED_EDGE ( 'NONE', *, *, #1135, .F. ) ;
#2144 = PRESENTATION_LAYER_ASSIGNMENT (  '', '', ( #6011 ) ) ;
#2145 = VECTOR ( 'NONE', #1531, 1000.000000000000000 ) ;
#2146 = ORIENTED_EDGE ( 'NONE', *, *, #16, .F. ) ;
#2147 = ORIENTED_EDGE ( 'NONE', *, *, #6880, .T. ) ;
#2148 = DIRECTION ( 'NONE',  ( 1.445602896647341480E-15, -0.000000000000000000, 1.000000000000000000 ) ) ;
#2149 = CARTESIAN_POINT ( 'NONE',  ( -3.200000000000000622, 10.05000000000000071, -4.400000000000001243 ) ) ;
#2150 = ORIENTED_EDGE ( 'NONE', *, *, #5605, .T. ) ;
#2151 = CARTESIAN_POINT ( 'NONE',  ( 2.570791076685688292, -1.050370056351370263, -0.3199999999999998956 ) ) ;
#2152 = CARTESIAN_POINT ( 'NONE',  ( 3.190659780604994555, -3.288897266363071559, -0.1926104180068289318 ) ) ;
#2153 = DIRECTION ( 'NONE',  ( 1.000000000000000000, -0.000000000000000000, -0.000000000000000000 ) ) ;
#2154 = AXIS2_PLACEMENT_3D ( 'NONE', #5712, #6209, #6848 ) ;
#2155 = EDGE_CURVE ( 'NONE', #1759, #6437, #4746, .T. ) ;
#2156 = DIRECTION ( 'NONE',  ( -1.000000000000000000, 0.000000000000000000, 1.694065894508601171E-16 ) ) ;
#2157 = CIRCLE ( 'NONE', #1006, 2.000000000000000888 ) ;
#2158 = VERTEX_POINT ( 'NONE', #1572 ) ;
#2159 = AXIS2_PLACEMENT_3D ( 'NONE', #3534, #6805, #3360 ) ;
#2160 = DIRECTION ( 'NONE',  ( 0.000000000000000000, 0.000000000000000000, 1.000000000000000000 ) ) ;
#2161 = AXIS2_PLACEMENT_3D ( 'NONE', #4303, #4935, #6607 ) ;
#2162 = PLANE ( 'NONE',  #1861 ) ;
#2163 = ORIENTED_EDGE ( 'NONE', *, *, #4564, .T. ) ;
#2164 = ORIENTED_EDGE ( 'NONE', *, *, #1083, .F. ) ;
#2165 = DIRECTION ( 'NONE',  ( 0.000000000000000000, 0.000000000000000000, -1.000000000000000000 ) ) ;
#2166 = AXIS2_PLACEMENT_3D ( 'NONE', #2185, #1065, #5913 ) ;
#2167 = ORIENTED_EDGE ( 'NONE', *, *, #1885, .F. ) ;
#2168 = CARTESIAN_POINT ( 'NONE',  ( -3.499999999999998224, 16.60000000000000142, -3.800000000000001155 ) ) ;
#2169 = ORIENTED_EDGE ( 'NONE', *, *, #3761, .T. ) ;
#2170 = EDGE_LOOP ( 'NONE', ( #2222, #5828, #3968, #3846 ) ) ;
#2171 = CARTESIAN_POINT ( 'NONE',  ( 0.6800000000000000488, 16.60000000000000142, -0.3199999999999993960 ) ) ;
#2172 = AXIS2_PLACEMENT_3D ( 'NONE', #5263, #879, #5169 ) ;
#2173 = PLANE ( 'NONE',  #988 ) ;
#2174 = DIRECTION ( 'NONE',  ( 0.000000000000000000, -1.000000000000000000, 0.000000000000000000 ) ) ;
#2175 = AXIS2_PLACEMENT_3D ( 'NONE', #2664, #4283, #6365 ) ;
#2176 = ORIENTED_EDGE ( 'NONE', *, *, #2896, .F. ) ;
#2177 = AXIS2_PLACEMENT_3D ( 'NONE', #5120, #1270, #226 ) ;
#2178 =( NAMED_UNIT ( * ) SI_UNIT ( $, .STERADIAN. ) SOLID_ANGLE_UNIT ( ) );
#2179 = CARTESIAN_POINT ( 'NONE',  ( -0.6800000000000000488, 4.500000000000000888, -0.3199999999999995071 ) ) ;
#2180 = FACE_OUTER_BOUND ( 'NONE', #6747, .T. ) ;
#2181 = AXIS2_PLACEMENT_3D ( 'NONE', #3134, #6954, #5274 ) ;
#2182 = AXIS2_PLACEMENT_3D ( 'NONE', #623, #6688, #5093 ) ;
#2183 = ORIENTED_EDGE ( 'NONE', *, *, #2102, .F. ) ;
#2184 = EDGE_CURVE ( 'NONE', #5031, #3837, #5912, .T. ) ;
#2185 = CARTESIAN_POINT ( 'NONE',  ( -3.499999999999998668, 4.000000000000000000, -2.400000000000001243 ) ) ;
#2186 = ORIENTED_EDGE ( 'NONE', *, *, #5628, .T. ) ;
#2187 = CARTESIAN_POINT ( 'NONE',  ( -3.319999999999999840, 4.000000000000003553, -0.3199999999999993960 ) ) ;
#2188 = DIRECTION ( 'NONE',  ( -1.000000000000000000, 0.000000000000000000, 0.000000000000000000 ) ) ;
#2189 = VERTEX_POINT ( 'NONE', #3105 ) ;
#2190 = CARTESIAN_POINT ( 'NONE',  ( -2.599999999999999645, 16.60000000000000142, -4.800000000000002487 ) ) ;
#2191 = AXIS2_PLACEMENT_3D ( 'NONE', #7020, #3246, #5417 ) ;
#2192 = DIRECTION ( 'NONE',  ( 1.000000000000000000, 0.000000000000000000, 0.000000000000000000 ) ) ;
#2193 = ORIENTED_EDGE ( 'NONE', *, *, #2551, .T. ) ;
#2194 = VECTOR ( 'NONE', #6135, 1000.000000000000000 ) ;
#2195 = EDGE_CURVE ( 'NONE', #3112, #3947, #7017, .T. ) ;
#2196 = CARTESIAN_POINT ( 'NONE',  ( 3.150000000000000355, 0.000000000000000000, 2.599999999999999201 ) ) ;
#2197 = CARTESIAN_POINT ( 'NONE',  ( 2.870791076685689003, -1.050370056351370263, 0.3200000000000005618 ) ) ;
#2198 = ORIENTED_EDGE ( 'NONE', *, *, #4421, .F. ) ;
#2199 = VERTEX_POINT ( 'NONE', #992 ) ;
#2200 = LINE ( 'NONE', #5359, #2239 ) ;
#2201 =( LENGTH_UNIT ( ) NAMED_UNIT ( * ) SI_UNIT ( .MILLI., .METRE. ) );
#2202 = LINE ( 'NONE', #6571, #4994 ) ;
#2203 = EDGE_LOOP ( 'NONE', ( #5852, #2354, #534, #2995 ) ) ;
#2204 = AXIS2_PLACEMENT_3D ( 'NONE', #1277, #2424, #1163 ) ;
#2205 = VERTEX_POINT ( 'NONE', #2677 ) ;
#2206 = ADVANCED_FACE ( 'NONE', ( #6443 ), #5949, .F. ) ;
#2207 = CARTESIAN_POINT ( 'NONE',  ( -1.649999999999999467, 7.900000000000000355, 2.099999999999999645 ) ) ;
#2208 = VERTEX_POINT ( 'NONE', #2715 ) ;
#2209 = ORIENTED_EDGE ( 'NONE', *, *, #5232, .F. ) ;
#2210 = CARTESIAN_POINT ( 'NONE',  ( 4.899999999999998579, 16.60000000000000142, -0.1500000000000069056 ) ) ;
#2211 = EDGE_CURVE ( 'NONE', #423, #249, #2111, .T. ) ;
#2212 = ADVANCED_FACE ( 'NONE', ( #3689 ), #5414, .F. ) ;
#2213 = CARTESIAN_POINT ( 'NONE',  ( -2.949999999999999289, 4.000000000000000000, 2.200000000000000178 ) ) ;
#2214 = DIRECTION ( 'NONE',  ( -0.000000000000000000, -1.000000000000000000, -0.000000000000000000 ) ) ;
#2215 = VERTEX_POINT ( 'NONE', #2571 ) ;
#2216 = EDGE_LOOP ( 'NONE', ( #4241, #6176, #1845, #2842 ) ) ;
#2217 = CARTESIAN_POINT ( 'NONE',  ( 1.047142365151673360, 16.60000000000000142, -3.800000000000001599 ) ) ;
#2218 = DIRECTION ( 'NONE',  ( 0.000000000000000000, 0.000000000000000000, -1.000000000000000000 ) ) ;
#2219 = DIRECTION ( 'NONE',  ( -1.000000000000000000, 0.000000000000000000, 0.000000000000000000 ) ) ;
#2220 = VERTEX_POINT ( 'NONE', #5342 ) ;
#2221 = EDGE_LOOP ( 'NONE', ( #4729, #4901, #6507, #2518 ) ) ;
#2222 = ORIENTED_EDGE ( 'NONE', *, *, #683, .T. ) ;
#2223 = CARTESIAN_POINT ( 'NONE',  ( -1.049999999999999822, 4.000000000000000000, 2.200000000000000178 ) ) ;
#2224 = ORIENTED_EDGE ( 'NONE', *, *, #6204, .F. ) ;
#2225 = DIRECTION ( 'NONE',  ( 0.000000000000000000, 0.000000000000000000, 1.000000000000000000 ) ) ;
#2226 = ORIENTED_EDGE ( 'NONE', *, *, #6612, .T. ) ;
#2227 = LINE ( 'NONE', #4404, #3995 ) ;
#2228 = FACE_OUTER_BOUND ( 'NONE', #3228, .T. ) ;
#2229 = ORIENTED_EDGE ( 'NONE', *, *, #2136, .F. ) ;
#2230 = PLANE ( 'NONE',  #3171 ) ;
#2231 = DIRECTION ( 'NONE',  ( -1.000000000000000000, 0.000000000000000000, 7.885106708985496922E-16 ) ) ;
#2232 = ORIENTED_EDGE ( 'NONE', *, *, #257, .F. ) ;
#2233 = ORIENTED_EDGE ( 'NONE', *, *, #3294, .F. ) ;
#2234 = FACE_OUTER_BOUND ( 'NONE', #6357, .T. ) ;
#2235 = CARTESIAN_POINT ( 'NONE',  ( 2.600000000000000533, 11.00000000000000000, -4.800000000000002487 ) ) ;
#2236 = LINE ( 'NONE', #6537, #998 ) ;
#2237 = EDGE_CURVE ( 'NONE', #1779, #3837, #4886, .T. ) ;
#2238 = EDGE_LOOP ( 'NONE', ( #4398, #6756, #6190, #1776 ) ) ;
#2239 = VECTOR ( 'NONE', #469, 1000.000000000000000 ) ;
#2240 = CARTESIAN_POINT ( 'NONE',  ( -3.499999999999998668, 4.500000000000000888, -2.400000000000001243 ) ) ;
#2241 = LINE ( 'NONE', #3302, #705 ) ;
#2242 = ORIENTED_EDGE ( 'NONE', *, *, #6674, .T. ) ;
#2243 = ORIENTED_EDGE ( 'NONE', *, *, #5081, .T. ) ;
#2244 = CARTESIAN_POINT ( 'NONE',  ( 3.499999999999997780, 4.500000000000000888, -3.300000000000002487 ) ) ;
#2245 = PLANE ( 'NONE',  #4100 ) ;
#2246 = CARTESIAN_POINT ( 'NONE',  ( -1.600000000000000977, 9.799999999999998934, -5.500000000000001776 ) ) ;
#2247 = ADVANCED_FACE ( 'NONE', ( #959 ), #5303, .F. ) ;
#2248 = ORIENTED_EDGE ( 'NONE', *, *, #435, .T. ) ;
#2249 = EDGE_LOOP ( 'NONE', ( #2569, #4352, #4346, #4242 ) ) ;
#2250 = ADVANCED_FACE ( 'NONE', ( #411 ), #5874, .F. ) ;
#2251 = CARTESIAN_POINT ( 'NONE',  ( 1.320000000000000062, 16.60000000000000142, -0.3199999999999995071 ) ) ;
#2252 = DIRECTION ( 'NONE',  ( 1.239088197126291310E-16, 0.000000000000000000, 1.000000000000000000 ) ) ;
#2253 = CARTESIAN_POINT ( 'NONE',  ( 0.8275611012819393819, -3.355420793761980214, 0.1724388987180612010 ) ) ;
#2254 = ORIENTED_EDGE ( 'NONE', *, *, #4468, .T. ) ;
#2255 = ADVANCED_FACE ( 'NONE', ( #4295 ), #1542, .F. ) ;
#2256 = VERTEX_POINT ( 'NONE', #5379 ) ;
#2257 = VECTOR ( 'NONE', #5662, 1000.000000000000000 ) ;
#2258 = CARTESIAN_POINT ( 'NONE',  ( 2.807389581993172012, 9.700000000000001066, 0.3200000000000005618 ) ) ;
#2259 = ORIENTED_EDGE ( 'NONE', *, *, #1529, .T. ) ;
#2260 = FILL_AREA_STYLE_COLOUR ( '', #6630 ) ;
#2261 = ORIENTED_EDGE ( 'NONE', *, *, #2342, .F. ) ;
#2262 = CARTESIAN_POINT ( 'NONE',  ( 1.249999999999999778, 16.60000000000000142, 2.499999999999999556 ) ) ;
#2263 = CARTESIAN_POINT ( 'NONE',  ( 2.600000000000000533, 16.60000000000000142, -3.300000000000002487 ) ) ;
#2264 = VECTOR ( 'NONE', #4602, 1000.000000000000000 ) ;
#2265 = VECTOR ( 'NONE', #4393, 1000.000000000000000 ) ;
#2266 = ORIENTED_EDGE ( 'NONE', *, *, #2313, .F. ) ;
#2267 = CARTESIAN_POINT ( 'NONE',  ( -0.8073895819931710127, 9.700000000000001066, 0.1926104180068295701 ) ) ;
#2268 = VECTOR ( 'NONE', #3705, 1000.000000000000000 ) ;
#2269 = DIRECTION ( 'NONE',  ( 9.293161478447176073E-16, 0.000000000000000000, 1.000000000000000000 ) ) ;
#2270 = VECTOR ( 'NONE', #3503, 1000.000000000000000 ) ;
#2271 = EDGE_LOOP ( 'NONE', ( #4986, #5623, #2973, #6555 ) ) ;
#2272 = DIRECTION ( 'NONE',  ( 0.000000000000000000, 0.000000000000000000, 1.000000000000000000 ) ) ;
#2273 = VECTOR ( 'NONE', #5620, 1000.000000000000000 ) ;
#2274 = LINE ( 'NONE', #4452, #1243 ) ;
#2275 = LINE ( 'NONE', #3473, #305 ) ;
#2276 = VECTOR ( 'NONE', #5956, 1000.000000000000000 ) ;
#2277 = ADVANCED_FACE ( 'NONE', ( #3723 ), #3173, .T. ) ;
#2278 = VECTOR ( 'NONE', #5049, 1000.000000000000000 ) ;
#2279 = ORIENTED_EDGE ( 'NONE', *, *, #4686, .F. ) ;
#2280 = LINE ( 'NONE', #1535, #87 ) ;
#2281 = CARTESIAN_POINT ( 'NONE',  ( 3.348069116740395756, -2.951331855667884252, 0.3200000000000005618 ) ) ;
#2282 = EDGE_CURVE ( 'NONE', #4671, #4552, #3088, .T. ) ;
#2283 = ORIENTED_EDGE ( 'NONE', *, *, #4860, .T. ) ;
#2284 = VERTEX_POINT ( 'NONE', #1471 ) ;
#2285 = FACE_OUTER_BOUND ( 'NONE', #5710, .T. ) ;
#2286 = CARTESIAN_POINT ( 'NONE',  ( -3.348069116740395756, -2.951331855667884252, -0.3199999999999998956 ) ) ;
#2287 = DIRECTION ( 'NONE',  ( 0.000000000000000000, 0.000000000000000000, 1.000000000000000000 ) ) ;
#2288 = VERTEX_POINT ( 'NONE', #3650 ) ;
#2289 = VERTEX_POINT ( 'NONE', #5658 ) ;
#2290 = VECTOR ( 'NONE', #1824, 1000.000000000000000 ) ;
#2291 = CARTESIAN_POINT ( 'NONE',  ( -3.507214092891928647, -1.132296454534169161, 0.3200000000000005618 ) ) ;
#2292 = EDGE_CURVE ( 'NONE', #5099, #4780, #4606, .T. ) ;
#2293 = LINE ( 'NONE', #720, #4339 ) ;
#2294 = CARTESIAN_POINT ( 'NONE',  ( 4.399999999999998579, 4.500000000000000888, 0.5999999999999986455 ) ) ;
#2295 = FACE_OUTER_BOUND ( 'NONE', #3950, .T. ) ;
#2296 = AXIS2_PLACEMENT_3D ( 'NONE', #4947, #5096, #6620 ) ;
#2297 = ORIENTED_EDGE ( 'NONE', *, *, #2342, .T. ) ;
#2298 = LINE ( 'NONE', #2933, #3647 ) ;
#2299 = AXIS2_PLACEMENT_3D ( 'NONE', #6412, #6911, #6379 ) ;
#2300 = EDGE_LOOP ( 'NONE', ( #663, #6979, #5353, #5043 ) ) ;
#2301 = SURFACE_STYLE_USAGE ( .BOTH. , #4440 ) ;
#2302 = ORIENTED_EDGE ( 'NONE', *, *, #3518, .T. ) ;
#2303 = CARTESIAN_POINT ( 'NONE',  ( 1.047142365151673360, 11.00000000000000000, -3.800000000000001599 ) ) ;
#2304 = LINE ( 'NONE', #6775, #1822 ) ;
#2305 = AXIS2_PLACEMENT_3D ( 'NONE', #4493, #4005, #5621 ) ;
#2306 = VERTEX_POINT ( 'NONE', #1347 ) ;
#2307 = PLANE ( 'NONE',  #6590 ) ;
#2308 = LINE ( 'NONE', #6181, #2646 ) ;
#2309 = VECTOR ( 'NONE', #1766, 1000.000000000000000 ) ;
#2310 = ORIENTED_EDGE ( 'NONE', *, *, #6674, .F. ) ;
#2311 = DIRECTION ( 'NONE',  ( 0.000000000000000000, -0.000000000000000000, -1.000000000000000000 ) ) ;
#2312 = DIRECTION ( 'NONE',  ( 0.3236155771181817298, 0.8891264907159904807, -0.3236155771181817298 ) ) ;
#2313 = EDGE_CURVE ( 'NONE', #1080, #3542, #203, .T. ) ;
#2314 = ORIENTED_EDGE ( 'NONE', *, *, #1287, .T. ) ;
#2315 = ORIENTED_EDGE ( 'NONE', *, *, #2351, .T. ) ;
#2316 = CARTESIAN_POINT ( 'NONE',  ( -3.419999999999998597, 9.349999999999997868, 0.3200000000000005618 ) ) ;
#2317 = CARTESIAN_POINT ( 'NONE',  ( 3.499999999999998224, 9.700000000000001066, 0.1926104180068295701 ) ) ;
#2318 = ORIENTED_EDGE ( 'NONE', *, *, #408, .T. ) ;
#2319 = ORIENTED_EDGE ( 'NONE', *, *, #6887, .F. ) ;
#2320 = CARTESIAN_POINT ( 'NONE',  ( 2.350000000000000533, 7.900000000000000355, 2.099999999999998757 ) ) ;
#2321 = CARTESIAN_POINT ( 'NONE',  ( 1.049999999999999822, 4.000000000000000000, 2.000000000000000444 ) ) ;
#2322 = CARTESIAN_POINT ( 'NONE',  ( -1.320000000000000062, 9.349999999999997868, 0.3200000000000005618 ) ) ;
#2323 = ADVANCED_FACE ( 'NONE', ( #3529 ), #3940, .T. ) ;
#2324 = ORIENTED_EDGE ( 'NONE', *, *, #2580, .T. ) ;
#2325 = VERTEX_POINT ( 'NONE', #6089 ) ;
#2326 = FACE_OUTER_BOUND ( 'NONE', #6723, .T. ) ;
#2327 = FACE_BOUND ( 'NONE', #521, .T. ) ;
#2328 = LINE ( 'NONE', #3273, #951 ) ;
#2329 = CARTESIAN_POINT ( 'NONE',  ( -1.047142365151673360, 16.60000000000000142, -3.800000000000001599 ) ) ;
#2330 = ADVANCED_FACE ( 'NONE', ( #2964 ), #717, .F. ) ;
#2331 = VERTEX_POINT ( 'NONE', #6770 ) ;
#2332 = CARTESIAN_POINT ( 'NONE',  ( -3.499999999999998224, 4.000000000000000000, 2.000000000000000000 ) ) ;
#2333 = ORIENTED_EDGE ( 'NONE', *, *, #3575, .F. ) ;
#2334 = CARTESIAN_POINT ( 'NONE',  ( -1.049999999999999822, 16.60000000000000142, 2.000000000000000444 ) ) ;
#2335 = ORIENTED_EDGE ( 'NONE', *, *, #5065, .T. ) ;
#2336 = CARTESIAN_POINT ( 'NONE',  ( -3.319999999999999840, 16.60000000000000142, -0.3199999999999993960 ) ) ;
#2337 = PLANE ( 'NONE',  #1583 ) ;
#2338 = EDGE_CURVE ( 'NONE', #1208, #5267, #2361, .T. ) ;
#2339 = VECTOR ( 'NONE', #1866, 1000.000000000000000 ) ;
#2340 = ORIENTED_EDGE ( 'NONE', *, *, #3549, .F. ) ;
#2341 = DIRECTION ( 'NONE',  ( 1.000000000000000000, 0.000000000000000000, -1.239088197126291310E-16 ) ) ;
#2342 = EDGE_CURVE ( 'NONE', #146, #3539, #6699, .T. ) ;
#2343 = DIRECTION ( 'NONE',  ( 0.000000000000000000, -0.3420201433256663259, 0.9396926207859093161 ) ) ;
#2344 = ORIENTED_EDGE ( 'NONE', *, *, #3596, .T. ) ;
#2345 = CARTESIAN_POINT ( 'NONE',  ( 1.599999999999999645, 14.00000000000000000, -5.500000000000001776 ) ) ;
#2346 = DIRECTION ( 'NONE',  ( 0.000000000000000000, 0.000000000000000000, -1.000000000000000000 ) ) ;
#2347 = VERTEX_POINT ( 'NONE', #816 ) ;
#2348 = ORIENTED_EDGE ( 'NONE', *, *, #5866, .F. ) ;
#2349 = CARTESIAN_POINT ( 'NONE',  ( -3.319999999999999840, 0.000000000000000000, 0.3200000000000005618 ) ) ;
#2350 = ORIENTED_EDGE ( 'NONE', *, *, #5673, .T. ) ;
#2351 = EDGE_CURVE ( 'NONE', #2920, #6790, #6495, .T. ) ;
#2352 = FACE_BOUND ( 'NONE', #6008, .T. ) ;
#2353 = VERTEX_POINT ( 'NONE', #2996 ) ;
#2354 = ORIENTED_EDGE ( 'NONE', *, *, #1603, .F. ) ;
#2355 = LINE ( 'NONE', #2320, #567 ) ;
#2356 = CARTESIAN_POINT ( 'NONE',  ( 1.192610418006827322, -3.299999999999999822, 0.1926104180068278493 ) ) ;
#2357 = CARTESIAN_POINT ( 'NONE',  ( 2.949999999999999289, 4.000000000000000000, 2.200000000000000178 ) ) ;
#2358 = VECTOR ( 'NONE', #4591, 1000.000000000000000 ) ;
#2359 = EDGE_LOOP ( 'NONE', ( #1525, #6014, #3546, #1596 ) ) ;
#2360 = EDGE_LOOP ( 'NONE', ( #1554, #2895, #5105, #1161 ) ) ;
#2361 = LINE ( 'NONE', #1250, #7069 ) ;
#2362 = LINE ( 'NONE', #5485, #6264 ) ;
#2363 = DIRECTION ( 'NONE',  ( -1.000000000000000000, 0.000000000000000000, -0.000000000000000000 ) ) ;
#2364 = CARTESIAN_POINT ( 'NONE',  ( 2.680000000000000160, 4.000000000000000000, 0.3200000000000005618 ) ) ;
#2365 = EDGE_LOOP ( 'NONE', ( #883, #2014, #4454, #6557 ) ) ;
#2366 = CARTESIAN_POINT ( 'NONE',  ( -3.499999999999998224, 4.000000000000000000, 0.5999999999999996447 ) ) ;
#2367 = EDGE_LOOP ( 'NONE', ( #6762, #5587, #3053, #1876 ) ) ;
#2368 =( LENGTH_UNIT ( ) NAMED_UNIT ( * ) SI_UNIT ( .MILLI., .METRE. ) );
#2369 = EDGE_CURVE ( 'NONE', #332, #1813, #1209, .T. ) ;
#2370 = DIRECTION ( 'NONE',  ( 0.000000000000000000, 0.000000000000000000, 1.000000000000000000 ) ) ;
#2371 = CIRCLE ( 'NONE', #1337, 0.7999999999999999334 ) ;
#2372 = ADVANCED_FACE ( 'NONE', ( #1887 ), #133, .T. ) ;
#2373 = EDGE_LOOP ( 'NONE', ( #6332, #3778, #60, #5553 ) ) ;
#2374 = CARTESIAN_POINT ( 'NONE',  ( -4.399999999999999467, 4.500000000000000888, -2.400000000000001243 ) ) ;
#2375 = CARTESIAN_POINT ( 'NONE',  ( -2.350000000000000089, 16.60000000000000142, 1.499999999999999556 ) ) ;
#2376 = EDGE_CURVE ( 'NONE', #3805, #4624, #1288, .T. ) ;
#2377 = ORIENTED_EDGE ( 'NONE', *, *, #731, .F. ) ;
#2378 = DIRECTION ( 'NONE',  ( 0.000000000000000000, 0.000000000000000000, 1.000000000000000000 ) ) ;
#2379 = AXIS2_PLACEMENT_3D ( 'NONE', #7047, #4871, #1561 ) ;
#2380 = VECTOR ( 'NONE', #3750, 1000.000000000000114 ) ;
#2381 = VERTEX_POINT ( 'NONE', #1857 ) ;
#2382 = ORIENTED_EDGE ( 'NONE', *, *, #6326, .F. ) ;
#2383 = MECHANICAL_DESIGN_GEOMETRIC_PRESENTATION_REPRESENTATION (  '', ( #5558 ), #6815 ) ;
#2384 = AXIS2_PLACEMENT_3D ( 'NONE', #3323, #1263, #5639 ) ;
#2385 = PLANE ( 'NONE',  #1001 ) ;
#2386 = ORIENTED_EDGE ( 'NONE', *, *, #5983, .F. ) ;
#2387 = CARTESIAN_POINT ( 'NONE',  ( -1.320000000000000062, 15.80509667991878153, 0.3200000000000005618 ) ) ;
#2388 = ORIENTED_EDGE ( 'NONE', *, *, #4386, .T. ) ;
#2389 = ORIENTED_EDGE ( 'NONE', *, *, #5764, .F. ) ;
#2390 = CARTESIAN_POINT ( 'NONE',  ( 0.000000000000000000, -3.299999999999999822, 0.1926104180068278493 ) ) ;
#2391 = FACE_OUTER_BOUND ( 'NONE', #3824, .T. ) ;
#2392 = VECTOR ( 'NONE', #4786, 1000.000000000000000 ) ;
#2394 = AXIS2_PLACEMENT_3D ( 'NONE', #2601, #3131, #6408 ) ;
#2393 = CARTESIAN_POINT ( 'NONE',  ( -2.679999999999999716, -0.4500000000000000111, 0.3200000000000005618 ) ) ;
#2395 = ADVANCED_FACE ( 'NONE', ( #90 ), #5629, .T. ) ;
#2396 = AXIS2_PLACEMENT_3D ( 'NONE', #4289, #5475, #3716 ) ;
#2397 = ORIENTED_EDGE ( 'NONE', *, *, #6806, .F. ) ;
#2398 = CARTESIAN_POINT ( 'NONE',  ( 0.6800000000000000488, 16.60000000000000142, -0.3199999999999993960 ) ) ;
#2399 = LINE ( 'NONE', #4052, #1371 ) ;
#2400 = AXIS2_PLACEMENT_3D ( 'NONE', #6964, #6318, #1442 ) ;
#2401 = CARTESIAN_POINT ( 'NONE',  ( -2.949999999999999289, 16.60000000000000142, 2.200000000000000178 ) ) ;
#2402 = DIRECTION ( 'NONE',  ( 1.000000000000000000, 0.000000000000000000, -1.694065894508601171E-16 ) ) ;
#2403 = VECTOR ( 'NONE', #4508, 1000.000000000000000 ) ;
#2404 = ORIENTED_EDGE ( 'NONE', *, *, #1756, .T. ) ;
#2405 = LINE ( 'NONE', #5667, #3422 ) ;
#2406 = ORIENTED_EDGE ( 'NONE', *, *, #7035, .T. ) ;
#2407 = LINE ( 'NONE', #3035, #5484 ) ;
#2408 = ORIENTED_EDGE ( 'NONE', *, *, #2709, .F. ) ;
#2409 = CARTESIAN_POINT ( 'NONE',  ( -2.749999999999999556, 4.000000000000000000, 2.200000000000000178 ) ) ;
#2410 = CONICAL_SURFACE ( 'NONE', #1017, 0.3249999999999989009, 0.7853981633974539411 ) ;
#2411 = ADVANCED_FACE ( 'NONE', ( #2926 ), #6198, .F. ) ;
#2412 = ADVANCED_FACE ( 'NONE', ( #6123 ), #5555, .F. ) ;
#2413 = VECTOR ( 'NONE', #234, 1000.000000000000000 ) ;
#2414 = ORIENTED_EDGE ( 'NONE', *, *, #4079, .F. ) ;
#2415 = DIRECTION ( 'NONE',  ( 0.9396926207859093161, -0.3420201433256664925, 0.000000000000000000 ) ) ;
#2416 = CARTESIAN_POINT ( 'NONE',  ( -1.049999999999999822, 16.60000000000000142, 2.200000000000000178 ) ) ;
#2417 = LINE ( 'NONE', #6721, #4406 ) ;
#2418 = FACE_OUTER_BOUND ( 'NONE', #58, .T. ) ;
#2419 = ADVANCED_FACE ( 'NONE', ( #2326 ), #6663, .F. ) ;
#2420 = AXIS2_PLACEMENT_3D ( 'NONE', #3026, #5760, #4116 ) ;
#2421 = ADVANCED_FACE ( 'NONE', ( #4051 ), #1526, .F. ) ;
#2422 = ORIENTED_EDGE ( 'NONE', *, *, #5533, .F. ) ;
#2423 = DIRECTION ( 'NONE',  ( 1.000000000000000000, -0.000000000000000000, -9.293161478447185441E-17 ) ) ;
#2424 = DIRECTION ( 'NONE',  ( 0.000000000000000000, 1.000000000000000000, 0.000000000000000000 ) ) ;
#2425 = ORIENTED_EDGE ( 'NONE', *, *, #6185, .F. ) ;
#2426 = FACE_OUTER_BOUND ( 'NONE', #5426, .T. ) ;
#2427 = FACE_BOUND ( 'NONE', #2824, .T. ) ;
#2428 = CARTESIAN_POINT ( 'NONE',  ( 0.000000000000000000, -3.299999999999999822, 0.1926104180068278493 ) ) ;
#2429 = ADVANCED_FACE ( 'NONE', ( #5261 ), #3709, .F. ) ;
#2430 = EDGE_LOOP ( 'NONE', ( #6585, #3928, #4027, #1541 ) ) ;
#2431 = DIRECTION ( 'NONE',  ( -1.445602896647341480E-15, 0.000000000000000000, -1.000000000000000000 ) ) ;
#2432 = AXIS2_PLACEMENT_3D ( 'NONE', #2767, #4240, #3700 ) ;
#2433 = DIRECTION ( 'NONE',  ( 1.000000000000000000, 0.000000000000000000, 0.000000000000000000 ) ) ;
#2434 = EDGE_CURVE ( 'NONE', #1963, #6749, #5358, .T. ) ;
#2435 = DIRECTION ( 'NONE',  ( 0.000000000000000000, 0.000000000000000000, -1.000000000000000000 ) ) ;
#2436 = DIRECTION ( 'NONE',  ( 1.000000000000000000, 0.000000000000000000, 0.000000000000000000 ) ) ;
#2437 = CARTESIAN_POINT ( 'NONE',  ( 4.399999999999998579, 16.60000000000000142, 0.5999999999999986455 ) ) ;
#2438 = CARTESIAN_POINT ( 'NONE',  ( 3.199999999999999734, 16.60000000000000142, -4.400000000000001243 ) ) ;
#2439 = EDGE_CURVE ( 'NONE', #6217, #1330, #2559, .T. ) ;
#2440 = ORIENTED_EDGE ( 'NONE', *, *, #2282, .F. ) ;
#2441 = DIRECTION ( 'NONE',  ( 1.000000000000000000, 0.000000000000000000, -1.694065894508601171E-16 ) ) ;
#2442 = ORIENTED_EDGE ( 'NONE', *, *, #4509, .T. ) ;
#2443 = CARTESIAN_POINT ( 'NONE',  ( 3.419999999999998597, 9.349999999999997868, 0.3200000000000005618 ) ) ;
#2444 = ORIENTED_EDGE ( 'NONE', *, *, #5518, .F. ) ;
#2445 = CARTESIAN_POINT ( 'NONE',  ( -1.649999999999999023, 7.900000000000000355, 1.499999999999999556 ) ) ;
#2446 = CARTESIAN_POINT ( 'NONE',  ( -2.599999999999999645, 11.00000000000000000, -4.800000000000002487 ) ) ;
#2447 = DIRECTION ( 'NONE',  ( 1.000000000000000000, 0.000000000000000000, -1.694065894508601171E-16 ) ) ;
#2448 = EDGE_CURVE ( 'NONE', #3955, #4498, #5797, .T. ) ;
#2449 = FACE_OUTER_BOUND ( 'NONE', #5743, .T. ) ;
#2450 = VECTOR ( 'NONE', #971, 1000.000000000000000 ) ;
#2451 = VERTEX_POINT ( 'NONE', #1992 ) ;
#2452 = CARTESIAN_POINT ( 'NONE',  ( -3.319999999999999840, 4.500000000000003553, -0.3199999999999993960 ) ) ;
#2453 = LINE ( 'NONE', #6319, #1970 ) ;
#2454 = ORIENTED_EDGE ( 'NONE', *, *, #4165, .T. ) ;
#2455 = ORIENTED_EDGE ( 'NONE', *, *, #3694, .F. ) ;
#2456 = EDGE_CURVE ( 'NONE', #3915, #326, #5596, .T. ) ;
#2457 = CARTESIAN_POINT ( 'NONE',  ( -1.320000000000000062, 16.60000000000000142, 0.3200000000000005618 ) ) ;
#2458 = CARTESIAN_POINT ( 'NONE',  ( 3.150000000000000355, 0.000000000000000000, 2.899999999999999023 ) ) ;
#2459 = ORIENTED_EDGE ( 'NONE', *, *, #1896, .F. ) ;
#2460 = DIRECTION ( 'NONE',  ( -0.000000000000000000, 0.000000000000000000, 1.000000000000000000 ) ) ;
#2461 = DIRECTION ( 'NONE',  ( 1.000000000000000000, 0.000000000000000000, 0.000000000000000000 ) ) ;
#2462 = DIRECTION ( 'NONE',  ( 0.000000000000000000, 1.000000000000000000, 0.000000000000000000 ) ) ;
#2463 = EDGE_CURVE ( 'NONE', #139, #5767, #395, .T. ) ;
#2464 = LINE ( 'NONE', #1454, #5118 ) ;
#2465 = FACE_OUTER_BOUND ( 'NONE', #5399, .T. ) ;
#2466 = DIRECTION ( 'NONE',  ( 0.000000000000000000, 0.000000000000000000, -1.000000000000000000 ) ) ;
#2467 = VECTOR ( 'NONE', #2165, 1000.000000000000000 ) ;
#2468 = FACE_OUTER_BOUND ( 'NONE', #3886, .T. ) ;
#2469 = EDGE_LOOP ( 'NONE', ( #7004, #5060, #3616, #6220 ) ) ;
#2470 = LINE ( 'NONE', #6307, #1737 ) ;
#2471 = ORIENTED_EDGE ( 'NONE', *, *, #3922, .F. ) ;
#2472 = PLANE ( 'NONE',  #3166 ) ;
#2473 = ADVANCED_FACE ( 'NONE', ( #6899 ), #334, .F. ) ;
#2474 = ORIENTED_EDGE ( 'NONE', *, *, #5377, .F. ) ;
#2475 = CARTESIAN_POINT ( 'NONE',  ( -0.6800000000000000488, 16.60000000000000142, 0.3200000000000004508 ) ) ;
#2476 = DIRECTION ( 'NONE',  ( 5.782411586589355667E-16, 0.000000000000000000, 1.000000000000000000 ) ) ;
#2477 = ORIENTED_EDGE ( 'NONE', *, *, #4284, .F. ) ;
#2478 = DIRECTION ( 'NONE',  ( 1.445602896647341480E-15, 0.000000000000000000, -1.000000000000000000 ) ) ;
#2479 = PLANE ( 'NONE',  #1116 ) ;
#2480 = ORIENTED_EDGE ( 'NONE', *, *, #880, .F. ) ;
#2481 = CARTESIAN_POINT ( 'NONE',  ( 1.049999999999999822, 16.60000000000000142, 2.000000000000000444 ) ) ;
#2482 = VECTOR ( 'NONE', #5756, 1000.000000000000000 ) ;
#2483 = DIRECTION ( 'NONE',  ( -1.000000000000000000, 0.000000000000000000, -0.000000000000000000 ) ) ;
#2484 = EDGE_LOOP ( 'NONE', ( #3425, #4802, #5607, #4933 ) ) ;
#2485 = ORIENTED_EDGE ( 'NONE', *, *, #5905, .T. ) ;
#2486 = DIRECTION ( 'NONE',  ( -1.000000000000000000, 0.000000000000000000, 0.000000000000000000 ) ) ;
#2487 = EDGE_CURVE ( 'NONE', #5396, #6516, #4703, .T. ) ;
#2488 = EDGE_CURVE ( 'NONE', #5627, #4958, #698, .T. ) ;
#2489 = VECTOR ( 'NONE', #2017, 1000.000000000000000 ) ;
#2490 = VECTOR ( 'NONE', #337, 1000.000000000000000 ) ;
#2491 = ORIENTED_EDGE ( 'NONE', *, *, #3020, .T. ) ;
#2492 = EDGE_CURVE ( 'NONE', #4002, #4780, #6737, .T. ) ;
#2493 = DIRECTION ( 'NONE',  ( -1.000000000000000000, 0.000000000000000000, 0.000000000000000000 ) ) ;
#2494 = CARTESIAN_POINT ( 'NONE',  ( 2.679999999999998384, -3.244220324641498898, 0.3200000000000005618 ) ) ;
#2496 = CARTESIAN_POINT ( 'NONE',  ( 2.680000000000000160, 0.000000000000000000, 0.3200000000000005618 ) ) ;
#2495 = VECTOR ( 'NONE', #6992, 1000.000000000000000 ) ;
#2497 = AXIS2_PLACEMENT_3D ( 'NONE', #3284, #1102, #5457 ) ;
#2498 = DIRECTION ( 'NONE',  ( -1.694065894508601171E-16, 0.000000000000000000, -1.000000000000000000 ) ) ;
#2499 = CARTESIAN_POINT ( 'NONE',  ( -4.399999999999999467, 16.60000000000000142, -2.400000000000001243 ) ) ;
#2500 = EDGE_CURVE ( 'NONE', #1111, #1605, #6837, .T. ) ;
#2501 = CIRCLE ( 'NONE', #3411, 0.2999999999999999334 ) ;
#2502 = EDGE_CURVE ( 'NONE', #3040, #4089, #2523, .T. ) ;
#2503 = VECTOR ( 'NONE', #6912, 1000.000000000000000 ) ;
#2504 = CARTESIAN_POINT ( 'NONE',  ( 1.849999999999999867, 10.05000000000000071, -4.400000000000002132 ) ) ;
#2505 = LINE ( 'NONE', #6305, #1713 ) ;
#2506 = DIRECTION ( 'NONE',  ( -0.000000000000000000, -1.000000000000000000, -0.000000000000000000 ) ) ;
#2507 = CYLINDRICAL_SURFACE ( 'NONE', #2154, 0.2000000000000000944 ) ;
#2508 = AXIS2_PLACEMENT_3D ( 'NONE', #6062, #5525, #1296 ) ;
#2509 = ADVANCED_FACE ( 'NONE', ( #4151 ), #6325, .F. ) ;
#2510 = ORIENTED_EDGE ( 'NONE', *, *, #5602, .F. ) ;
#2511 = PLANE ( 'NONE',  #3071 ) ;
#2512 = VECTOR ( 'NONE', #5101, 1000.000000000000000 ) ;
#2513 = CARTESIAN_POINT ( 'NONE',  ( -0.8499999999999996447, 16.60000000000000142, 2.599999999999999645 ) ) ;
#2514 = CARTESIAN_POINT ( 'NONE',  ( -0.8073895819931710127, 9.700000000000001066, 0.5999999999999996447 ) ) ;
#2515 = DIRECTION ( 'NONE',  ( -0.000000000000000000, -1.000000000000000000, -0.000000000000000000 ) ) ;
#2516 = ADVANCED_FACE ( 'NONE', ( #1422 ), #6870, .F. ) ;
#2517 = AXIS2_PLACEMENT_3D ( 'NONE', #2390, #996, #1851 ) ;
#2518 = ORIENTED_EDGE ( 'NONE', *, *, #6880, .F. ) ;
#2519 = DIRECTION ( 'NONE',  ( 0.000000000000000000, 1.000000000000000000, 0.000000000000000000 ) ) ;
#2520 = CARTESIAN_POINT ( 'NONE',  ( -3.499999999999998224, 16.60000000000000142, 2.000000000000000000 ) ) ;
#2521 = ORIENTED_EDGE ( 'NONE', *, *, #4115, .T. ) ;
#2522 = ORIENTED_EDGE ( 'NONE', *, *, #5450, .F. ) ;
#2523 = CIRCLE ( 'NONE', #3314, 0.3000000000000007661 ) ;
#2524 = FILL_AREA_STYLE_COLOUR ( '', #5439 ) ;
#2525 = LINE ( 'NONE', #4009, #5666 ) ;
#2526 = VECTOR ( 'NONE', #2131, 1000.000000000000000 ) ;
#2527 = VERTEX_POINT ( 'NONE', #364 ) ;
#2528 = CARTESIAN_POINT ( 'NONE',  ( -2.757498010897616147, 9.562924034993844913, 0.2425019891023852958 ) ) ;
#2529 = FACE_OUTER_BOUND ( 'NONE', #3760, .T. ) ;
#2530 = VECTOR ( 'NONE', #6382, 1000.000000000000000 ) ;
#2531 = CARTESIAN_POINT ( 'NONE',  ( 3.192610418006828432, 9.700000000000001066, 0.3200000000000005618 ) ) ;
#2532 = EDGE_CURVE ( 'NONE', #2205, #3394, #4735, .T. ) ;
#2533 = CARTESIAN_POINT ( 'NONE',  ( 2.680000000000001048, 9.700000000000001066, 0.3200000000000005618 ) ) ;
#2534 = VERTEX_POINT ( 'NONE', #1492 ) ;
#2535 = MECHANICAL_DESIGN_GEOMETRIC_PRESENTATION_REPRESENTATION (  '', ( #3800 ), #1289 ) ;
#2536 = DIRECTION ( 'NONE',  ( 1.000000000000000000, 0.000000000000000000, -1.694065894508600925E-16 ) ) ;
#2537 = LINE ( 'NONE', #5807, #434 ) ;
#2538 = CARTESIAN_POINT ( 'NONE',  ( -1.600000000000000977, 14.00000000000000000, -5.500000000000001776 ) ) ;
#2539 = FACE_OUTER_BOUND ( 'NONE', #1728, .T. ) ;
#2540 = VECTOR ( 'NONE', #2013, 1000.000000000000114 ) ;
#2541 = EDGE_CURVE ( 'NONE', #1416, #4817, #3672, .T. ) ;
#2542 = ORIENTED_EDGE ( 'NONE', *, *, #2056, .T. ) ;
#2543 = FACE_BOUND ( 'NONE', #5132, .T. ) ;
#2544 = ORIENTED_EDGE ( 'NONE', *, *, #2061, .T. ) ;
#2545 = CARTESIAN_POINT ( 'NONE',  ( 5.500000000000001776, 14.09999999999999964, -0.1500000000000074885 ) ) ;
#2546 = DIRECTION ( 'NONE',  ( 0.000000000000000000, 0.000000000000000000, -1.000000000000000000 ) ) ;
#2547 = CARTESIAN_POINT ( 'NONE',  ( -3.499999999999998224, 16.60000000000000142, 2.000000000000000000 ) ) ;
#2548 = EDGE_CURVE ( 'NONE', #5968, #4044, #5291, .T. ) ;
#2549 = CARTESIAN_POINT ( 'NONE',  ( 1.320000000000000062, -2.949999999999990852, -0.3199999999999995071 ) ) ;
#2550 = VERTEX_POINT ( 'NONE', #507 ) ;
#2551 = EDGE_CURVE ( 'NONE', #4494, #3955, #1082, .T. ) ;
#2552 = DIRECTION ( 'NONE',  ( 0.2448916424500621192, -0.9139480519726366214, 0.3236155771181816743 ) ) ;
#2553 = CARTESIAN_POINT ( 'NONE',  ( 2.949999999999999289, 16.60000000000000142, 2.000000000000000000 ) ) ;
#2554 = ORIENTED_EDGE ( 'NONE', *, *, #4732, .T. ) ;
#2555 = CARTESIAN_POINT ( 'NONE',  ( 0.000000000000000000, 11.00000000000000000, -4.100000000000002309 ) ) ;
#2556 = ADVANCED_FACE ( 'NONE', ( #1667 ), #4910, .F. ) ;
#2557 = VECTOR ( 'NONE', #888, 1000.000000000000000 ) ;
#2558 = VERTEX_POINT ( 'NONE', #3195 ) ;
#2559 = LINE ( 'NONE', #2528, #3785 ) ;
#2560 = FACE_OUTER_BOUND ( 'NONE', #2053, .T. ) ;
#2561 = DIRECTION ( 'NONE',  ( 0.000000000000000000, 0.000000000000000000, 1.000000000000000000 ) ) ;
#2562 = DIRECTION ( 'NONE',  ( -0.000000000000000000, -1.000000000000000000, -0.000000000000000000 ) ) ;
#2563 = EDGE_LOOP ( 'NONE', ( #5926, #6298, #5139, #3417 ) ) ;
#2564 = ORIENTED_EDGE ( 'NONE', *, *, #6309, .F. ) ;
#2565 = LINE ( 'NONE', #4742, #5130 ) ;
#2566 = CARTESIAN_POINT ( 'NONE',  ( -3.338345295835161597, -0.5077278900337856005, -0.3199999999999998956 ) ) ;
#2567 = CARTESIAN_POINT ( 'NONE',  ( -0.6800000000000000488, 9.349999999999997868, 0.3200000000000005618 ) ) ;
#2568 = EDGE_CURVE ( 'NONE', #3066, #4884, #1727, .T. ) ;
#2569 = ORIENTED_EDGE ( 'NONE', *, *, #4359, .T. ) ;
#2570 = EDGE_CURVE ( 'NONE', #315, #2849, #3744, .T. ) ;
#2571 = CARTESIAN_POINT ( 'NONE',  ( -0.8073895819931710127, 9.700000000000001066, -0.1926104180068285432 ) ) ;
#2572 = CARTESIAN_POINT ( 'NONE',  ( 2.949999999999999289, 4.000000000000000000, 2.000000000000000000 ) ) ;
#2573 = DIRECTION ( 'NONE',  ( -0.9961946980917455452, -0.08715574274765794383, 0.000000000000000000 ) ) ;
#2574 = DIRECTION ( 'NONE',  ( -1.000000000000000000, 0.000000000000000000, -0.000000000000000000 ) ) ;
#2575 = LINE ( 'NONE', #1374, #5006 ) ;
#2576 = LINE ( 'NONE', #3582, #667 ) ;
#2578 = ADVANCED_FACE ( 'NONE', ( #2740 ), #3786, .F. ) ;
#2577 = AXIS2_PLACEMENT_3D ( 'NONE', #3925, #6074, #3407 ) ;
#2579 = EDGE_LOOP ( 'NONE', ( #3395, #3125, #6341, #2143 ) ) ;
#2580 = EDGE_CURVE ( 'NONE', #2353, #4410, #5365, .T. ) ;
#2581 = CARTESIAN_POINT ( 'NONE',  ( 3.348069116740395756, -2.951331855667884252, -0.3199999999999998956 ) ) ;
#2582 = CYLINDRICAL_SURFACE ( 'NONE', #6634, 0.9000000000000002442 ) ;
#2583 = ORIENTED_EDGE ( 'NONE', *, *, #2237, .F. ) ;
#2584 = VERTEX_POINT ( 'NONE', #2097 ) ;
#2585 = LINE ( 'NONE', #2555, #2139 ) ;
#2586 = SURFACE_STYLE_USAGE ( .BOTH. , #433 ) ;
#2587 = ORIENTED_EDGE ( 'NONE', *, *, #974, .T. ) ;
#2588 = DIRECTION ( 'NONE',  ( 0.000000000000000000, 0.000000000000000000, 1.000000000000000000 ) ) ;
#2589 = VERTEX_POINT ( 'NONE', #589 ) ;
#2590 = DIRECTION ( 'NONE',  ( -0.000000000000000000, -1.000000000000000000, -0.000000000000000000 ) ) ;
#2591 = LINE ( 'NONE', #511, #3511 ) ;
#2592 = AXIS2_PLACEMENT_3D ( 'NONE', #3740, #1987, #1557 ) ;
#2594 = DIRECTION ( 'NONE',  ( 0.000000000000000000, 1.000000000000000000, 0.000000000000000000 ) ) ;
#2593 = VECTOR ( 'NONE', #5626, 1000.000000000000000 ) ;
#2595 = ORIENTED_EDGE ( 'NONE', *, *, #5673, .F. ) ;
#2596 = LINE ( 'NONE', #6945, #3519 ) ;
#2597 = VECTOR ( 'NONE', #1735, 999.9999999999998863 ) ;
#2598 = DIRECTION ( 'NONE',  ( 0.000000000000000000, 1.000000000000000000, 0.000000000000000000 ) ) ;
#2599 = CLOSED_SHELL ( 'NONE', ( #5806, #5749, #3379, #2556, #629, #760, #1145, #6626, #5280, #5612, #189, #3449, #1910, #2126, #572, #5921, #1124, #4000, #5789, #6334, #3720, #2671 ) ) ;
#2600 = CARTESIAN_POINT ( 'NONE',  ( -3.192610418006828432, 9.700000000000001066, 0.3200000000000005618 ) ) ;
#2601 = CARTESIAN_POINT ( 'NONE',  ( -3.149999999999999467, 16.60000000000000142, 2.899999999999999911 ) ) ;
#2602 = VECTOR ( 'NONE', #1073, 1000.000000000000000 ) ;
#2603 = VERTEX_POINT ( 'NONE', #6046 ) ;
#2604 = CARTESIAN_POINT ( 'NONE',  ( 2.749999999999996003, 16.60000000000000142, 0.5999999999999906519 ) ) ;
#2605 = CARTESIAN_POINT ( 'NONE',  ( 5.500000000000000888, 14.09999999999999964, -1.650000000000007461 ) ) ;
#2606 = DIRECTION ( 'NONE',  ( 0.000000000000000000, -0.000000000000000000, -1.000000000000000000 ) ) ;
#2607 = FACE_OUTER_BOUND ( 'NONE', #1965, .T. ) ;
#2608 = CARTESIAN_POINT ( 'NONE',  ( 1.650000000000000355, 7.900000000000000355, 2.099999999999998757 ) ) ;
#2609 = AXIS2_PLACEMENT_3D ( 'NONE', #6487, #6413, #2757 ) ;
#2610 = CARTESIAN_POINT ( 'NONE',  ( -2.949999999999999289, 16.60000000000000142, 2.000000000000000444 ) ) ;
#2611 = EDGE_CURVE ( 'NONE', #5290, #6778, #6469, .T. ) ;
#2612 = VECTOR ( 'NONE', #3319, 999.9999999999998863 ) ;
#2613 = ORIENTED_EDGE ( 'NONE', *, *, #1449, .T. ) ;
#2614 = DIRECTION ( 'NONE',  ( 0.9961946980917455452, -0.08715574274765794383, 0.000000000000000000 ) ) ;
#2615 = DIRECTION ( 'NONE',  ( 0.000000000000000000, -0.000000000000000000, 1.000000000000000000 ) ) ;
#2616 = VERTEX_POINT ( 'NONE', #5936 ) ;
#2617 = EDGE_CURVE ( 'NONE', #2208, #6697, #4868, .T. ) ;
#2618 = LINE ( 'NONE', #6568, #1212 ) ;
#2619 = DIRECTION ( 'NONE',  ( -1.275531967630005245E-16, -1.000000000000000000, 0.000000000000000000 ) ) ;
#2620 = AXIS2_PLACEMENT_3D ( 'NONE', #2705, #6478, #448 ) ;
#2621 =( NAMED_UNIT ( * ) SI_UNIT ( $, .STERADIAN. ) SOLID_ANGLE_UNIT ( ) );
#2622 = EDGE_CURVE ( 'NONE', #952, #6147, #5397, .T. ) ;
#2623 = ORIENTED_EDGE ( 'NONE', *, *, #4287, .T. ) ;
#2624 = VECTOR ( 'NONE', #6009, 1000.000000000000000 ) ;
#2625 = CARTESIAN_POINT ( 'NONE',  ( 4.899999999999999467, 14.09999999999999964, -0.1500000000000071554 ) ) ;
#2626 = ORIENTED_EDGE ( 'NONE', *, *, #6520, .F. ) ;
#2627 = LINE ( 'NONE', #4315, #1604 ) ;
#2628 = FACE_OUTER_BOUND ( 'NONE', #5366, .T. ) ;
#2629 = PLANE ( 'NONE',  #1920 ) ;
#2630 = EDGE_CURVE ( 'NONE', #4097, #6889, #6007, .T. ) ;
#2631 = ORIENTED_EDGE ( 'NONE', *, *, #6745, .F. ) ;
#2632 = VECTOR ( 'NONE', #3207, 1000.000000000000000 ) ;
#2633 = VERTEX_POINT ( 'NONE', #1121 ) ;
#2634 = EDGE_CURVE ( 'NONE', #2080, #2558, #2241, .T. ) ;
#2635 = DIRECTION ( 'NONE',  ( 0.000000000000000000, -1.000000000000000000, 0.000000000000000000 ) ) ;
#2636 = VECTOR ( 'NONE', #7062, 1000.000000000000114 ) ;
#2637 = CARTESIAN_POINT ( 'NONE',  ( 3.319999999999999396, 9.349999999999997868, 0.3200000000000005618 ) ) ;
#2638 = DIRECTION ( 'NONE',  ( 0.000000000000000000, 0.000000000000000000, -1.000000000000000000 ) ) ;
#2639 = LINE ( 'NONE', #2075, #5785 ) ;
#2640 = EDGE_CURVE ( 'NONE', #5849, #6963, #5326, .T. ) ;
#2641 = VERTEX_POINT ( 'NONE', #7002 ) ;
#2642 = LINE ( 'NONE', #2078, #1273 ) ;
#2643 = CARTESIAN_POINT ( 'NONE',  ( -1.320000000000000062, 15.80509667991878153, 0.3200000000000005618 ) ) ;
#2644 = VERTEX_POINT ( 'NONE', #437 ) ;
#2645 = DIRECTION ( 'NONE',  ( -1.000000000000000000, 0.000000000000000000, -0.000000000000000000 ) ) ;
#2646 = VECTOR ( 'NONE', #2835, 1000.000000000000000 ) ;
#2647 = LINE ( 'NONE', #5418, #691 ) ;
#2648 = FACE_OUTER_BOUND ( 'NONE', #1437, .T. ) ;
#2649 = DIRECTION ( 'NONE',  ( -0.000000000000000000, -0.000000000000000000, -1.000000000000000000 ) ) ;
#2650 = EDGE_LOOP ( 'NONE', ( #990, #2651, #5127, #2060 ) ) ;
#2651 = ORIENTED_EDGE ( 'NONE', *, *, #3631, .T. ) ;
#2652 = DIRECTION ( 'NONE',  ( 1.000000000000000000, 0.000000000000000000, -0.000000000000000000 ) ) ;
#2653 = FACE_OUTER_BOUND ( 'NONE', #1771, .T. ) ;
#2654 = ORIENTED_EDGE ( 'NONE', *, *, #1036, .T. ) ;
#2655 = VERTEX_POINT ( 'NONE', #2625 ) ;
#2656 = CARTESIAN_POINT ( 'NONE',  ( 2.749999999999999556, 16.60000000000000142, 2.499999999999999556 ) ) ;
#2657 = CARTESIAN_POINT ( 'NONE',  ( 2.807389581993172012, 9.700000000000001066, -0.1926104180068289318 ) ) ;
#2658 = LINE ( 'NONE', #4829, #1924 ) ;
#2659 = ORIENTED_EDGE ( 'NONE', *, *, #3278, .T. ) ;
#2660 = CARTESIAN_POINT ( 'NONE',  ( -1.320000000000000062, 9.349999999999997868, 0.3200000000000005618 ) ) ;
#2661 = EDGE_CURVE ( 'NONE', #4014, #2992, #5477, .T. ) ;
#2662 = VERTEX_POINT ( 'NONE', #4313 ) ;
#2663 = ORIENTED_EDGE ( 'NONE', *, *, #3541, .F. ) ;
#2664 = CARTESIAN_POINT ( 'NONE',  ( 3.499999999999998224, 16.60000000000000142, 0.5999999999999996447 ) ) ;
#2665 = ADVANCED_FACE ( 'NONE', ( #1597 ), #4354, .F. ) ;
#2666 = CARTESIAN_POINT ( 'NONE',  ( 4.899999999999999467, 16.60000000000000142, -2.400000000000002132 ) ) ;
#2667 = CARTESIAN_POINT ( 'NONE',  ( 1.172438898718060729, -3.355420793761980214, -0.1724388987180602018 ) ) ;
#2668 = VECTOR ( 'NONE', #5338, 1000.000000000000000 ) ;
#2669 = EDGE_CURVE ( 'NONE', #6853, #6778, #3822, .T. ) ;
#2670 = ORIENTED_EDGE ( 'NONE', *, *, #5557, .F. ) ;
#2671 = ADVANCED_FACE ( 'NONE', ( #4979 ), #5021, .F. ) ;
#2672 = CARTESIAN_POINT ( 'NONE',  ( 3.319999999999999396, 9.700000000000001066, -0.1926104180068289318 ) ) ;
#2673 = CYLINDRICAL_SURFACE ( 'NONE', #4862, 0.9399999999999989475 ) ;
#2674 = ORIENTED_EDGE ( 'NONE', *, *, #856, .T. ) ;
#2675 = ORIENTED_EDGE ( 'NONE', *, *, #4923, .T. ) ;
#2676 = ORIENTED_EDGE ( 'NONE', *, *, #4434, .T. ) ;
#2677 = CARTESIAN_POINT ( 'NONE',  ( 3.499999999999997780, 0.000000000000000000, -4.400000000000002132 ) ) ;
#2678 = DIRECTION ( 'NONE',  ( -0.000000000000000000, -1.000000000000000000, -0.000000000000000000 ) ) ;
#2679 = VERTEX_POINT ( 'NONE', #6188 ) ;
#2680 = CARTESIAN_POINT ( 'NONE',  ( 2.680000000000000160, 4.000000000000000000, -0.3199999999999993960 ) ) ;
#2681 = CARTESIAN_POINT ( 'NONE',  ( -1.149999999999999467, 16.60000000000000142, 2.899999999999999467 ) ) ;
#2682 = CARTESIAN_POINT ( 'NONE',  ( 2.749999999999999556, 16.60000000000000142, 2.499999999999999556 ) ) ;
#2683 = CARTESIAN_POINT ( 'NONE',  ( 1.192610418006829098, 9.700000000000001066, 0.1926104180068295701 ) ) ;
#2684 = EDGE_CURVE ( 'NONE', #6496, #1759, #6113, .T. ) ;
#2685 = VERTEX_POINT ( 'NONE', #2918 ) ;
#2686 = VERTEX_POINT ( 'NONE', #770 ) ;
#2687 = CARTESIAN_POINT ( 'NONE',  ( 3.329130728850114629, -2.991945359561886786, 0.3046733784907644238 ) ) ;
#2688 = VECTOR ( 'NONE', #5171, 1000.000000000000000 ) ;
#2689 = DIRECTION ( 'NONE',  ( 1.000000000000000000, 0.000000000000000000, 0.000000000000000000 ) ) ;
#2690 = VERTEX_POINT ( 'NONE', #3453 ) ;
#2691 = ORIENTED_EDGE ( 'NONE', *, *, #4956, .F. ) ;
#2692 = CYLINDRICAL_SURFACE ( 'NONE', #7007, 0.3000000000000007661 ) ;
#2693 = DIRECTION ( 'NONE',  ( 0.000000000000000000, 0.000000000000000000, 1.000000000000000000 ) ) ;
#2694 = CARTESIAN_POINT ( 'NONE',  ( 5.500000000000001776, 15.59999999999999964, -0.1500000000000074885 ) ) ;
#2695 = ORIENTED_EDGE ( 'NONE', *, *, #6520, .T. ) ;
#2696 = CARTESIAN_POINT ( 'NONE',  ( -3.419999999999998597, -0.4500000000000000111, 0.3200000000000005618 ) ) ;
#2697 = ORIENTED_EDGE ( 'NONE', *, *, #1138, .T. ) ;
#2698 = DIRECTION ( 'NONE',  ( -1.000000000000000000, 0.000000000000000000, 1.239088197126291310E-16 ) ) ;
#2699 = EDGE_CURVE ( 'NONE', #4728, #5490, #5651, .T. ) ;
#2700 = LINE ( 'NONE', #366, #1566 ) ;
#2701 = CARTESIAN_POINT ( 'NONE',  ( -2.599999999999999645, 11.00000000000000000, -4.800000000000002487 ) ) ;
#2702 = VECTOR ( 'NONE', #5736, 1000.000000000000000 ) ;
#2703 = EDGE_CURVE ( 'NONE', #190, #5767, #1740, .T. ) ;
#2704 = ORIENTED_EDGE ( 'NONE', *, *, #3181, .F. ) ;
#2705 = CARTESIAN_POINT ( 'NONE',  ( 3.499999999999998224, 16.60000000000000142, 0.5999999999999996447 ) ) ;
#2707 = CARTESIAN_POINT ( 'NONE',  ( 2.949999999999998845, 9.799999999999998934, -5.280947501931113841 ) ) ;
#2706 = AXIS2_PLACEMENT_3D ( 'NONE', #6473, #4769, #979 ) ;
#2708 = CIRCLE ( 'NONE', #1237, 2.000000000000000000 ) ;
#2709 = EDGE_CURVE ( 'NONE', #3911, #2774, #6728, .T. ) ;
#2710 = CYLINDRICAL_SURFACE ( 'NONE', #6337, 0.2000000000000000944 ) ;
#2711 = EDGE_CURVE ( 'NONE', #3241, #2256, #344, .T. ) ;
#2712 = AXIS2_PLACEMENT_3D ( 'NONE', #4940, #3819, #1662 ) ;
#2713 = AXIS2_PLACEMENT_3D ( 'NONE', #1513, #5420, #6959 ) ;
#2714 = EDGE_LOOP ( 'NONE', ( #6483, #3121, #1373, #2404 ) ) ;
#2715 = CARTESIAN_POINT ( 'NONE',  ( -2.680000000000000160, 4.000000000000003553, 0.3200000000000004508 ) ) ;
#2716 = PLANE ( 'NONE',  #6255 ) ;
#2717 = ORIENTED_EDGE ( 'NONE', *, *, #3949, .T. ) ;
#2718 = CARTESIAN_POINT ( 'NONE',  ( -2.599999999999999645, 11.00000000000000000, -3.800000000000001599 ) ) ;
#2719 = FACE_OUTER_BOUND ( 'NONE', #6592, .T. ) ;
#2720 = ORIENTED_EDGE ( 'NONE', *, *, #6234, .F. ) ;
#2721 = PLANE ( 'NONE',  #886 ) ;
#2722 = CIRCLE ( 'NONE', #4093, 0.2500000000000002220 ) ;
#2723 = LINE ( 'NONE', #3250, #1698 ) ;
#2724 = ADVANCED_FACE ( 'NONE', ( #1239 ), #4597, .F. ) ;
#2725 = ORIENTED_EDGE ( 'NONE', *, *, #4304, .T. ) ;
#2726 = AXIS2_PLACEMENT_3D ( 'NONE', #6873, #1562, #3639 ) ;
#2727 = DIRECTION ( 'NONE',  ( 1.445602896647341480E-15, 0.000000000000000000, 1.000000000000000000 ) ) ;
#2728 = ADVANCED_FACE ( 'NONE', ( #2955 ), #5059, .T. ) ;
#2729 = AXIS2_PLACEMENT_3D ( 'NONE', #4447, #3844, #2160 ) ;
#2730 = LINE ( 'NONE', #1656, #3920 ) ;
#2731 = EDGE_LOOP ( 'NONE', ( #547, #1486, #2397, #6026, #7019, #5644 ) ) ;
#2732 = ORIENTED_EDGE ( 'NONE', *, *, #42, .T. ) ;
#2733 = UNCERTAINTY_MEASURE_WITH_UNIT (LENGTH_MEASURE( 1.000000000000000082E-05 ), #1158, 'distance_accuracy_value', 'NONE');
#2734 = EDGE_CURVE ( 'NONE', #5815, #6638, #79, .T. ) ;
#2735 = DIRECTION ( 'NONE',  ( 1.000000000000000000, 0.000000000000000000, 0.000000000000000000 ) ) ;
#2736 = DIRECTION ( 'NONE',  ( 0.000000000000000000, 0.000000000000000000, -1.000000000000000000 ) ) ;
#2737 = DIRECTION ( 'NONE',  ( -1.445602896647341480E-15, 0.000000000000000000, -1.000000000000000000 ) ) ;
#2738 = VECTOR ( 'NONE', #860, 1000.000000000000000 ) ;
#2739 = ORIENTED_EDGE ( 'NONE', *, *, #3324, .F. ) ;
#2740 = FACE_OUTER_BOUND ( 'NONE', #3764, .T. ) ;
#2741 = ORIENTED_EDGE ( 'NONE', *, *, #298, .F. ) ;
#2742 = ORIENTED_EDGE ( 'NONE', *, *, #3667, .F. ) ;
#2743 = DIRECTION ( 'NONE',  ( 0.000000000000000000, 0.000000000000000000, 1.000000000000000000 ) ) ;
#2744 = CARTESIAN_POINT ( 'NONE',  ( -1.850000000000000977, 9.799999999999998934, -5.500000000000001776 ) ) ;
#2745 = CARTESIAN_POINT ( 'NONE',  ( 3.499999999999998224, 16.60000000000000142, 0.5999999999999987566 ) ) ;
#2746 = AXIS2_PLACEMENT_3D ( 'NONE', #5478, #6116, #2921 ) ;
#2747 = EDGE_LOOP ( 'NONE', ( #6759, #5109, #5899, #519 ) ) ;
#2748 = ORIENTED_EDGE ( 'NONE', *, *, #3354, .T. ) ;
#2749 = DIRECTION ( 'NONE',  ( 0.3236155771181817298, -0.8891264907159904807, 0.3236155771181817298 ) ) ;
#2750 = FACE_OUTER_BOUND ( 'NONE', #2944, .T. ) ;
#2751 = ORIENTED_EDGE ( 'NONE', *, *, #1631, .T. ) ;
#2752 = EDGE_CURVE ( 'NONE', #6088, #5311, #2808, .T. ) ;
#2753 = LINE ( 'NONE', #2253, #3505 ) ;
#2754 = VECTOR ( 'NONE', #4672, 1000.000000000000000 ) ;
#2755 = VERTEX_POINT ( 'NONE', #2281 ) ;
#2756 = ORIENTED_EDGE ( 'NONE', *, *, #269, .F. ) ;
#2757 = DIRECTION ( 'NONE',  ( 0.000000000000000000, 0.000000000000000000, 1.000000000000000000 ) ) ;
#2758 = ORIENTED_EDGE ( 'NONE', *, *, #2500, .T. ) ;
#2759 = LINE ( 'NONE', #1143, #6624 ) ;
#2760 = ADVANCED_FACE ( 'NONE', ( #3416 ), #4458, .T. ) ;
#2761 = EDGE_LOOP ( 'NONE', ( #3282, #3927, #5056, #2259, #271, #4616, #4967, #1099, #5522, #5519, #4599, #3967 ) ) ;
#2762 = PLANE ( 'NONE',  #313 ) ;
#2763 = VECTOR ( 'NONE', #2231, 1000.000000000000000 ) ;
#2764 = DIRECTION ( 'NONE',  ( 0.000000000000000000, -0.000000000000000000, -1.000000000000000000 ) ) ;
#2765 = ORIENTED_EDGE ( 'NONE', *, *, #910, .F. ) ;
#2766 = DIRECTION ( 'NONE',  ( -1.000000000000000000, 0.000000000000000000, 0.000000000000000000 ) ) ;
#2767 = CARTESIAN_POINT ( 'NONE',  ( -2.570791076685688292, -1.050370056351370263, 0.3200000000000005618 ) ) ;
#2768 = EDGE_CURVE ( 'NONE', #1441, #74, #1812, .T. ) ;
#2769 = VERTEX_POINT ( 'NONE', #2887 ) ;
#2770 = ORIENTED_EDGE ( 'NONE', *, *, #5894, .F. ) ;
#2771 = CARTESIAN_POINT ( 'NONE',  ( 4.899999999999999467, 16.60000000000000142, -2.400000000000002132 ) ) ;
#2772 = SURFACE_SIDE_STYLE ('',( #4348 ) ) ;
#2773 = CARTESIAN_POINT ( 'NONE',  ( -0.8499999999999996447, 0.000000000000000000, 2.599999999999999645 ) ) ;
#2774 = VERTEX_POINT ( 'NONE', #3376 ) ;
#2775 = ORIENTED_EDGE ( 'NONE', *, *, #4907, .F. ) ;
#2776 = DIRECTION ( 'NONE',  ( 1.281815376337542148E-16, -1.000000000000000000, 0.000000000000000000 ) ) ;
#2777 = DIRECTION ( 'NONE',  ( -0.000000000000000000, 1.000000000000000000, -0.000000000000000000 ) ) ;
#2778 = ORIENTED_EDGE ( 'NONE', *, *, #4137, .T. ) ;
#2779 = CARTESIAN_POINT ( 'NONE',  ( -1.199999999999999734, 11.00000000000000000, -4.100000000000002309 ) ) ;
#2780 = DIRECTION ( 'NONE',  ( 1.239088197126291310E-16, -0.000000000000000000, 1.000000000000000000 ) ) ;
#2781 = DIRECTION ( 'NONE',  ( 0.000000000000000000, 0.000000000000000000, -1.000000000000000000 ) ) ;
#2782 = ORIENTED_EDGE ( 'NONE', *, *, #3432, .T. ) ;
#2783 = ORIENTED_EDGE ( 'NONE', *, *, #5007, .T. ) ;
#2784 = FACE_BOUND ( 'NONE', #2469, .T. ) ;
#2785 = DIRECTION ( 'NONE',  ( -5.782411586589356653E-16, 0.000000000000000000, -1.000000000000000000 ) ) ;
#2786 = ORIENTED_EDGE ( 'NONE', *, *, #4121, .F. ) ;
#2787 = CARTESIAN_POINT ( 'NONE',  ( 3.499999999999997780, 4.500000000000000888, -2.400000000000002132 ) ) ;
#2788 = ORIENTED_EDGE ( 'NONE', *, *, #3361, .T. ) ;
#2789 = CARTESIAN_POINT ( 'NONE',  ( -2.749999999999999556, 16.60000000000000142, 2.200000000000000178 ) ) ;
#2790 = EDGE_LOOP ( 'NONE', ( #5207, #6609, #3835, #6962 ) ) ;
#2791 = LINE ( 'NONE', #5000, #2194 ) ;
#2792 = ORIENTED_EDGE ( 'NONE', *, *, #2971, .F. ) ;
#2793 = DIRECTION ( 'NONE',  ( 0.000000000000000000, 0.000000000000000000, 1.000000000000000000 ) ) ;
#2794 = CARTESIAN_POINT ( 'NONE',  ( 5.500000000000000888, 14.09999999999999964, -1.650000000000007461 ) ) ;
#2795 = EDGE_CURVE ( 'NONE', #2987, #5791, #232, .T. ) ;
#2796 = ADVANCED_FACE ( 'NONE', ( #3485, #2352, #6656, #4528, #6153 ), #5545, .F. ) ;
#2797 = ORIENTED_EDGE ( 'NONE', *, *, #6094, .T. ) ;
#2798 = CARTESIAN_POINT ( 'NONE',  ( -1.250000000000000222, 16.60000000000000142, 2.200000000000000178 ) ) ;
#2799 = CARTESIAN_POINT ( 'NONE',  ( -1.047142365151673360, 16.60000000000000142, -3.800000000000001599 ) ) ;
#2800 = ORIENTED_EDGE ( 'NONE', *, *, #1302, .F. ) ;
#2801 = ORIENTED_EDGE ( 'NONE', *, *, #1701, .T. ) ;
#2802 = CARTESIAN_POINT ( 'NONE',  ( -2.400000000000002132, 3.061276722312014956E-16, -4.700000000000001066 ) ) ;
#2803 = LINE ( 'NONE', #4973, #312 ) ;
#2804 = ORIENTED_EDGE ( 'NONE', *, *, #5460, .F. ) ;
#2805 = EDGE_CURVE ( 'NONE', #2987, #5509, #661, .T. ) ;
#2806 = EDGE_LOOP ( 'NONE', ( #2070, #164, #4205, #2186, #3821 ) ) ;
#2807 = DIRECTION ( 'NONE',  ( -0.000000000000000000, -1.000000000000000000, -0.000000000000000000 ) ) ;
#2808 = LINE ( 'NONE', #1878, #6277 ) ;
#2809 = ORIENTED_EDGE ( 'NONE', *, *, #2463, .F. ) ;
#2810 = CARTESIAN_POINT ( 'NONE',  ( -3.319999999999999840, 16.60000000000000142, 0.3200000000000005618 ) ) ;
#2811 = FACE_OUTER_BOUND ( 'NONE', #5181, .T. ) ;
#2812 = FACE_OUTER_BOUND ( 'NONE', #6910, .T. ) ;
#2813 = ORIENTED_EDGE ( 'NONE', *, *, #778, .F. ) ;
#2814 = ORIENTED_EDGE ( 'NONE', *, *, #1939, .T. ) ;
#2815 = FACE_BOUND ( 'NONE', #2221, .T. ) ;
#2816 = ADVANCED_FACE ( 'NONE', ( #3620 ), #2582, .F. ) ;
#2817 = DIRECTION ( 'NONE',  ( -0.000000000000000000, 0.000000000000000000, 1.000000000000000000 ) ) ;
#2818 = DIRECTION ( 'NONE',  ( -2.478176394252583113E-16, 0.000000000000000000, -1.000000000000000000 ) ) ;
#2819 = ORIENTED_EDGE ( 'NONE', *, *, #1879, .T. ) ;
#2820 = PRODUCT ( 'B04B-JWPF-SK-R(LF)(SN)', 'B04B-JWPF-SK-R(LF)(SN)', '', ( #5259 ) ) ;
#2821 = EDGE_LOOP ( 'NONE', ( #6053, #3528, #394, #3091 ) ) ;
#2822 = AXIS2_PLACEMENT_3D ( 'NONE', #3421, #1782, #6049 ) ;
#2823 = CARTESIAN_POINT ( 'NONE',  ( -3.199999999999999734, 16.60000000000000142, -5.500000000000001776 ) ) ;
#2824 = EDGE_LOOP ( 'NONE', ( #3959, #4694, #1798, #3484 ) ) ;
#2825 = CARTESIAN_POINT ( 'NONE',  ( -2.350000000000000089, 16.60000000000000142, 1.499999999999999556 ) ) ;
#2826 = ORIENTED_EDGE ( 'NONE', *, *, #1568, .F. ) ;
#2827 = PLANE ( 'NONE',  #4209 ) ;
#2828 = PLANE ( 'NONE',  #4561 ) ;
#2829 = VECTOR ( 'NONE', #5893, 1000.000000000000000 ) ;
#2830 = VECTOR ( 'NONE', #4914, 1000.000000000000000 ) ;
#2831 = ORIENTED_EDGE ( 'NONE', *, *, #98, .F. ) ;
#2832 = EDGE_CURVE ( 'NONE', #1022, #3559, #2991, .T. ) ;
#2833 = LINE ( 'NONE', #3478, #4770 ) ;
#2834 = VECTOR ( 'NONE', #5220, 1000.000000000000000 ) ;
#2835 = DIRECTION ( 'NONE',  ( 5.782411586589354681E-16, -0.000000000000000000, 1.000000000000000000 ) ) ;
#2836 = VECTOR ( 'NONE', #4374, 1000.000000000000000 ) ;
#2837 = ORIENTED_EDGE ( 'NONE', *, *, #3237, .F. ) ;
#2838 = FACE_OUTER_BOUND ( 'NONE', #102, .T. ) ;
#2839 = VECTOR ( 'NONE', #4527, 1000.000000000000000 ) ;
#2840 = EDGE_CURVE ( 'NONE', #2288, #3559, #868, .T. ) ;
#2841 = CARTESIAN_POINT ( 'NONE',  ( -3.149999999999999467, 0.000000000000000000, 2.899999999999999911 ) ) ;
#2842 = ORIENTED_EDGE ( 'NONE', *, *, #3536, .T. ) ;
#2843 = AXIS2_PLACEMENT_3D ( 'NONE', #6789, #5819, #4236 ) ;
#2844 = VECTOR ( 'NONE', #3113, 1000.000000000000114 ) ;
#2845 = ORIENTED_EDGE ( 'NONE', *, *, #4219, .T. ) ;
#2846 = CARTESIAN_POINT ( 'NONE',  ( 4.899999999999999467, 16.60000000000000142, -1.650000000000007017 ) ) ;
#2847 = DIRECTION ( 'NONE',  ( 9.293161478447176073E-16, 0.000000000000000000, 1.000000000000000000 ) ) ;
#2848 = ORIENTED_EDGE ( 'NONE', *, *, #6398, .T. ) ;
#2849 = VERTEX_POINT ( 'NONE', #3520 ) ;
#2850 = PLANE ( 'NONE',  #5138 ) ;
#2851 = ADVANCED_FACE ( 'NONE', ( #6259 ), #6829, .F. ) ;
#2852 = CARTESIAN_POINT ( 'NONE',  ( -1.250000000000002442, 16.60000000000000142, 0.5999999999999963141 ) ) ;
#2853 = AXIS2_PLACEMENT_3D ( 'NONE', #6173, #3946, #6133 ) ;
#2854 = DIRECTION ( 'NONE',  ( 0.000000000000000000, 0.000000000000000000, 1.000000000000000000 ) ) ;
#2855 = VERTEX_POINT ( 'NONE', #4664 ) ;
#2856 = ORIENTED_EDGE ( 'NONE', *, *, #6539, .T. ) ;
#2857 = VECTOR ( 'NONE', #1349, 1000.000000000000000 ) ;
#2858 = CARTESIAN_POINT ( 'NONE',  ( -1.250000000000000222, 4.000000000000000000, 2.200000000000000178 ) ) ;
#2859 = CARTESIAN_POINT ( 'NONE',  ( 1.599999999999999645, 10.05000000000000071, -5.500000000000001776 ) ) ;
#2860 = DIRECTION ( 'NONE',  ( 1.000000000000000000, 0.000000000000000000, 0.000000000000000000 ) ) ;
#2861 = EDGE_CURVE ( 'NONE', #3215, #174, #18, .T. ) ;
#2862 = FACE_OUTER_BOUND ( 'NONE', #1952, .T. ) ;
#2863 = CIRCLE ( 'NONE', #4906, 0.2500000000000002220 ) ;
#2864 = ADVANCED_FACE ( 'NONE', ( #6293 ), #5824, .F. ) ;
#2865 = EDGE_CURVE ( 'NONE', #3193, #5378, #2453, .T. ) ;
#2866 = ORIENTED_EDGE ( 'NONE', *, *, #4525, .F. ) ;
#2867 = CARTESIAN_POINT ( 'NONE',  ( -1.600000000000000755, 11.00000000000000000, -4.400000000000001243 ) ) ;
#2868 = AXIS2_PLACEMENT_3D ( 'NONE', #5069, #779, #166 ) ;
#2869 = ORIENTED_EDGE ( 'NONE', *, *, #1588, .F. ) ;
#2870 = DIRECTION ( 'NONE',  ( 1.000000000000000000, 0.000000000000000000, 0.000000000000000000 ) ) ;
#2871 = ORIENTED_EDGE ( 'NONE', *, *, #3972, .T. ) ;
#2872 = CARTESIAN_POINT ( 'NONE',  ( 0.6800000000000000488, 4.500000000000003553, 0.3200000000000005618 ) ) ;
#2873 = CARTESIAN_POINT ( 'NONE',  ( -2.849999999999999645, 16.60000000000000142, 2.899999999999999911 ) ) ;
#2874 = EDGE_CURVE ( 'NONE', #2855, #801, #3085, .T. ) ;
#2875 = VECTOR ( 'NONE', #4042, 1000.000000000000000 ) ;
#2876 = ORIENTED_EDGE ( 'NONE', *, *, #3020, .F. ) ;
#2877 = LINE ( 'NONE', #2445, #4669 ) ;
#2878 = CARTESIAN_POINT ( 'NONE',  ( -3.499999999999996891, 16.60000000000000142, 2.000000000000005329 ) ) ;
#2879 = VECTOR ( 'NONE', #6785, 1000.000000000000000 ) ;
#2880 = ORIENTED_EDGE ( 'NONE', *, *, #6981, .T. ) ;
#2881 = FACE_OUTER_BOUND ( 'NONE', #1096, .T. ) ;
#2882 = PLANE ( 'NONE',  #6464 ) ;
#2883 = ORIENTED_EDGE ( 'NONE', *, *, #2010, .T. ) ;
#2884 = ORIENTED_EDGE ( 'NONE', *, *, #3703, .T. ) ;
#2885 = CARTESIAN_POINT ( 'NONE',  ( -2.680000000000000160, 16.60000000000000142, 0.3200000000000004508 ) ) ;
#2886 = ORIENTED_EDGE ( 'NONE', *, *, #6799, .F. ) ;
#2887 = CARTESIAN_POINT ( 'NONE',  ( 5.499999999999999112, 16.60000000000000142, -2.400000000000002576 ) ) ;
#2888 = VERTEX_POINT ( 'NONE', #4175 ) ;
#2889 = ORIENTED_EDGE ( 'NONE', *, *, #3031, .T. ) ;
#2890 = FACE_OUTER_BOUND ( 'NONE', #120, .T. ) ;
#2891 = VECTOR ( 'NONE', #1007, 1000.000000000000000 ) ;
#2892 = CARTESIAN_POINT ( 'NONE',  ( -4.899999999999999467, 16.60000000000000142, -2.400000000000002132 ) ) ;
#2893 = LINE ( 'NONE', #775, #1344 ) ;
#2894 = ORIENTED_EDGE ( 'NONE', *, *, #4220, .T. ) ;
#2895 = ORIENTED_EDGE ( 'NONE', *, *, #5017, .F. ) ;
#2896 = EDGE_CURVE ( 'NONE', #5405, #4002, #5254, .T. ) ;
#2897 = CARTESIAN_POINT ( 'NONE',  ( -2.599999999999999645, 11.00000000000000000, -4.800000000000002487 ) ) ;
#2898 = DIRECTION ( 'NONE',  ( 0.000000000000000000, 1.000000000000000000, 0.000000000000000000 ) ) ;
#2899 = DIRECTION ( 'NONE',  ( 1.000000000000000000, 0.000000000000000000, 0.000000000000000000 ) ) ;
#2900 = LINE ( 'NONE', #5072, #6353 ) ;
#2901 = EDGE_CURVE ( 'NONE', #2979, #4958, #1382, .T. ) ;
#2902 = ADVANCED_FACE ( 'NONE', ( #5692 ), #360, .F. ) ;
#2903 = EDGE_LOOP ( 'NONE', ( #5884, #1176, #4911, #1571 ) ) ;
#2904 = CARTESIAN_POINT ( 'NONE',  ( -3.319999999999999840, 4.000000000000000000, 0.3200000000000005618 ) ) ;
#2905 = ORIENTED_EDGE ( 'NONE', *, *, #6765, .F. ) ;
#2906 = DIRECTION ( 'NONE',  ( -1.000000000000000000, 0.000000000000000000, -0.000000000000000000 ) ) ;
#2907 = CARTESIAN_POINT ( 'NONE',  ( -3.499999999999998224, 0.000000000000000000, 2.600000000000000089 ) ) ;
#2908 = CIRCLE ( 'NONE', #6306, 0.7399999999999984368 ) ;
#2909 = ORIENTED_EDGE ( 'NONE', *, *, #1568, .T. ) ;
#2910 = DIRECTION ( 'NONE',  ( -0.000000000000000000, -0.000000000000000000, -1.000000000000000000 ) ) ;
#2911 = CARTESIAN_POINT ( 'NONE',  ( 0.6800000000000000488, 16.60000000000000142, 0.3200000000000005618 ) ) ;
#2912 = ORIENTED_EDGE ( 'NONE', *, *, #6806, .T. ) ;
#2913 = EDGE_CURVE ( 'NONE', #4512, #1030, #264, .T. ) ;
#2914 = CARTESIAN_POINT ( 'NONE',  ( 3.507214092891928647, -1.132296454534169161, 0.3200000000000005618 ) ) ;
#2915 = CARTESIAN_POINT ( 'NONE',  ( -1.320000000000000062, 4.000000000000003553, 0.3200000000000005618 ) ) ;
#2916 = ORIENTED_EDGE ( 'NONE', *, *, #4293, .F. ) ;
#2917 = DIRECTION ( 'NONE',  ( 8.659560562354983395E-17, 0.7071067811865435759, -0.7071067811865515695 ) ) ;
#2918 = CARTESIAN_POINT ( 'NONE',  ( 1.320000000000000062, 4.000000000000003553, -0.3199999999999995071 ) ) ;
#2919 = ORIENTED_EDGE ( 'NONE', *, *, #1323, .F. ) ;
#2920 = VERTEX_POINT ( 'NONE', #939 ) ;
#2921 = DIRECTION ( 'NONE',  ( 0.000000000000000000, 0.000000000000000000, -1.000000000000000000 ) ) ;
#2922 = DIRECTION ( 'NONE',  ( 0.000000000000000000, 0.000000000000000000, 1.000000000000000000 ) ) ;
#2923 = LINE ( 'NONE', #6797, #989 ) ;
#2924 = AXIS2_PLACEMENT_3D ( 'NONE', #2127, #1627, #3817 ) ;
#2925 = ORIENTED_EDGE ( 'NONE', *, *, #991, .T. ) ;
#2926 = FACE_OUTER_BOUND ( 'NONE', #3460, .T. ) ;
#2927 = EDGE_CURVE ( 'NONE', #3911, #163, #1443, .T. ) ;
#2928 = DIRECTION ( 'NONE',  ( -0.000000000000000000, -1.000000000000000000, -0.000000000000000000 ) ) ;
#2929 = PLANE ( 'NONE',  #1180 ) ;
#2930 = DIRECTION ( 'NONE',  ( -1.000000000000000000, 0.000000000000000000, 0.000000000000000000 ) ) ;
#2931 = EDGE_CURVE ( 'NONE', #3371, #4892, #595, .T. ) ;
#2932 = VERTEX_POINT ( 'NONE', #3557 ) ;
#2933 = CARTESIAN_POINT ( 'NONE',  ( 2.680000000000001048, 9.349999999999997868, -0.3199999999999998956 ) ) ;
#2934 = EDGE_CURVE ( 'NONE', #315, #3388, #1983, .T. ) ;
#2935 = ORIENTED_EDGE ( 'NONE', *, *, #3424, .F. ) ;
#2936 = DIRECTION ( 'NONE',  ( 0.000000000000000000, 0.000000000000000000, 1.000000000000000000 ) ) ;
#2937 = CARTESIAN_POINT ( 'NONE',  ( -3.319999999999999840, 4.000000000000000000, -0.3199999999999993960 ) ) ;
#2938 = EDGE_CURVE ( 'NONE', #3248, #815, #5726, .T. ) ;
#2939 = DIRECTION ( 'NONE',  ( 0.000000000000000000, 0.000000000000000000, -1.000000000000000000 ) ) ;
#2940 = AXIS2_PLACEMENT_3D ( 'NONE', #6402, #3712, #1050 ) ;
#2941 = ORIENTED_EDGE ( 'NONE', *, *, #5870, .F. ) ;
#2942 = LINE ( 'NONE', #6679, #1707 ) ;
#2943 = CARTESIAN_POINT ( 'NONE',  ( 1.320000000000000062, 15.80509667991878153, 0.3200000000000005618 ) ) ;
#2944 = EDGE_LOOP ( 'NONE', ( #4548, #6266, #2866, #286 ) ) ;
#2945 = CARTESIAN_POINT ( 'NONE',  ( -2.599999999999999645, 16.60000000000000142, -4.800000000000002487 ) ) ;
#2946 = VECTOR ( 'NONE', #5594, 1000.000000000000000 ) ;
#2947 = VECTOR ( 'NONE', #6978, 1000.000000000000000 ) ;
#2948 = EDGE_CURVE ( 'NONE', #1111, #726, #3662, .T. ) ;
#2949 = CARTESIAN_POINT ( 'NONE',  ( 3.499999999999998668, 16.60000000000000142, -2.400000000000001243 ) ) ;
#2950 = ADVANCED_FACE ( 'NONE', ( #6499, #5466, #3143, #1624, #2653 ), #577, .T. ) ;
#2951 = ORIENTED_EDGE ( 'NONE', *, *, #349, .T. ) ;
#2952 = CIRCLE ( 'NONE', #2712, 1.400000000000000799 ) ;
#2953 = AXIS2_PLACEMENT_3D ( 'NONE', #5955, #4820, #6449 ) ;
#2954 = LINE ( 'NONE', #5125, #3167 ) ;
#2955 = FACE_OUTER_BOUND ( 'NONE', #3715, .T. ) ;
#2956 = VERTEX_POINT ( 'NONE', #466 ) ;
#2957 = VERTEX_POINT ( 'NONE', #3219 ) ;
#2958 = CARTESIAN_POINT ( 'NONE',  ( 0.7058136870931380757, 11.00000000000000000, -0.3596300361754456443 ) ) ;
#2959 = DIRECTION ( 'NONE',  ( 0.000000000000000000, 0.000000000000000000, 1.000000000000000000 ) ) ;
#2960 = AXIS2_PLACEMENT_3D ( 'NONE', #6216, #3368, #697 ) ;
#2962 = AXIS2_PLACEMENT_3D ( 'NONE', #301, #2498, #4676 ) ;
#2961 = FACE_OUTER_BOUND ( 'NONE', #5753, .T. ) ;
#2963 = ORIENTED_EDGE ( 'NONE', *, *, #4025, .F. ) ;
#2964 = FACE_OUTER_BOUND ( 'NONE', #905, .T. ) ;
#2965 = CARTESIAN_POINT ( 'NONE',  ( -2.570791076685688292, -1.050370056351370263, 0.3200000000000005618 ) ) ;
#2966 = AXIS2_PLACEMENT_3D ( 'NONE', #324, #2519, #4239 ) ;
#2967 = FACE_OUTER_BOUND ( 'NONE', #3310, .T. ) ;
#2968 = CARTESIAN_POINT ( 'NONE',  ( 0.000000000000000000, -3.299999999999999822, -0.1926104180068267668 ) ) ;
#2969 = AXIS2_PLACEMENT_3D ( 'NONE', #6373, #5708, #4187 ) ;
#2970 = ORIENTED_EDGE ( 'NONE', *, *, #5503, .F. ) ;
#2971 = EDGE_CURVE ( 'NONE', #6749, #3187, #1587, .T. ) ;
#2972 = CARTESIAN_POINT ( 'NONE',  ( -3.499999999999998224, 16.60000000000000142, 2.499999999999999556 ) ) ;
#2973 = ORIENTED_EDGE ( 'NONE', *, *, #4683, .T. ) ;
#2974 = PLANE ( 'NONE',  #156 ) ;
#2975 = VERTEX_POINT ( 'NONE', #3255 ) ;
#2976 = CARTESIAN_POINT ( 'NONE',  ( -4.899999999999997691, 15.59999999999999964, -0.1500000000000014655 ) ) ;
#2977 = AXIS2_PLACEMENT_3D ( 'NONE', #5831, #2698, #3197 ) ;
#2978 = AXIS2_PLACEMENT_3D ( 'NONE', #5278, #379, #2574 ) ;
#2979 = VERTEX_POINT ( 'NONE', #5425 ) ;
#2980 = EDGE_CURVE ( 'NONE', #3388, #4628, #4824, .T. ) ;
#2981 = DIRECTION ( 'NONE',  ( -1.000000000000000000, 0.000000000000000000, 0.000000000000000000 ) ) ;
#2982 = DIRECTION ( 'NONE',  ( 0.000000000000000000, 0.000000000000000000, 1.000000000000000000 ) ) ;
#2983 = ORIENTED_EDGE ( 'NONE', *, *, #2948, .F. ) ;
#2984 = CARTESIAN_POINT ( 'NONE',  ( 3.190659780604994555, -3.288897266363071559, 0.3200000000000005618 ) ) ;
#2985 = CARTESIAN_POINT ( 'NONE',  ( -3.202277744889249433, -2.938576763391016478, 0.3200000000000005618 ) ) ;
#2986 = AXIS2_PLACEMENT_3D ( 'NONE', #4081, #3975, #674 ) ;
#2987 = VERTEX_POINT ( 'NONE', #1039 ) ;
#2988 = VECTOR ( 'NONE', #6599, 1000.000000000000000 ) ;
#2989 = EDGE_CURVE ( 'NONE', #6845, #4135, #5489, .T. ) ;
#2990 = CARTESIAN_POINT ( 'NONE',  ( -5.049999999999999822, -1.199999999999999956, -1.824999999999998845 ) ) ;
#2991 = LINE ( 'NONE', #5217, #5372 ) ;
#2992 = VERTEX_POINT ( 'NONE', #4305 ) ;
#2993 = CARTESIAN_POINT ( 'NONE',  ( 2.600000000000000533, 16.60000000000000142, -4.800000000000002487 ) ) ;
#2994 = CARTESIAN_POINT ( 'NONE',  ( 2.399999999999997691, -3.061276722312009532E-16, -4.700000000000001066 ) ) ;
#2995 = ORIENTED_EDGE ( 'NONE', *, *, #1930, .F. ) ;
#2996 = CARTESIAN_POINT ( 'NONE',  ( -1.850000000000000977, 9.799999999999998934, -5.500000000000001776 ) ) ;
#2997 = CARTESIAN_POINT ( 'NONE',  ( -1.192610418006827322, -3.299999999999999822, 0.1926104180068278493 ) ) ;
#2998 = CARTESIAN_POINT ( 'NONE',  ( 1.649999999999999467, 16.60000000000000142, 1.499999999999999112 ) ) ;
#2999 = ADVANCED_FACE ( 'NONE', ( #3814 ), #2162, .T. ) ;
#3000 = LINE ( 'NONE', #4084, #3286 ) ;
#3001 = CARTESIAN_POINT ( 'NONE',  ( -1.250000000000002442, 16.60000000000000142, 0.5999999999999963141 ) ) ;
#3002 = ORIENTED_EDGE ( 'NONE', *, *, #3604, .T. ) ;
#3003 = DIRECTION ( 'NONE',  ( -0.000000000000000000, -1.000000000000000000, -0.000000000000000000 ) ) ;
#3004 = ORIENTED_EDGE ( 'NONE', *, *, #4813, .F. ) ;
#3005 = LINE ( 'NONE', #216, #585 ) ;
#3006 = VERTEX_POINT ( 'NONE', #6457 ) ;
#3007 = CARTESIAN_POINT ( 'NONE',  ( -4.899999999999999467, 16.60000000000000142, -2.400000000000002132 ) ) ;
#3008 = ORIENTED_EDGE ( 'NONE', *, *, #388, .T. ) ;
#3009 = LINE ( 'NONE', #5182, #7048 ) ;
#3010 = DIRECTION ( 'NONE',  ( 0.08715574274765920670, 0.9961946980917454342, 0.000000000000000000 ) ) ;
#3011 = EDGE_CURVE ( 'NONE', #662, #5815, #4856, .T. ) ;
#3012 = CARTESIAN_POINT ( 'NONE',  ( -1.649999999999999023, 7.900000000000000355, 1.499999999999999556 ) ) ;
#3013 = DIRECTION ( 'NONE',  ( 0.9961946980917455452, 0.08715574274765794383, 0.000000000000000000 ) ) ;
#3014 = AXIS2_PLACEMENT_3D ( 'NONE', #1298, #5637, #2936 ) ;
#3015 = ADVANCED_FACE ( 'NONE', ( #3735 ), #5925, .F. ) ;
#3016 = EDGE_LOOP ( 'NONE', ( #2209, #1847, #5750, #4941, #936, #1898 ) ) ;
#3017 = DIRECTION ( 'NONE',  ( 1.000000000000000000, 0.000000000000000000, 0.000000000000000000 ) ) ;
#3018 = DIRECTION ( 'NONE',  ( 0.000000000000000000, -0.000000000000000000, -1.000000000000000000 ) ) ;
#3019 = ORIENTED_EDGE ( 'NONE', *, *, #3725, .F. ) ;
#3020 = EDGE_CURVE ( 'NONE', #2534, #6206, #6422, .T. ) ;
#3021 = DIRECTION ( 'NONE',  ( -1.000000000000000000, 0.000000000000000000, 0.000000000000000000 ) ) ;
#3022 = LINE ( 'NONE', #6833, #6003 ) ;
#3023 = SHAPE_DEFINITION_REPRESENTATION ( #649, #4156 ) ;
#3024 = EDGE_CURVE ( 'NONE', #5356, #726, #5355, .T. ) ;
#3025 = ORIENTED_EDGE ( 'NONE', *, *, #6103, .F. ) ;
#3026 = CARTESIAN_POINT ( 'NONE',  ( 0.6800000000000000488, 16.60000000000000142, 0.3200000000000005618 ) ) ;
#3027 = CARTESIAN_POINT ( 'NONE',  ( -3.348069116740396201, -2.951331855667883808, 0.3200000000000005618 ) ) ;
#3028 = LINE ( 'NONE', #782, #2450 ) ;
#3029 = FACE_OUTER_BOUND ( 'NONE', #1838, .T. ) ;
#3030 = LINE ( 'NONE', #5737, #6472 ) ;
#3031 = EDGE_CURVE ( 'NONE', #326, #1232, #2730, .T. ) ;
#3032 = VERTEX_POINT ( 'NONE', #4936 ) ;
#3033 = DIRECTION ( 'NONE',  ( -0.08715574274765794383, 0.9961946980917455452, 0.000000000000000000 ) ) ;
#3034 = EDGE_CURVE ( 'NONE', #7016, #1330, #4342, .T. ) ;
#3035 = CARTESIAN_POINT ( 'NONE',  ( 3.150000000000000355, 16.60000000000000142, 2.599999999999999201 ) ) ;
#3036 = CARTESIAN_POINT ( 'NONE',  ( -5.049999999999999822, -1.100000000000000089, -1.925000000000000044 ) ) ;
#3037 = EDGE_LOOP ( 'NONE', ( #6171, #746, #4859, #6639 ) ) ;
#3038 = CARTESIAN_POINT ( 'NONE',  ( 1.249999999999999778, 16.60000000000000142, 2.499999999999999556 ) ) ;
#3039 = CARTESIAN_POINT ( 'NONE',  ( -2.861073754643070011, 9.847496052137699962, -0.1389262453569310996 ) ) ;
#3040 = VERTEX_POINT ( 'NONE', #2197 ) ;
#3041 = PLANE ( 'NONE',  #1926 ) ;
#3042 = DIRECTION ( 'NONE',  ( 1.000000000000000000, 0.000000000000000000, 0.000000000000000000 ) ) ;
#3043 = VERTEX_POINT ( 'NONE', #4379 ) ;
#3044 = LINE ( 'NONE', #4201, #219 ) ;
#3045 = AXIS2_PLACEMENT_3D ( 'NONE', #472, #432, #4731 ) ;
#3046 = DIRECTION ( 'NONE',  ( 1.445602896647340889E-15, 0.000000000000000000, 1.000000000000000000 ) ) ;
#3047 = ADVANCED_FACE ( 'NONE', ( #6532 ), #3845, .F. ) ;
#3048 = VECTOR ( 'NONE', #3791, 1000.000000000000000 ) ;
#3049 = EDGE_LOOP ( 'NONE', ( #152, #3962, #3298, #1072 ) ) ;
#3050 = CARTESIAN_POINT ( 'NONE',  ( -2.806904826173719503, -3.255323058278427162, 0.1926104180068295701 ) ) ;
#3051 = DIRECTION ( 'NONE',  ( -1.000000000000000000, 0.000000000000000000, 0.000000000000000000 ) ) ;
#3052 = AXIS2_PLACEMENT_3D ( 'NONE', #1284, #1854, #4049 ) ;
#3053 = ORIENTED_EDGE ( 'NONE', *, *, #6111, .F. ) ;
#3054 = DIRECTION ( 'NONE',  ( 0.3236155771181827845, -0.8891264907159898145, 0.3236155771181827845 ) ) ;
#3055 = EDGE_CURVE ( 'NONE', #5634, #6572, #4601, .T. ) ;
#3056 = DIRECTION ( 'NONE',  ( -0.000000000000000000, -0.000000000000000000, -1.000000000000000000 ) ) ;
#3057 = VECTOR ( 'NONE', #1909, 1000.000000000000000 ) ;
#3058 = AXIS2_PLACEMENT_3D ( 'NONE', #3139, #7022, #3809 ) ;
#3059 = CYLINDRICAL_SURFACE ( 'NONE', #6687, 0.3000000000000007661 ) ;
#3060 = DIRECTION ( 'NONE',  ( 0.000000000000000000, 1.000000000000000000, 0.000000000000000000 ) ) ;
#3061 = ORIENTED_EDGE ( 'NONE', *, *, #562, .T. ) ;
#3062 = VECTOR ( 'NONE', #145, 1000.000000000000000 ) ;
#3063 = VECTOR ( 'NONE', #3618, 1000.000000000000000 ) ;
#3064 = ORIENTED_EDGE ( 'NONE', *, *, #2611, .F. ) ;
#3065 = ADVANCED_FACE ( 'NONE', ( #5851 ), #5011, .T. ) ;
#3066 = VERTEX_POINT ( 'NONE', #4034 ) ;
#3067 = CARTESIAN_POINT ( 'NONE',  ( -3.499999999999998224, 16.60000000000000142, 0.5999999999999996447 ) ) ;
#3068 = DIRECTION ( 'NONE',  ( 0.02980901962620877491, -0.3407186534216066209, -0.9396926207859096492 ) ) ;
#3069 = CARTESIAN_POINT ( 'NONE',  ( 0.000000000000000000, 11.00000000000000000, 0.000000000000000000 ) ) ;
#3070 = EDGE_CURVE ( 'NONE', #4302, #3280, #650, .T. ) ;
#3071 = AXIS2_PLACEMENT_3D ( 'NONE', #4652, #377, #6818 ) ;
#3072 = VERTEX_POINT ( 'NONE', #114 ) ;
#3073 = CARTESIAN_POINT ( 'NONE',  ( 2.350000000000000977, 7.900000000000000355, 1.499999999999998668 ) ) ;
#3074 = PRESENTATION_LAYER_ASSIGNMENT (  '', '', ( #3183 ) ) ;
#3075 = EDGE_LOOP ( 'NONE', ( #5144, #6798, #5186, #2377 ) ) ;
#3076 = CARTESIAN_POINT ( 'NONE',  ( 1.250000000000000888, 16.60000000000000142, 2.200000000000000178 ) ) ;
#3077 = DIRECTION ( 'NONE',  ( 0.000000000000000000, -0.000000000000000000, 1.000000000000000000 ) ) ;
#3078 = DIRECTION ( 'NONE',  ( -0.000000000000000000, 0.000000000000000000, 1.000000000000000000 ) ) ;
#3079 = PLANE ( 'NONE',  #1817 ) ;
#3080 = EDGE_CURVE ( 'NONE', #3542, #4282, #2308, .T. ) ;
#3081 = VECTOR ( 'NONE', #2546, 1000.000000000000000 ) ;
#3082 = ORIENTED_EDGE ( 'NONE', *, *, #1733, .F. ) ;
#3083 = EDGE_LOOP ( 'NONE', ( #12, #6390, #2775, #4430 ) ) ;
#3084 = DIRECTION ( 'NONE',  ( -0.000000000000000000, -1.000000000000000000, -0.000000000000000000 ) ) ;
#3085 = LINE ( 'NONE', #6356, #3211 ) ;
#3086 = ORIENTED_EDGE ( 'NONE', *, *, #5370, .T. ) ;
#3087 = UNCERTAINTY_MEASURE_WITH_UNIT (LENGTH_MEASURE( 1.000000000000000082E-05 ), #874, 'distance_accuracy_value', 'NONE');
#3088 = CIRCLE ( 'NONE', #6045, 0.4249999999999998224 ) ;
#3089 = LINE ( 'NONE', #5192, #3515 ) ;
#3090 = CARTESIAN_POINT ( 'NONE',  ( -4.399999999999999467, 4.500000000000000888, -2.400000000000001243 ) ) ;
#3091 = ORIENTED_EDGE ( 'NONE', *, *, #3671, .T. ) ;
#3092 = DIRECTION ( 'NONE',  ( -0.000000000000000000, 0.000000000000000000, -1.000000000000000000 ) ) ;
#3093 = CARTESIAN_POINT ( 'NONE',  ( -3.319999999999999840, 0.000000000000000000, 0.3200000000000005618 ) ) ;
#3094 = VECTOR ( 'NONE', #27, 1000.000000000000000 ) ;
#3095 = CARTESIAN_POINT ( 'NONE',  ( -2.749999999999999556, 16.60000000000000142, 2.499999999999999556 ) ) ;
#3096 = CARTESIAN_POINT ( 'NONE',  ( 3.499999999999997780, 16.60000000000000142, -2.400000000000002132 ) ) ;
#3097 = EDGE_CURVE ( 'NONE', #2199, #2331, #6565, .T. ) ;
#3098 = EDGE_LOOP ( 'NONE', ( #6485, #6563, #761, #363, #4951, #6039, #5219, #7058, #3793, #6446, #3772, #3777, #3630, #6730, #3722, #5061 ) ) ;
#3099 = VERTEX_POINT ( 'NONE', #3923 ) ;
#3100 = LINE ( 'NONE', #5269, #1368 ) ;
#3101 = LINE ( 'NONE', #6338, #3583 ) ;
#3102 = LINE ( 'NONE', #4260, #70 ) ;
#3103 = EDGE_CURVE ( 'NONE', #423, #2641, #1840, .T. ) ;
#3104 = VERTEX_POINT ( 'NONE', #5643 ) ;
#3105 = CARTESIAN_POINT ( 'NONE',  ( -0.6800000000000000488, -2.949999999999990852, -0.3199999999999995071 ) ) ;
#3106 = CARTESIAN_POINT ( 'NONE',  ( 3.419999999999998597, -0.4500000000000000111, 0.3200000000000005618 ) ) ;
#3107 = VERTEX_POINT ( 'NONE', #6143 ) ;
#3108 = CARTESIAN_POINT ( 'NONE',  ( 2.869649486113213133, -1.076516779175668015, 0.3200000000000005618 ) ) ;
#3109 = PLANE ( 'NONE',  #2978 ) ;
#3110 = LINE ( 'NONE', #2045, #418 ) ;
#3111 = CARTESIAN_POINT ( 'NONE',  ( -5.049999999999999822, 0.000000000000000000, -1.500000000000000000 ) ) ;
#3112 = VERTEX_POINT ( 'NONE', #6037 ) ;
#3113 = DIRECTION ( 'NONE',  ( 0.3236155771181817298, 0.8891264907159904807, 0.3236155771181817298 ) ) ;
#3114 = DIRECTION ( 'NONE',  ( -0.000000000000000000, -0.000000000000000000, -1.000000000000000000 ) ) ;
#3115 = VERTEX_POINT ( 'NONE', #4518 ) ;
#3116 = ORIENTED_EDGE ( 'NONE', *, *, #4804, .T. ) ;
#3117 = AXIS2_PLACEMENT_3D ( 'NONE', #6091, #2817, #2899 ) ;
#3118 = PLANE ( 'NONE',  #3045 ) ;
#3119 = ORIENTED_EDGE ( 'NONE', *, *, #176, .F. ) ;
#3120 = DIRECTION ( 'NONE',  ( 0.000000000000000000, -0.000000000000000000, 1.000000000000000000 ) ) ;
#3121 = ORIENTED_EDGE ( 'NONE', *, *, #3097, .F. ) ;
#3122 = CARTESIAN_POINT ( 'NONE',  ( -3.499999999999998668, 0.000000000000000000, -2.400000000000001243 ) ) ;
#3123 = CARTESIAN_POINT ( 'NONE',  ( -2.950000000000000178, 10.05000000000000071, -5.500000000000001776 ) ) ;
#3124 = LINE ( 'NONE', #2667, #2380 ) ;
#3125 = ORIENTED_EDGE ( 'NONE', *, *, #6651, .F. ) ;
#3126 = EDGE_CURVE ( 'NONE', #492, #3032, #66, .T. ) ;
#3127 = CARTESIAN_POINT ( 'NONE',  ( -3.499999999999998668, 11.00000000000000000, -4.400000000000001243 ) ) ;
#3128 = PLANE ( 'NONE',  #2969 ) ;
#3129 = CARTESIAN_POINT ( 'NONE',  ( -2.680000000000001048, 9.700000000000001066, -0.3199999999999998956 ) ) ;
#3130 = EDGE_CURVE ( 'NONE', #2992, #4634, #5606, .T. ) ;
#3131 = DIRECTION ( 'NONE',  ( -1.885568995626964533E-16, 0.000000000000000000, -1.000000000000000000 ) ) ;
#3132 = VECTOR ( 'NONE', #300, 1000.000000000000000 ) ;
#3133 = ORIENTED_EDGE ( 'NONE', *, *, #6547, .F. ) ;
#3134 = CARTESIAN_POINT ( 'NONE',  ( 2.570791076685688292, -1.050370056351370263, 0.3200000000000005618 ) ) ;
#3135 = DIRECTION ( 'NONE',  ( 1.000000000000000000, 0.000000000000000000, -1.694065894508601171E-16 ) ) ;
#3136 = DIRECTION ( 'NONE',  ( -8.545435842250282219E-17, 1.000000000000000000, 0.000000000000000000 ) ) ;
#3137 = CARTESIAN_POINT ( 'NONE',  ( -1.320000000000000062, 4.500000000000003553, -0.3199999999999993960 ) ) ;
#3138 = EDGE_CURVE ( 'NONE', #4817, #4800, #4449, .T. ) ;
#3139 = CARTESIAN_POINT ( 'NONE',  ( 3.199999999999998845, 9.799999999999998934, -5.500000000000001776 ) ) ;
#3140 = DIRECTION ( 'NONE',  ( -5.782411586589354681E-16, 0.000000000000000000, -1.000000000000000000 ) ) ;
#3141 = ORIENTED_EDGE ( 'NONE', *, *, #6562, .T. ) ;
#3142 = LINE ( 'NONE', #6388, #5123 ) ;
#3143 = FACE_BOUND ( 'NONE', #5149, .T. ) ;
#3144 = ADVANCED_FACE ( 'NONE', ( #1692 ), #763, .F. ) ;
#3145 = ORIENTED_EDGE ( 'NONE', *, *, #4376, .F. ) ;
#3146 = VERTEX_POINT ( 'NONE', #5579 ) ;
#3147 = CARTESIAN_POINT ( 'NONE',  ( 0.000000000000000000, 11.00000000000000000, -3.800000000000001599 ) ) ;
#3148 = LINE ( 'NONE', #5755, #2489 ) ;
#3149 = CARTESIAN_POINT ( 'NONE',  ( 2.680000000000001048, 9.349999999999997868, -0.3199999999999998956 ) ) ;
#3150 = ADVANCED_FACE ( 'NONE', ( #4409 ), #3404, .T. ) ;
#3151 = DIRECTION ( 'NONE',  ( 0.000000000000000000, 0.000000000000000000, 1.000000000000000000 ) ) ;
#3152 = EDGE_CURVE ( 'NONE', #1605, #2534, #614, .T. ) ;
#3153 = EDGE_CURVE ( 'NONE', #2855, #3248, #694, .T. ) ;
#3154 = ORIENTED_EDGE ( 'NONE', *, *, #5602, .T. ) ;
#3155 = VECTOR ( 'NONE', #5861, 1000.000000000000000 ) ;
#3156 = DIRECTION ( 'NONE',  ( -1.000000000000000000, -0.000000000000000000, -0.000000000000000000 ) ) ;
#3157 = ORIENTED_EDGE ( 'NONE', *, *, #1676, .T. ) ;
#3158 = FACE_OUTER_BOUND ( 'NONE', #4399, .T. ) ;
#3159 = DIRECTION ( 'NONE',  ( -1.000000000000000000, 0.000000000000000000, 0.000000000000000000 ) ) ;
#3160 = CIRCLE ( 'NONE', #5882, 0.4249999999999998224 ) ;
#3161 = CARTESIAN_POINT ( 'NONE',  ( 2.680000000000000160, 0.000000000000000000, 0.3200000000000005618 ) ) ;
#3162 = VERTEX_POINT ( 'NONE', #3884 ) ;
#3163 = ORIENTED_EDGE ( 'NONE', *, *, #6951, .F. ) ;
#3164 = CARTESIAN_POINT ( 'NONE',  ( -4.399999999999999467, 16.60000000000000142, -2.400000000000001243 ) ) ;
#3165 = AXIS2_PLACEMENT_3D ( 'NONE', #4864, #6505, #4905 ) ;
#3166 = AXIS2_PLACEMENT_3D ( 'NONE', #4061, #4713, #858 ) ;
#3167 = VECTOR ( 'NONE', #2423, 1000.000000000000000 ) ;
#3168 = CARTESIAN_POINT ( 'NONE',  ( 0.6800000000000000488, 16.60000000000000142, 0.3200000000000005618 ) ) ;
#3169 = DIRECTION ( 'NONE',  ( 1.000000000000000000, -0.000000000000000000, 0.000000000000000000 ) ) ;
#3170 = CIRCLE ( 'NONE', #1931, 0.9000000000000005773 ) ;
#3171 = AXIS2_PLACEMENT_3D ( 'NONE', #6531, #3775, #4823 ) ;
#3172 = VERTEX_POINT ( 'NONE', #734 ) ;
#3173 = PLANE ( 'NONE',  #4474 ) ;
#3174 = CARTESIAN_POINT ( 'NONE',  ( 1.320000000000000062, 4.500000000000003553, 0.3200000000000004508 ) ) ;
#3175 = ORIENTED_EDGE ( 'NONE', *, *, #221, .F. ) ;
#3176 = CARTESIAN_POINT ( 'NONE',  ( 3.150000000000000355, 16.60000000000000142, 2.599999999999999201 ) ) ;
#3177 = CARTESIAN_POINT ( 'NONE',  ( -1.249999999999999778, 16.60000000000000142, 2.499999999999999556 ) ) ;
#3178 = DIRECTION ( 'NONE',  ( 0.000000000000000000, 0.000000000000000000, 1.000000000000000000 ) ) ;
#3179 = VECTOR ( 'NONE', #4296, 1000.000000000000000 ) ;
#3180 = FACE_OUTER_BOUND ( 'NONE', #1297, .T. ) ;
#3181 = EDGE_CURVE ( 'NONE', #1258, #1169, #9, .T. ) ;
#3182 = EDGE_CURVE ( 'NONE', #4634, #47, #1153, .T. ) ;
#3183 = STYLED_ITEM ( 'NONE', ( #2073 ), #1286 ) ;
#3184 = VERTEX_POINT ( 'NONE', #6608 ) ;
#3185 = PLANE ( 'NONE',  #4883 ) ;
#3186 = CARTESIAN_POINT ( 'NONE',  ( -3.319999999999999840, 4.000000000000000000, -0.3199999999999993960 ) ) ;
#3187 = VERTEX_POINT ( 'NONE', #2375 ) ;
#3188 = VERTEX_POINT ( 'NONE', #4556 ) ;
#3189 = FACE_OUTER_BOUND ( 'NONE', #4094, .T. ) ;
#3190 = LINE ( 'NONE', #5361, #4550 ) ;
#3191 = AXIS2_PLACEMENT_3D ( 'NONE', #3212, #3807, #1032 ) ;
#3192 = EDGE_CURVE ( 'NONE', #6566, #4014, #1730, .T. ) ;
#3193 = VERTEX_POINT ( 'NONE', #3365 ) ;
#3194 = AXIS2_PLACEMENT_3D ( 'NONE', #5100, #1319, #5033 ) ;
#3195 = CARTESIAN_POINT ( 'NONE',  ( -2.350000000000000089, 7.900000000000000355, 1.499999999999999556 ) ) ;
#3196 = ORIENTED_EDGE ( 'NONE', *, *, #5289, .T. ) ;
#3197 = DIRECTION ( 'NONE',  ( 1.239088197126291310E-16, 0.000000000000000000, 1.000000000000000000 ) ) ;
#3198 = CARTESIAN_POINT ( 'NONE',  ( -0.6800000000000000488, 15.80509667991878153, 0.3200000000000005618 ) ) ;
#3199 = DIRECTION ( 'NONE',  ( 0.000000000000000000, 0.000000000000000000, 1.000000000000000000 ) ) ;
#3200 = VECTOR ( 'NONE', #4832, 1000.000000000000000 ) ;
#3201 = ORIENTED_EDGE ( 'NONE', *, *, #5659, .T. ) ;
#3202 = VECTOR ( 'NONE', #1975, 1000.000000000000000 ) ;
#3203 = LINE ( 'NONE', #3831, #5340 ) ;
#3204 = LINE ( 'NONE', #2140, #1420 ) ;
#3205 = DIRECTION ( 'NONE',  ( 0.000000000000000000, 0.000000000000000000, -1.000000000000000000 ) ) ;
#3206 = ORIENTED_EDGE ( 'NONE', *, *, #421, .T. ) ;
#3207 = DIRECTION ( 'NONE',  ( -0.000000000000000000, -1.000000000000000000, -0.000000000000000000 ) ) ;
#3208 = LINE ( 'NONE', #6523, #7051 ) ;
#3209 = ORIENTED_EDGE ( 'NONE', *, *, #1549, .F. ) ;
#3210 = LINE ( 'NONE', #5382, #1501 ) ;
#3211 = VECTOR ( 'NONE', #1414, 1000.000000000000000 ) ;
#3212 = CARTESIAN_POINT ( 'NONE',  ( -1.047142365151673360, 16.60000000000000142, -3.800000000000001599 ) ) ;
#3213 = DIRECTION ( 'NONE',  ( 0.9961946980917455452, 0.08715574274765794383, 0.000000000000000000 ) ) ;
#3214 = LINE ( 'NONE', #2086, #6819 ) ;
#3215 = VERTEX_POINT ( 'NONE', #3076 ) ;
#3216 = EDGE_CURVE ( 'NONE', #4190, #1219, #5151, .T. ) ;
#3217 = EDGE_CURVE ( 'NONE', #4740, #1834, #3579, .T. ) ;
#3218 = CARTESIAN_POINT ( 'NONE',  ( 3.199999999999998845, 9.799999999999998934, -5.500000000000001776 ) ) ;
#3219 = CARTESIAN_POINT ( 'NONE',  ( 3.320000000000000284, 4.500000000000000888, -0.3199999999999993960 ) ) ;
#3220 = ORIENTED_EDGE ( 'NONE', *, *, #4220, .F. ) ;
#3221 = ORIENTED_EDGE ( 'NONE', *, *, #4130, .F. ) ;
#3222 = DIRECTION ( 'NONE',  ( -1.000000000000000000, 0.000000000000000000, -5.782411586589356653E-16 ) ) ;
#3223 = ADVANCED_FACE ( 'NONE', ( #5244 ), #896, .T. ) ;
#3224 = FACE_OUTER_BOUND ( 'NONE', #2714, .T. ) ;
#3225 = ORIENTED_EDGE ( 'NONE', *, *, #6409, .F. ) ;
#3226 = EDGE_CURVE ( 'NONE', #1130, #4367, #819, .T. ) ;
#3227 = CARTESIAN_POINT ( 'NONE',  ( -3.319999999999999840, 4.000000000000000000, 0.3200000000000005618 ) ) ;
#3228 = EDGE_LOOP ( 'NONE', ( #1360, #1312, #994, #1160 ) ) ;
#3229 = LINE ( 'NONE', #4356, #5239 ) ;
#3230 = EDGE_CURVE ( 'NONE', #6572, #7016, #4586, .T. ) ;
#3231 = LINE ( 'NONE', #3677, #2021 ) ;
#3232 = CARTESIAN_POINT ( 'NONE',  ( 5.500000000000001776, 14.09999999999999964, -0.1500000000000074885 ) ) ;
#3233 = VECTOR ( 'NONE', #4188, 1000.000000000000000 ) ;
#3234 = ORIENTED_EDGE ( 'NONE', *, *, #3252, .F. ) ;
#3235 = CARTESIAN_POINT ( 'NONE',  ( -2.680000000000001048, 9.349999999999997868, 0.3200000000000005618 ) ) ;
#3236 = PLANE ( 'NONE',  #5393 ) ;
#3237 = EDGE_CURVE ( 'NONE', #809, #5580, #352, .T. ) ;
#3238 = LINE ( 'NONE', #451, #3635 ) ;
#3239 = EDGE_CURVE ( 'NONE', #5714, #6675, #3654, .T. ) ;
#3240 = ADVANCED_FACE ( 'NONE', ( #799 ), #224, .F. ) ;
#3241 = VERTEX_POINT ( 'NONE', #1406 ) ;
#3242 = ORIENTED_EDGE ( 'NONE', *, *, #2570, .F. ) ;
#3243 = LINE ( 'NONE', #1064, #1385 ) ;
#3244 = FACE_OUTER_BOUND ( 'NONE', #1900, .T. ) ;
#3245 = ORIENTED_EDGE ( 'NONE', *, *, #5754, .T. ) ;
#3246 = DIRECTION ( 'NONE',  ( 0.000000000000000000, 1.000000000000000000, 0.000000000000000000 ) ) ;
#3247 = CARTESIAN_POINT ( 'NONE',  ( -1.049999999999999822, 4.000000000000000000, 2.000000000000000444 ) ) ;
#3248 = VERTEX_POINT ( 'NONE', #3548 ) ;
#3249 = DIRECTION ( 'NONE',  ( 1.000000000000000000, 0.000000000000000000, -0.000000000000000000 ) ) ;
#3250 = CARTESIAN_POINT ( 'NONE',  ( -1.250000000000000222, 16.60000000000000142, 2.200000000000000178 ) ) ;
#3251 = VECTOR ( 'NONE', #541, 1000.000000000000000 ) ;
#3252 = EDGE_CURVE ( 'NONE', #1196, #556, #5717, .T. ) ;
#3253 = ORIENTED_EDGE ( 'NONE', *, *, #1903, .T. ) ;
#3254 = CARTESIAN_POINT ( 'NONE',  ( 3.099333002648370972, 9.839933983312356247, -5.103022012031369847 ) ) ;
#3255 = CARTESIAN_POINT ( 'NONE',  ( -1.199999999999999734, 11.00000000000000000, -4.100000000000002309 ) ) ;
#3256 = ORIENTED_EDGE ( 'NONE', *, *, #5351, .F. ) ;
#3257 = VERTEX_POINT ( 'NONE', #5816 ) ;
#3258 = DIRECTION ( 'NONE',  ( -0.000000000000000000, -1.000000000000000000, -0.000000000000000000 ) ) ;
#3259 = DIRECTION ( 'NONE',  ( -0.000000000000000000, -1.000000000000000000, -0.000000000000000000 ) ) ;
#3260 = CARTESIAN_POINT ( 'NONE',  ( 1.192610418006829098, 9.700000000000001066, -0.1926104180068285432 ) ) ;
#3261 = ORIENTED_EDGE ( 'NONE', *, *, #5931, .T. ) ;
#3262 = DIRECTION ( 'NONE',  ( -1.000000000000000000, -0.000000000000000000, 1.694065894508600925E-16 ) ) ;
#3263 = ORIENTED_EDGE ( 'NONE', *, *, #7065, .F. ) ;
#3264 = VERTEX_POINT ( 'NONE', #5681 ) ;
#3265 = CARTESIAN_POINT ( 'NONE',  ( -2.680000000000000160, 16.60000000000000142, -0.3199999999999995071 ) ) ;
#3266 = CARTESIAN_POINT ( 'NONE',  ( 1.599999999999999645, 10.05000000000000071, -5.500000000000001776 ) ) ;
#3267 = CARTESIAN_POINT ( 'NONE',  ( 1.320000000000000062, 0.000000000000000000, 0.3200000000000004508 ) ) ;
#3268 = AXIS2_PLACEMENT_3D ( 'NONE', #2968, #5137, #2436 ) ;
#3269 = ORIENTED_EDGE ( 'NONE', *, *, #6782, .F. ) ;
#3270 = EDGE_CURVE ( 'NONE', #6534, #97, #4916, .T. ) ;
#3271 = CARTESIAN_POINT ( 'NONE',  ( 0.000000000000000000, 11.00000000000000000, 0.000000000000000000 ) ) ;
#3273 = CARTESIAN_POINT ( 'NONE',  ( -3.200000000000000622, 10.05000000000000071, -5.500000000000001776 ) ) ;
#3272 = VECTOR ( 'NONE', #4949, 1000.000000000000000 ) ;
#3274 = VECTOR ( 'NONE', #5595, 1000.000000000000000 ) ;
#3275 = CARTESIAN_POINT ( 'NONE',  ( 4.899999999999997691, 16.60000000000000142, 0.5999999999999995337 ) ) ;
#3276 = CIRCLE ( 'NONE', #3398, 0.9000000000000002442 ) ;
#3277 = VECTOR ( 'NONE', #688, 1000.000000000000000 ) ;
#3278 = EDGE_CURVE ( 'NONE', #4407, #3032, #6883, .T. ) ;
#3279 = ORIENTED_EDGE ( 'NONE', *, *, #2001, .F. ) ;
#3280 = VERTEX_POINT ( 'NONE', #256 ) ;
#3281 = CARTESIAN_POINT ( 'NONE',  ( 2.806904826173719503, -3.255323058278427162, 0.1926104180068295701 ) ) ;
#3282 = ORIENTED_EDGE ( 'NONE', *, *, #6841, .T. ) ;
#3283 = VERTEX_POINT ( 'NONE', #4621 ) ;
#3284 = CARTESIAN_POINT ( 'NONE',  ( 3.419999999999998597, 9.349999999999997868, 0.3200000000000005618 ) ) ;
#3285 = AXIS2_PLACEMENT_3D ( 'NONE', #3697, #6529, #5350 ) ;
#3286 = VECTOR ( 'NONE', #881, 1000.000000000000000 ) ;
#3287 = DIRECTION ( 'NONE',  ( -0.000000000000000000, -1.000000000000000000, -0.000000000000000000 ) ) ;
#3288 = ORIENTED_EDGE ( 'NONE', *, *, #5029, .T. ) ;
#3289 = DIRECTION ( 'NONE',  ( -0.000000000000000000, -1.000000000000000000, -0.000000000000000000 ) ) ;
#3290 = VECTOR ( 'NONE', #5885, 1000.000000000000000 ) ;
#3291 = DIRECTION ( 'NONE',  ( 0.000000000000000000, -0.000000000000000000, 1.000000000000000000 ) ) ;
#3292 = VERTEX_POINT ( 'NONE', #1943 ) ;
#3293 = ORIENTED_EDGE ( 'NONE', *, *, #5370, .F. ) ;
#3294 = EDGE_CURVE ( 'NONE', #428, #6208, #930, .T. ) ;
#3295 = DIRECTION ( 'NONE',  ( -1.000000000000000000, 0.000000000000000000, 1.694065894508601171E-16 ) ) ;
#3296 = CARTESIAN_POINT ( 'NONE',  ( 3.499999999999998668, 4.000000000000000000, 2.000000000000000000 ) ) ;
#3297 = DIRECTION ( 'NONE',  ( -0.9396926207859093161, -0.3420201433256664925, -0.000000000000000000 ) ) ;
#3298 = ORIENTED_EDGE ( 'NONE', *, *, #3315, .T. ) ;
#3299 = AXIS2_PLACEMENT_3D ( 'NONE', #855, #3033, #922 ) ;
#3300 = EDGE_LOOP ( 'NONE', ( #2350, #2459, #6666, #2133 ) ) ;
#3301 = LINE ( 'NONE', #3127, #5787 ) ;
#3302 = CARTESIAN_POINT ( 'NONE',  ( -2.350000000000000089, 7.900000000000000355, 1.499999999999999556 ) ) ;
#3303 = EDGE_LOOP ( 'NONE', ( #5468, #555, #3930, #1002 ) ) ;
#3304 = DIRECTION ( 'NONE',  ( 0.000000000000000000, 0.000000000000000000, 1.000000000000000000 ) ) ;
#3305 = AXIS2_PLACEMENT_3D ( 'NONE', #2494, #5733, #1923 ) ;
#3306 = LINE ( 'NONE', #2852, #3272 ) ;
#3307 = CARTESIAN_POINT ( 'NONE',  ( -3.499999999999998224, 4.500000000000000888, 0.3200000000000012834 ) ) ;
#3308 = VECTOR ( 'NONE', #3077, 1000.000000000000000 ) ;
#3309 = ORIENTED_EDGE ( 'NONE', *, *, #298, .T. ) ;
#3310 = EDGE_LOOP ( 'NONE', ( #4312, #3913, #5890, #700 ) ) ;
#3311 = DIRECTION ( 'NONE',  ( -0.8910065241883707854, 0.000000000000000000, -0.4539904997395411979 ) ) ;
#3312 = CARTESIAN_POINT ( 'NONE',  ( -1.199999999999999734, 4.000000000000000000, -4.100000000000002309 ) ) ;
#3313 = FACE_OUTER_BOUND ( 'NONE', #4937, .T. ) ;
#3314 = AXIS2_PLACEMENT_3D ( 'NONE', #5197, #2460, #2493 ) ;
#3315 = EDGE_CURVE ( 'NONE', #4058, #1615, #4589, .T. ) ;
#3316 = ORIENTED_EDGE ( 'NONE', *, *, #3730, .T. ) ;
#3317 = AXIS2_PLACEMENT_3D ( 'NONE', #2151, #3692, #1574 ) ;
#3318 = ORIENTED_EDGE ( 'NONE', *, *, #877, .F. ) ;
#3319 = DIRECTION ( 'NONE',  ( -0.4539904997395411979, -0.000000000000000000, 0.8910065241883707854 ) ) ;
#3320 = ORIENTED_EDGE ( 'NONE', *, *, #3294, .T. ) ;
#3321 = DIRECTION ( 'NONE',  ( -0.000000000000000000, -1.000000000000000000, -0.000000000000000000 ) ) ;
#3322 = ORIENTED_EDGE ( 'NONE', *, *, #4948, .F. ) ;
#3323 = CARTESIAN_POINT ( 'NONE',  ( 2.807389581993172012, 9.700000000000001066, 0.3200000000000005618 ) ) ;
#3324 = EDGE_CURVE ( 'NONE', #6208, #3040, #4799, .T. ) ;
#3325 = APPLICATION_CONTEXT ( 'automotive_design' ) ;
#3326 = FACE_OUTER_BOUND ( 'NONE', #5189, .T. ) ;
#3327 = ORIENTED_EDGE ( 'NONE', *, *, #1989, .F. ) ;
#3328 = AXIS2_PLACEMENT_3D ( 'NONE', #1305, #148, #6105 ) ;
#3329 = DIRECTION ( 'NONE',  ( 0.000000000000000000, 0.000000000000000000, -1.000000000000000000 ) ) ;
#3330 = DIRECTION ( 'NONE',  ( -5.782411586589354681E-16, 0.000000000000000000, 1.000000000000000000 ) ) ;
#3331 = ORIENTED_EDGE ( 'NONE', *, *, #2541, .F. ) ;
#3332 = VERTEX_POINT ( 'NONE', #5209 ) ;
#3333 = PLANE ( 'NONE',  #5087 ) ;
#3334 = CYLINDRICAL_SURFACE ( 'NONE', #2030, 2.000000000000000000 ) ;
#3335 = SURFACE_SIDE_STYLE ('',( #6041 ) ) ;
#3336 = ORIENTED_EDGE ( 'NONE', *, *, #5593, .F. ) ;
#3337 = ORIENTED_EDGE ( 'NONE', *, *, #1362, .F. ) ;
#3338 = EDGE_CURVE ( 'NONE', #1934, #3384, #318, .T. ) ;
#3339 = ORIENTED_EDGE ( 'NONE', *, *, #3497, .T. ) ;
#3340 = CARTESIAN_POINT ( 'NONE',  ( -1.320000000000000062, 4.000000000000000000, 0.3200000000000005618 ) ) ;
#3341 = CARTESIAN_POINT ( 'NONE',  ( 1.047142365151673360, 16.60000000000000142, -3.800000000000001599 ) ) ;
#3342 = VERTEX_POINT ( 'NONE', #1871 ) ;
#3343 = LINE ( 'NONE', #5515, #4129 ) ;
#3344 = CARTESIAN_POINT ( 'NONE',  ( -5.500000000000000000, 0.000000000000000000, -2.400000000000001243 ) ) ;
#3345 = CARTESIAN_POINT ( 'NONE',  ( 0.000000000000000000, -3.299999999999999822, -0.1926104180068267668 ) ) ;
#3346 = EDGE_CURVE ( 'NONE', #6891, #5841, #4690, .T. ) ;
#3347 = VECTOR ( 'NONE', #2435, 1000.000000000000000 ) ;
#3348 = ORIENTED_EDGE ( 'NONE', *, *, #6773, .T. ) ;
#3349 = ORIENTED_EDGE ( 'NONE', *, *, #3741, .F. ) ;
#3350 = LINE ( 'NONE', #2251, #228 ) ;
#3351 = CARTESIAN_POINT ( 'NONE',  ( -2.749999999999999556, 16.60000000000000142, 2.499999999999999556 ) ) ;
#3352 = CARTESIAN_POINT ( 'NONE',  ( -4.899999999999999467, 15.59999999999999964, -2.400000000000002132 ) ) ;
#3353 = ORIENTED_EDGE ( 'NONE', *, *, #5541, .F. ) ;
#3354 = EDGE_CURVE ( 'NONE', #1615, #3406, #6251, .T. ) ;
#3355 = DIRECTION ( 'NONE',  ( 1.000000000000000000, -1.275531967630005245E-16, -1.239088197126291310E-16 ) ) ;
#3356 = ORIENTED_EDGE ( 'NONE', *, *, #6681, .F. ) ;
#3357 = CARTESIAN_POINT ( 'NONE',  ( 1.192610418006829098, 9.700000000000001066, 0.5999999999999996447 ) ) ;
#3358 = ORIENTED_EDGE ( 'NONE', *, *, #5973, .T. ) ;
#3359 = LINE ( 'NONE', #2937, #4874 ) ;
#3360 = DIRECTION ( 'NONE',  ( -1.000000000000000000, 0.000000000000000000, -0.000000000000000000 ) ) ;
#3361 = EDGE_CURVE ( 'NONE', #492, #5597, #6490, .T. ) ;
#3362 = ORIENTED_EDGE ( 'NONE', *, *, #5840, .T. ) ;
#3363 = EDGE_CURVE ( 'NONE', #88, #6709, #1648, .T. ) ;
#3364 = DIRECTION ( 'NONE',  ( -1.000000000000000000, 0.000000000000000000, 0.000000000000000000 ) ) ;
#3365 = CARTESIAN_POINT ( 'NONE',  ( -4.899999999999998579, 14.09999999999999964, -0.1500000000000012712 ) ) ;
#3366 = VERTEX_POINT ( 'NONE', #5987 ) ;
#3367 = LINE ( 'NONE', #764, #7057 ) ;
#3368 = DIRECTION ( 'NONE',  ( -0.000000000000000000, -1.000000000000000000, -0.000000000000000000 ) ) ;
#3369 = ORIENTED_EDGE ( 'NONE', *, *, #892, .F. ) ;
#3370 = ORIENTED_EDGE ( 'NONE', *, *, #4948, .T. ) ;
#3371 = VERTEX_POINT ( 'NONE', #4890 ) ;
#3372 = VECTOR ( 'NONE', #5470, 1000.000000000000000 ) ;
#3373 = EDGE_CURVE ( 'NONE', #966, #6284, #4233, .T. ) ;
#3374 = DIRECTION ( 'NONE',  ( -0.08715574274765920670, 0.9961946980917454342, -0.000000000000000000 ) ) ;
#3375 = ORIENTED_EDGE ( 'NONE', *, *, #2865, .T. ) ;
#3376 = CARTESIAN_POINT ( 'NONE',  ( 1.599999999999999867, 11.00000000000000000, -4.400000000000002132 ) ) ;
#3377 = VERTEX_POINT ( 'NONE', #3838 ) ;
#3378 = DIRECTION ( 'NONE',  ( -0.000000000000000000, -1.000000000000000000, -0.000000000000000000 ) ) ;
#3379 = ADVANCED_FACE ( 'NONE', ( #5916 ), #961, .F. ) ;
#3380 = CARTESIAN_POINT ( 'NONE',  ( 0.6800000000000000488, 15.80509667991878153, 0.3200000000000005618 ) ) ;
#3381 = EDGE_CURVE ( 'NONE', #7016, #3377, #4849, .T. ) ;
#3382 = CARTESIAN_POINT ( 'NONE',  ( 2.749999999999999112, 4.000000000000000000, 2.200000000000000178 ) ) ;
#3383 = ORIENTED_EDGE ( 'NONE', *, *, #4712, .F. ) ;
#3384 = VERTEX_POINT ( 'NONE', #2114 ) ;
#3385 = CARTESIAN_POINT ( 'NONE',  ( -1.320000000000000062, 9.349999999999997868, -0.3199999999999995071 ) ) ;
#3386 = CARTESIAN_POINT ( 'NONE',  ( -3.499999999999998224, 0.000000000000000000, 0.5999999999999996447 ) ) ;
#3387 = DIRECTION ( 'NONE',  ( 0.000000000000000000, 0.000000000000000000, -1.000000000000000000 ) ) ;
#3388 = VERTEX_POINT ( 'NONE', #2187 ) ;
#3389 = EDGE_CURVE ( 'NONE', #5396, #444, #4333, .T. ) ;
#3390 = CARTESIAN_POINT ( 'NONE',  ( 5.500000000000001776, 15.59999999999999964, -0.1500000000000074885 ) ) ;
#3391 = ORIENTED_EDGE ( 'NONE', *, *, #4686, .T. ) ;
#3392 = AXIS2_PLACEMENT_3D ( 'NONE', #4761, #4245, #6394 ) ;
#3393 = DIRECTION ( 'NONE',  ( -1.000000000000000000, 0.000000000000000000, 0.000000000000000000 ) ) ;
#3394 = VERTEX_POINT ( 'NONE', #525 ) ;
#3395 = ORIENTED_EDGE ( 'NONE', *, *, #6283, .T. ) ;
#3396 = LINE ( 'NONE', #2907, #4435 ) ;
#3397 = FACE_OUTER_BOUND ( 'NONE', #3083, .T. ) ;
#3398 = AXIS2_PLACEMENT_3D ( 'NONE', #1661, #2128, #2693 ) ;
#3399 = EDGE_CURVE ( 'NONE', #6707, #501, #6957, .T. ) ;
#3400 = AXIS2_PLACEMENT_3D ( 'NONE', #3345, #5517, #630 ) ;
#3401 = EDGE_LOOP ( 'NONE', ( #2676, #3358, #1200, #1832 ) ) ;
#3402 = FACE_OUTER_BOUND ( 'NONE', #5641, .T. ) ;
#3403 = AXIS2_PLACEMENT_3D ( 'NONE', #2949, #736, #2346 ) ;
#3404 = PLANE ( 'NONE',  #3794 ) ;
#3405 = VECTOR ( 'NONE', #2793, 1000.000000000000000 ) ;
#3406 = VERTEX_POINT ( 'NONE', #5277 ) ;
#3407 = DIRECTION ( 'NONE',  ( 1.000000000000000000, 0.000000000000000000, 0.000000000000000000 ) ) ;
#3408 = VECTOR ( 'NONE', #6685, 1000.000000000000000 ) ;
#3409 = LINE ( 'NONE', #3446, #673 ) ;
#3410 = EDGE_CURVE ( 'NONE', #3292, #6121, #6743, .T. ) ;
#3411 = AXIS2_PLACEMENT_3D ( 'NONE', #3952, #4640, #6101 ) ;
#3412 = AXIS2_PLACEMENT_3D ( 'NONE', #6311, #4782, #5208 ) ;
#3413 = EDGE_LOOP ( 'NONE', ( #4373, #3500, #911, #5976 ) ) ;
#3414 = CARTESIAN_POINT ( 'NONE',  ( -0.6800000000000000488, 0.000000000000000000, -0.3199999999999995071 ) ) ;
#3415 = ORIENTED_EDGE ( 'NONE', *, *, #4293, .T. ) ;
#3416 = FACE_OUTER_BOUND ( 'NONE', #2563, .T. ) ;
#3417 = ORIENTED_EDGE ( 'NONE', *, *, #5820, .T. ) ;
#3418 = ORIENTED_EDGE ( 'NONE', *, *, #1348, .F. ) ;
#3419 = LINE ( 'NONE', #4980, #3545 ) ;
#3420 = EDGE_CURVE ( 'NONE', #1219, #6853, #458, .T. ) ;
#3421 = CARTESIAN_POINT ( 'NONE',  ( -3.419999999999998597, -0.4500000000000000111, 0.3200000000000005618 ) ) ;
#3422 = VECTOR ( 'NONE', #5568, 1000.000000000000000 ) ;
#3423 = DIRECTION ( 'NONE',  ( 0.000000000000000000, 0.000000000000000000, -1.000000000000000000 ) ) ;
#3424 = EDGE_CURVE ( 'NONE', #5791, #2284, #5306, .T. ) ;
#3425 = ORIENTED_EDGE ( 'NONE', *, *, #1827, .T. ) ;
#3426 = ORIENTED_EDGE ( 'NONE', *, *, #2448, .T. ) ;
#3427 = CARTESIAN_POINT ( 'NONE',  ( 2.949999999999999289, 16.60000000000000142, 2.200000000000000178 ) ) ;
#3428 = CARTESIAN_POINT ( 'NONE',  ( 1.047142365151673360, 16.60000000000000142, -3.800000000000001599 ) ) ;
#3429 = DIRECTION ( 'NONE',  ( -0.000000000000000000, -0.000000000000000000, -1.000000000000000000 ) ) ;
#3430 = CARTESIAN_POINT ( 'NONE',  ( 2.350000000000000533, 7.900000000000000355, 2.099999999999998757 ) ) ;
#3431 = VECTOR ( 'NONE', #6659, 1000.000000000000000 ) ;
#3432 = EDGE_CURVE ( 'NONE', #3342, #1589, #5845, .T. ) ;
#3433 = EDGE_LOOP ( 'NONE', ( #2804, #796, #6460, #3336 ) ) ;
#3434 = DIRECTION ( 'NONE',  ( 1.275531967630005245E-16, 1.000000000000000000, 0.000000000000000000 ) ) ;
#3435 = AXIS2_PLACEMENT_3D ( 'NONE', #6268, #878, #4248 ) ;
#3436 = ORIENTED_EDGE ( 'NONE', *, *, #1540, .F. ) ;
#3437 = ORIENTED_EDGE ( 'NONE', *, *, #2492, .T. ) ;
#3438 = DIRECTION ( 'NONE',  ( -1.694065894508601171E-16, 0.000000000000000000, -1.000000000000000000 ) ) ;
#3439 = VECTOR ( 'NONE', #7042, 1000.000000000000000 ) ;
#3440 = ORIENTED_EDGE ( 'NONE', *, *, #4714, .F. ) ;
#3441 = CARTESIAN_POINT ( 'NONE',  ( -2.599999999999999645, 11.00000000000000000, -4.800000000000002487 ) ) ;
#3442 = CARTESIAN_POINT ( 'NONE',  ( 3.499999999999998224, 0.000000000000000000, 0.5999999999999987566 ) ) ;
#3443 = VECTOR ( 'NONE', #4818, 1000.000000000000000 ) ;
#3444 = ORIENTED_EDGE ( 'NONE', *, *, #5687, .F. ) ;
#3445 = DIRECTION ( 'NONE',  ( 0.000000000000000000, 0.000000000000000000, 1.000000000000000000 ) ) ;
#3446 = CARTESIAN_POINT ( 'NONE',  ( 1.250000000000000222, 4.000000000000000000, 2.200000000000000178 ) ) ;
#3447 = ORIENTED_EDGE ( 'NONE', *, *, #7026, .T. ) ;
#3448 = VECTOR ( 'NONE', #727, 1000.000000000000000 ) ;
#3449 = ADVANCED_FACE ( 'NONE', ( #3765 ), #414, .F. ) ;
#3450 = EDGE_LOOP ( 'NONE', ( #1008, #2344, #2389, #2163 ) ) ;
#3451 = LINE ( 'NONE', #2349, #5324 ) ;
#3452 = VERTEX_POINT ( 'NONE', #4783 ) ;
#3453 = CARTESIAN_POINT ( 'NONE',  ( 3.199999999999998845, 10.05000000000000071, -4.700000000000001066 ) ) ;
#3454 = EDGE_CURVE ( 'NONE', #5597, #3733, #2081, .T. ) ;
#3455 = ORIENTED_EDGE ( 'NONE', *, *, #340, .T. ) ;
#3456 = DIRECTION ( 'NONE',  ( 0.3236155771181827845, -0.8891264907159898145, 0.3236155771181827845 ) ) ;
#3457 = AXIS2_PLACEMENT_3D ( 'NONE', #4106, #5752, #3046 ) ;
#3458 = CARTESIAN_POINT ( 'NONE',  ( -1.049999999999999822, 4.000000000000000000, 2.200000000000000178 ) ) ;
#3459 = CARTESIAN_POINT ( 'NONE',  ( 2.679999999999998384, -3.244220324641498898, 0.1926104180068295701 ) ) ;
#3460 = EDGE_LOOP ( 'NONE', ( #5268, #5068, #3309, #429 ) ) ;
#3461 = DIRECTION ( 'NONE',  ( -0.000000000000000000, -1.000000000000000000, -0.000000000000000000 ) ) ;
#3462 = ADVANCED_FACE ( 'NONE', ( #1616 ), #6414, .F. ) ;
#3463 = CARTESIAN_POINT ( 'NONE',  ( 3.319999999999999840, 4.000000000000003553, 0.3200000000000004508 ) ) ;
#3464 = CARTESIAN_POINT ( 'NONE',  ( 3.150000000000000355, 16.60000000000000142, 2.599999999999999201 ) ) ;
#3465 = LINE ( 'NONE', #6167, #1913 ) ;
#3466 = ORIENTED_EDGE ( 'NONE', *, *, #1903, .F. ) ;
#3467 = EDGE_CURVE ( 'NONE', #5849, #5923, #3210, .T. ) ;
#3468 = LINE ( 'NONE', #4998, #2048 ) ;
#3469 = ORIENTED_EDGE ( 'NONE', *, *, #4753, .T. ) ;
#3470 = LINE ( 'NONE', #6812, #2557 ) ;
#3471 = VERTEX_POINT ( 'NONE', #493 ) ;
#3472 = DIRECTION ( 'NONE',  ( -1.000000000000000000, 0.000000000000000000, 0.000000000000000000 ) ) ;
#3473 = CARTESIAN_POINT ( 'NONE',  ( -3.499999999999998224, 9.700000000000001066, -0.1926104180068285432 ) ) ;
#3474 = EDGE_CURVE ( 'NONE', #6675, #2158, #2072, .T. ) ;
#3475 = AXIS2_PLACEMENT_3D ( 'NONE', #3012, #5184, #933 ) ;
#3476 = ADVANCED_FACE ( 'NONE', ( #4547 ), #1181, .T. ) ;
#3477 = EDGE_LOOP ( 'NONE', ( #4869, #10, #1683, #616 ) ) ;
#3478 = CARTESIAN_POINT ( 'NONE',  ( 4.899999999999999467, 14.09999999999999964, -2.400000000000002132 ) ) ;
#3479 = CARTESIAN_POINT ( 'NONE',  ( 3.317564606778715230, -3.299999999999999822, -0.3199999999999998956 ) ) ;
#3480 = LINE ( 'NONE', #1842, #3964 ) ;
#3481 = CARTESIAN_POINT ( 'NONE',  ( -3.499999999999998224, 4.000000000000000000, -3.800000000000001599 ) ) ;
#3482 = VERTEX_POINT ( 'NONE', #6710 ) ;
#3483 = CARTESIAN_POINT ( 'NONE',  ( 4.899999999999997691, 16.60000000000000142, 0.5999999999999995337 ) ) ;
#3484 = ORIENTED_EDGE ( 'NONE', *, *, #3504, .F. ) ;
#3485 = FACE_OUTER_BOUND ( 'NONE', #1673, .T. ) ;
#3486 = ORIENTED_EDGE ( 'NONE', *, *, #1733, .T. ) ;
#3487 = ORIENTED_EDGE ( 'NONE', *, *, #487, .F. ) ;
#3488 = DIRECTION ( 'NONE',  ( -0.000000000000000000, 0.000000000000000000, 1.000000000000000000 ) ) ;
#3489 = CYLINDRICAL_SURFACE ( 'NONE', #4650, 0.09999999999999982514 ) ;
#3490 = DIRECTION ( 'NONE',  ( 1.000000000000000000, -0.000000000000000000, 0.000000000000000000 ) ) ;
#3491 = VECTOR ( 'NONE', #1112, 1000.000000000000000 ) ;
#3492 = ORIENTED_EDGE ( 'NONE', *, *, #5840, .F. ) ;
#3493 = CARTESIAN_POINT ( 'NONE',  ( -0.6800000000000000488, 16.60000000000000142, -0.3199999999999995071 ) ) ;
#3494 = CARTESIAN_POINT ( 'NONE',  ( -1.320000000000000062, -2.949999999999990852, 0.3200000000000005618 ) ) ;
#3495 = DIRECTION ( 'NONE',  ( 0.000000000000000000, 0.000000000000000000, 1.000000000000000000 ) ) ;
#3496 = FACE_OUTER_BOUND ( 'NONE', #4759, .T. ) ;
#3497 = EDGE_CURVE ( 'NONE', #2769, #2686, #4695, .T. ) ;
#3498 = CARTESIAN_POINT ( 'NONE',  ( 0.8073895819931727891, -3.299999999999999822, -0.1926104180068267668 ) ) ;
#3499 = CARTESIAN_POINT ( 'NONE',  ( -2.807389581993172012, 9.700000000000001066, 0.3200000000000005618 ) ) ;
#3500 = ORIENTED_EDGE ( 'NONE', *, *, #6418, .F. ) ;
#3501 = CARTESIAN_POINT ( 'NONE',  ( 3.319999999999999840, 16.60000000000000142, 0.3200000000000004508 ) ) ;
#3502 = ORIENTED_EDGE ( 'NONE', *, *, #1989, .T. ) ;
#3503 = DIRECTION ( 'NONE',  ( 1.000000000000000000, 0.000000000000000000, -1.694065894508601171E-16 ) ) ;
#3504 = EDGE_CURVE ( 'NONE', #4411, #88, #5044, .T. ) ;
#3505 = VECTOR ( 'NONE', #1293, 1000.000000000000114 ) ;
#3506 = VERTEX_POINT ( 'NONE', #686 ) ;
#3507 = PLANE ( 'NONE',  #3759 ) ;
#3508 = DIRECTION ( 'NONE',  ( 0.000000000000000000, 0.000000000000000000, -1.000000000000000000 ) ) ;
#3509 = ORIENTED_EDGE ( 'NONE', *, *, #3373, .T. ) ;
#3510 = CARTESIAN_POINT ( 'NONE',  ( 0.6800000000000000488, 15.80509667991878153, 0.3200000000000005618 ) ) ;
#3511 = VECTOR ( 'NONE', #2561, 1000.000000000000000 ) ;
#3512 = VECTOR ( 'NONE', #5550, 1000.000000000000000 ) ;
#3513 = LINE ( 'NONE', #5583, #5563 ) ;
#3514 = ORIENTED_EDGE ( 'NONE', *, *, #1135, .T. ) ;
#3515 = VECTOR ( 'NONE', #6832, 1000.000000000000000 ) ;
#3516 = VECTOR ( 'NONE', #6031, 1000.000000000000000 ) ;
#3517 = DIRECTION ( 'NONE',  ( 0.000000000000000000, 1.000000000000000000, -0.000000000000000000 ) ) ;
#3518 = EDGE_CURVE ( 'NONE', #3659, #3847, #1684, .T. ) ;
#3519 = VECTOR ( 'NONE', #2807, 1000.000000000000000 ) ;
#3520 = CARTESIAN_POINT ( 'NONE',  ( -3.319999999999999840, 4.500000000000003553, 0.3200000000000005618 ) ) ;
#3521 = ORIENTED_EDGE ( 'NONE', *, *, #6054, .T. ) ;
#3522 = ORIENTED_EDGE ( 'NONE', *, *, #3820, .F. ) ;
#3523 = UNCERTAINTY_MEASURE_WITH_UNIT (LENGTH_MEASURE( 1.000000000000000082E-05 ), #2368, 'distance_accuracy_value', 'NONE');
#3524 = DIRECTION ( 'NONE',  ( -0.000000000000000000, -1.000000000000000000, -0.000000000000000000 ) ) ;
#3525 = AXIS2_PLACEMENT_3D ( 'NONE', #3111, #4658, #1479 ) ;
#3526 = PLANE ( 'NONE',  #3052 ) ;
#3527 = AXIS2_PLACEMENT_3D ( 'NONE', #4554, #2415, #1225 ) ;
#3528 = ORIENTED_EDGE ( 'NONE', *, *, #1234, .T. ) ;
#3529 = FACE_OUTER_BOUND ( 'NONE', #4507, .T. ) ;
#3530 = LINE ( 'NONE', #3093, #3652 ) ;
#3531 = VECTOR ( 'NONE', #4816, 1000.000000000000000 ) ;
#3532 = LINE ( 'NONE', #3147, #6076 ) ;
#3533 = LINE ( 'NONE', #4154, #876 ) ;
#3534 = CARTESIAN_POINT ( 'NONE',  ( -2.599999999999999645, 11.00000000000000000, -4.800000000000002487 ) ) ;
#3535 = VECTOR ( 'NONE', #3863, 1000.000000000000000 ) ;
#3536 = EDGE_CURVE ( 'NONE', #6534, #6459, #1723, .T. ) ;
#3537 = ORIENTED_EDGE ( 'NONE', *, *, #4308, .T. ) ;
#3538 = LINE ( 'NONE', #1465, #1131 ) ;
#3539 = VERTEX_POINT ( 'NONE', #3873 ) ;
#3540 = DIRECTION ( 'NONE',  ( 1.239088197126291310E-16, -0.000000000000000000, 1.000000000000000000 ) ) ;
#3541 = EDGE_CURVE ( 'NONE', #5962, #6496, #6558, .T. ) ;
#3542 = VERTEX_POINT ( 'NONE', #6029 ) ;
#3543 = CARTESIAN_POINT ( 'NONE',  ( 3.348069116740396201, -2.951331855667883808, 0.3200000000000005618 ) ) ;
#3544 = AXIS2_PLACEMENT_3D ( 'NONE', #1393, #241, #1889 ) ;
#3545 = VECTOR ( 'NONE', #6544, 1000.000000000000000 ) ;
#3546 = ORIENTED_EDGE ( 'NONE', *, *, #1089, .F. ) ;
#3547 = DIRECTION ( 'NONE',  ( 9.293161478447185441E-17, 0.000000000000000000, 1.000000000000000000 ) ) ;
#3548 = CARTESIAN_POINT ( 'NONE',  ( 2.949999999999998845, 16.60000000000000142, 2.000000000000000000 ) ) ;
#3549 = EDGE_CURVE ( 'NONE', #3248, #4097, #1731, .T. ) ;
#3550 = ORIENTED_EDGE ( 'NONE', *, *, #2001, .T. ) ;
#3551 = DIRECTION ( 'NONE',  ( -1.000000000000000000, 0.000000000000000000, 0.000000000000000000 ) ) ;
#3552 = LINE ( 'NONE', #320, #6130 ) ;
#3553 = VECTOR ( 'NONE', #6227, 1000.000000000000000 ) ;
#3554 = EDGE_LOOP ( 'NONE', ( #3440, #2756, #5652, #7033 ) ) ;
#3555 = VECTOR ( 'NONE', #1332, 1000.000000000000000 ) ;
#3556 = CARTESIAN_POINT ( 'NONE',  ( -0.6800000000000000488, 4.500000000000003553, 0.3200000000000004508 ) ) ;
#3557 = CARTESIAN_POINT ( 'NONE',  ( -1.249999999999999778, 16.60000000000000142, 2.200000000000000178 ) ) ;
#3558 = EDGE_LOOP ( 'NONE', ( #2169, #6835, #3664, #3206 ) ) ;
#3559 = VERTEX_POINT ( 'NONE', #5527 ) ;
#3560 = DIRECTION ( 'NONE',  ( -1.000000000000000000, 0.000000000000000000, 0.000000000000000000 ) ) ;
#3561 = PLANE ( 'NONE',  #3743 ) ;
#3562 = FACE_OUTER_BOUND ( 'NONE', #2747, .T. ) ;
#3563 = ORIENTED_EDGE ( 'NONE', *, *, #6736, .T. ) ;
#3564 = DIRECTION ( 'NONE',  ( 1.000000000000000000, 0.000000000000000000, 0.000000000000000000 ) ) ;
#3565 = AXIS2_PLACEMENT_3D ( 'NONE', #6219, #4203, #839 ) ;
#3566 = PLANE ( 'NONE',  #5133 ) ;
#3567 = LINE ( 'NONE', #5734, #753 ) ;
#3568 = CARTESIAN_POINT ( 'NONE',  ( -3.499999999999998224, 16.60000000000000142, 2.000000000000000444 ) ) ;
#3569 = CARTESIAN_POINT ( 'NONE',  ( -2.849999999999999645, 0.000000000000000000, 2.899999999999999911 ) ) ;
#3570 = EDGE_CURVE ( 'NONE', #631, #1219, #2759, .T. ) ;
#3571 = ORIENTED_EDGE ( 'NONE', *, *, #5764, .T. ) ;
#3572 = DIRECTION ( 'NONE',  ( 0.000000000000000000, 1.000000000000000000, 0.000000000000000000 ) ) ;
#3573 = LINE ( 'NONE', #6750, #2339 ) ;
#3574 = PLANE ( 'NONE',  #999 ) ;
#3575 = EDGE_CURVE ( 'NONE', #3187, #3947, #642, .T. ) ;
#3576 = ORIENTED_EDGE ( 'NONE', *, *, #1718, .T. ) ;
#3577 = ORIENTED_EDGE ( 'NONE', *, *, #665, .F. ) ;
#3578 = DIRECTION ( 'NONE',  ( 0.000000000000000000, 1.000000000000000000, 0.000000000000000000 ) ) ;
#3579 = LINE ( 'NONE', #4064, #3202 ) ;
#3580 = ORIENTED_EDGE ( 'NONE', *, *, #3761, .F. ) ;
#3581 = CARTESIAN_POINT ( 'NONE',  ( -5.049999999999999822, 0.000000000000000000, -1.925000000000000044 ) ) ;
#3582 = CARTESIAN_POINT ( 'NONE',  ( 5.499999999999999112, 16.60000000000000142, -2.400000000000002576 ) ) ;
#3583 = VECTOR ( 'NONE', #6983, 1000.000000000000000 ) ;
#3584 = EDGE_CURVE ( 'NONE', #1563, #6986, #4927, .T. ) ;
#3585 = ORIENTED_EDGE ( 'NONE', *, *, #3518, .F. ) ;
#3586 = DIRECTION ( 'NONE',  ( -0.000000000000000000, -1.000000000000000000, -0.000000000000000000 ) ) ;
#3587 = CARTESIAN_POINT ( 'NONE',  ( -2.749999999999999556, 16.60000000000000142, 2.499999999999999556 ) ) ;
#3588 = ORIENTED_EDGE ( 'NONE', *, *, #3024, .T. ) ;
#3589 = ORIENTED_EDGE ( 'NONE', *, *, #6981, .F. ) ;
#3590 = CARTESIAN_POINT ( 'NONE',  ( 3.317564606778715230, -3.299999999999999822, 0.3200000000000005618 ) ) ;
#3591 = CARTESIAN_POINT ( 'NONE',  ( -5.500000000000000000, 16.60000000000000142, -2.400000000000001243 ) ) ;
#3592 = EDGE_CURVE ( 'NONE', #3384, #1328, #4252, .T. ) ;
#3593 = ORIENTED_EDGE ( 'NONE', *, *, #5922, .F. ) ;
#3594 = DIRECTION ( 'NONE',  ( -1.000000000000000000, 0.000000000000000000, 1.445602896647341480E-15 ) ) ;
#3595 = CARTESIAN_POINT ( 'NONE',  ( 1.249999999999999778, 16.60000000000000142, 2.200000000000000178 ) ) ;
#3596 = EDGE_CURVE ( 'NONE', #4380, #6404, #2791, .T. ) ;
#3597 = LINE ( 'NONE', #3095, #193 ) ;
#3598 = AXIS2_PLACEMENT_3D ( 'NONE', #1872, #5506, #2378 ) ;
#3599 = DIRECTION ( 'NONE',  ( 0.000000000000000000, 1.000000000000000000, 0.000000000000000000 ) ) ;
#3600 = EDGE_LOOP ( 'NONE', ( #6943, #5883, #1041, #5419 ) ) ;
#3601 = ORIENTED_EDGE ( 'NONE', *, *, #4795, .F. ) ;
#3602 = ORIENTED_EDGE ( 'NONE', *, *, #4115, .F. ) ;
#3603 = LINE ( 'NONE', #4159, #6938 ) ;
#3604 = EDGE_CURVE ( 'NONE', #3701, #2979, #5939, .T. ) ;
#3605 = PLANE ( 'NONE',  #5964 ) ;
#3606 = DIRECTION ( 'NONE',  ( 1.000000000000000000, 0.000000000000000000, -1.885568995626964287E-16 ) ) ;
#3607 = ORIENTED_EDGE ( 'NONE', *, *, #1318, .T. ) ;
#3608 = CARTESIAN_POINT ( 'NONE',  ( 1.199999999999999734, 4.000000000000000000, -4.100000000000002309 ) ) ;
#3609 = ORIENTED_EDGE ( 'NONE', *, *, #836, .F. ) ;
#3610 = CARTESIAN_POINT ( 'NONE',  ( -3.419999999999998597, -0.4500000000000000111, 0.3200000000000005618 ) ) ;
#3611 = CARTESIAN_POINT ( 'NONE',  ( 1.047142365151673360, 11.00000000000000000, -3.800000000000001599 ) ) ;
#3612 = VERTEX_POINT ( 'NONE', #59 ) ;
#3613 = FACE_OUTER_BOUND ( 'NONE', #4660, .T. ) ;
#3614 = DIRECTION ( 'NONE',  ( 1.445602896647340692E-15, 0.000000000000000000, 1.000000000000000000 ) ) ;
#3615 = VECTOR ( 'NONE', #2402, 1000.000000000000000 ) ;
#3616 = ORIENTED_EDGE ( 'NONE', *, *, #2669, .F. ) ;
#3617 = ORIENTED_EDGE ( 'NONE', *, *, #2865, .F. ) ;
#3618 = DIRECTION ( 'NONE',  ( 1.275531967630005245E-16, 1.000000000000000000, -0.000000000000000000 ) ) ;
#3619 = VECTOR ( 'NONE', #1203, 1000.000000000000000 ) ;
#3620 = FACE_OUTER_BOUND ( 'NONE', #1821, .T. ) ;
#3621 = VECTOR ( 'NONE', #1204, 1000.000000000000000 ) ;
#3622 = EDGE_LOOP ( 'NONE', ( #6614, #2654, #289, #5657 ) ) ;
#3623 = MANIFOLD_SOLID_BREP ( 'Pin 1', #2599 ) ;
#3624 = ADVANCED_FACE ( 'NONE', ( #5110 ), #6673, .F. ) ;
#3625 = CARTESIAN_POINT ( 'NONE',  ( 1.320000000000000062, 9.349999999999997868, 0.3200000000000005618 ) ) ;
#3626 = LINE ( 'NONE', #4700, #6574 ) ;
#3627 =( NAMED_UNIT ( * ) PLANE_ANGLE_UNIT ( ) SI_UNIT ( $, .RADIAN. ) );
#3628 = COLOUR_RGB ( '',0.7921568627450980005, 0.8196078431372548767, 0.9333333333333333481 ) ;
#3629 = AXIS2_PLACEMENT_3D ( 'NONE', #4235, #5248, #6787 ) ;
#3630 = ORIENTED_EDGE ( 'NONE', *, *, #1223, .F. ) ;
#3631 = EDGE_CURVE ( 'NONE', #2633, #492, #6847, .T. ) ;
#3632 = DIRECTION ( 'NONE',  ( 0.000000000000000000, -1.000000000000000000, -0.000000000000000000 ) ) ;
#3633 = CARTESIAN_POINT ( 'NONE',  ( -1.049999999999999822, 16.60000000000000142, 2.000000000000000444 ) ) ;
#3634 = VECTOR ( 'NONE', #934, 1000.000000000000000 ) ;
#3635 = VECTOR ( 'NONE', #3798, 1000.000000000000000 ) ;
#3636 = EDGE_CURVE ( 'NONE', #4135, #539, #2407, .T. ) ;
#3637 = PLANE ( 'NONE',  #2706 ) ;
#3638 = VECTOR ( 'NONE', #4222, 1000.000000000000000 ) ;
#3639 = DIRECTION ( 'NONE',  ( 0.000000000000000000, 0.000000000000000000, -1.000000000000000000 ) ) ;
#3640 = ORIENTED_EDGE ( 'NONE', *, *, #5289, .F. ) ;
#3641 = AXIS2_PLACEMENT_3D ( 'NONE', #4444, #3599, #4739 ) ;
#3642 = AXIS2_PLACEMENT_3D ( 'NONE', #6036, #535, #3329 ) ;
#3643 = CARTESIAN_POINT ( 'NONE',  ( 3.499999999999998668, 4.000000000000000000, -2.400000000000001243 ) ) ;
#3644 = DIRECTION ( 'NONE',  ( -0.000000000000000000, 1.000000000000000000, -0.000000000000000000 ) ) ;
#3645 = DIRECTION ( 'NONE',  ( 0.000000000000000000, 0.3420201433256664925, -0.9396926207859093161 ) ) ;
#3646 = DIRECTION ( 'NONE',  ( 0.2448916424500621192, 0.9139480519726366214, 0.3236155771181816743 ) ) ;
#3647 = VECTOR ( 'NONE', #6096, 1000.000000000000000 ) ;
#3648 = EDGE_LOOP ( 'NONE', ( #7043, #1558, #3002, #1214 ) ) ;
#3649 = ORIENTED_EDGE ( 'NONE', *, *, #926, .T. ) ;
#3650 = CARTESIAN_POINT ( 'NONE',  ( -1.600000000000000977, 14.00000000000000000, -4.800000000000002487 ) ) ;
#3651 = FACE_OUTER_BOUND ( 'NONE', #436, .T. ) ;
#3652 = VECTOR ( 'NONE', #4673, 1000.000000000000000 ) ;
#3653 = ORIENTED_EDGE ( 'NONE', *, *, #2661, .F. ) ;
#3654 = LINE ( 'NONE', #4168, #461 ) ;
#3655 = DIRECTION ( 'NONE',  ( -0.000000000000000000, 0.000000000000000000, 1.000000000000000000 ) ) ;
#3656 = CYLINDRICAL_SURFACE ( 'NONE', #5323, 0.2999999999999999334 ) ;
#3657 = FACE_OUTER_BOUND ( 'NONE', #5024, .T. ) ;
#3658 = CIRCLE ( 'NONE', #810, 0.09999999999999982514 ) ;
#3659 = VERTEX_POINT ( 'NONE', #4615 ) ;
#3660 = VERTEX_POINT ( 'NONE', #280 ) ;
#3661 = LINE ( 'NONE', #2581, #5005 ) ;
#3662 = LINE ( 'NONE', #6389, #6971 ) ;
#3663 = ORIENTED_EDGE ( 'NONE', *, *, #3070, .F. ) ;
#3664 = ORIENTED_EDGE ( 'NONE', *, *, #3584, .T. ) ;
#3665 = AXIS2_PLACEMENT_3D ( 'NONE', #1392, #4766, #3564 ) ;
#3666 = PLANE ( 'NONE',  #3392 ) ;
#3667 = EDGE_CURVE ( 'NONE', #4665, #68, #3005, .T. ) ;
#3668 = EDGE_CURVE ( 'NONE', #4634, #55, #5237, .T. ) ;
#3669 = VECTOR ( 'NONE', #6914, 1000.000000000000000 ) ;
#3670 = ORIENTED_EDGE ( 'NONE', *, *, #4733, .F. ) ;
#3671 = EDGE_CURVE ( 'NONE', #3787, #1741, #2470, .T. ) ;
#3672 = LINE ( 'NONE', #5829, #6377 ) ;
#3673 = ORIENTED_EDGE ( 'NONE', *, *, #32, .F. ) ;
#3674 = VERTEX_POINT ( 'NONE', #1999 ) ;
#3675 = DIRECTION ( 'NONE',  ( 0.000000000000000000, 0.000000000000000000, 1.000000000000000000 ) ) ;
#3676 = VECTOR ( 'NONE', #5877, 1000.000000000000000 ) ;
#3677 = CARTESIAN_POINT ( 'NONE',  ( 1.599999999999999867, 9.799999999999998934, -4.400000000000001243 ) ) ;
#3678 = LINE ( 'NONE', #1425, #5573 ) ;
#3679 = ORIENTED_EDGE ( 'NONE', *, *, #4627, .F. ) ;
#3680 = AXIS2_PLACEMENT_3D ( 'NONE', #4402, #1758, #2870 ) ;
#3681 = EDGE_CURVE ( 'NONE', #6453, #2288, #1935, .T. ) ;
#3682 = PLANE ( 'NONE',  #787 ) ;
#3683 = CARTESIAN_POINT ( 'NONE',  ( 1.320000000000000062, 16.60000000000000142, 0.3200000000000004508 ) ) ;
#3684 = LINE ( 'NONE', #955, #1990 ) ;
#3685 = CARTESIAN_POINT ( 'NONE',  ( -0.6800000000000000488, 4.500000000000000888, 0.5999999999999996447 ) ) ;
#3686 = AXIS2_PLACEMENT_3D ( 'NONE', #2387, #5589, #1199 ) ;
#3687 = EDGE_CURVE ( 'NONE', #1934, #5915, #4127, .T. ) ;
#3688 = ORIENTED_EDGE ( 'NONE', *, *, #3126, .F. ) ;
#3689 = FACE_OUTER_BOUND ( 'NONE', #5540, .T. ) ;
#3690 = FACE_BOUND ( 'NONE', #1217, .T. ) ;
#3691 = ORIENTED_EDGE ( 'NONE', *, *, #4860, .F. ) ;
#3692 = DIRECTION ( 'NONE',  ( -0.000000000000000000, 0.000000000000000000, 1.000000000000000000 ) ) ;
#3693 = LINE ( 'NONE', #1545, #4237 ) ;
#3694 = EDGE_CURVE ( 'NONE', #220, #5783, #3573, .T. ) ;
#3695 = CARTESIAN_POINT ( 'NONE',  ( 0.8073895819931727891, -3.299999999999999822, 0.000000000000000000 ) ) ;
#3696 = EDGE_CURVE ( 'NONE', #4605, #438, #3470, .T. ) ;
#3697 = CARTESIAN_POINT ( 'NONE',  ( 3.499999999999998224, 16.60000000000000142, 0.5999999999999996447 ) ) ;
#3698 = ORIENTED_EDGE ( 'NONE', *, *, #3906, .F. ) ;
#3699 = PLANE ( 'NONE',  #2161 ) ;
#3700 = DIRECTION ( 'NONE',  ( 1.000000000000000000, 0.000000000000000000, 0.000000000000000000 ) ) ;
#3701 = VERTEX_POINT ( 'NONE', #6241 ) ;
#3702 = ORIENTED_EDGE ( 'NONE', *, *, #6058, .F. ) ;
#3703 = EDGE_CURVE ( 'NONE', #5636, #3866, #5741, .T. ) ;
#3704 = CARTESIAN_POINT ( 'NONE',  ( 3.319999999999999396, 9.349999999999997868, 0.3200000000000005618 ) ) ;
#3705 = DIRECTION ( 'NONE',  ( 1.000000000000000000, 0.000000000000000000, -1.694065894508600925E-16 ) ) ;
#3706 = FACE_OUTER_BOUND ( 'NONE', #383, .T. ) ;
#3707 = CARTESIAN_POINT ( 'NONE',  ( 0.000000000000000000, 0.000000000000000000, 0.000000000000000000 ) ) ;
#3708 = EDGE_LOOP ( 'NONE', ( #6827, #5048, #1434, #3469 ) ) ;
#3709 = PLANE ( 'NONE',  #2420 ) ;
#3710 = ORIENTED_EDGE ( 'NONE', *, *, #3080, .F. ) ;
#3711 = DIRECTION ( 'NONE',  ( 1.239088197126291310E-16, -0.000000000000000000, 1.000000000000000000 ) ) ;
#3712 = DIRECTION ( 'NONE',  ( -1.000000000000000000, 0.000000000000000000, 0.000000000000000000 ) ) ;
#3713 = EDGE_CURVE ( 'NONE', #2002, #2584, #5740, .T. ) ;
#3714 = LINE ( 'NONE', #5862, #4319 ) ;
#3715 = EDGE_LOOP ( 'NONE', ( #1911, #2310, #4394, #1063, #3019, #115, #2198, #1703, #4516, #3487, #3293, #1198, #3220, #3082, #1527, #2340, #6763, #2919, #6174, #3852, #3653, #1709, #1644, #4320, #3673, #6686, #5341, #6397, #5706, #6600, #1742, #6904, #1269, #2333, #2792, #5162, #4132, #3025, #2831, #2916 ) ) ;
#3716 = DIRECTION ( 'NONE',  ( -1.000000000000000000, 0.000000000000000000, 5.782411586589356653E-16 ) ) ;
#3717 = SURFACE_STYLE_FILL_AREA ( #6946 ) ;
#3718 = DIRECTION ( 'NONE',  ( -1.000000000000000000, 0.000000000000000000, 0.000000000000000000 ) ) ;
#3719 = LINE ( 'NONE', #2567, #6569 ) ;
#3720 = ADVANCED_FACE ( 'NONE', ( #4059 ), #3605, .T. ) ;
#3721 = CIRCLE ( 'NONE', #3598, 0.2000000000000000944 ) ;
#3722 = ORIENTED_EDGE ( 'NONE', *, *, #6799, .T. ) ;
#3723 = FACE_OUTER_BOUND ( 'NONE', #6320, .T. ) ;
#3724 = DIRECTION ( 'NONE',  ( 1.000000000000000000, -0.000000000000000000, 0.000000000000000000 ) ) ;
#3725 = EDGE_CURVE ( 'NONE', #3783, #4512, #756, .T. ) ;
#3726 = CARTESIAN_POINT ( 'NONE',  ( -3.319999999999999396, 9.700000000000001066, 0.3200000000000005618 ) ) ;
#3727 = CARTESIAN_POINT ( 'NONE',  ( -1.149999999999999467, 0.000000000000000000, 2.899999999999999467 ) ) ;
#3728 = ORIENTED_EDGE ( 'NONE', *, *, #3230, .F. ) ;
#3729 = LINE ( 'NONE', #5880, #1579 ) ;
#3730 = EDGE_CURVE ( 'NONE', #575, #5714, #1062, .T. ) ;
#3731 = LINE ( 'NONE', #4375, #6352 ) ;
#3732 = ORIENTED_EDGE ( 'NONE', *, *, #4206, .T. ) ;
#3733 = VERTEX_POINT ( 'NONE', #6207 ) ;
#3734 = DIRECTION ( 'NONE',  ( 0.000000000000000000, 1.000000000000000000, 0.000000000000000000 ) ) ;
#3735 = FACE_OUTER_BOUND ( 'NONE', #2360, .T. ) ;
#3736 = ORIENTED_EDGE ( 'NONE', *, *, #1054, .F. ) ;
#3737 = EDGE_LOOP ( 'NONE', ( #2132, #254, #6898, #3924 ) ) ;
#3738 = UNCERTAINTY_MEASURE_WITH_UNIT (LENGTH_MEASURE( 1.000000000000000082E-05 ), #1986, 'distance_accuracy_value', 'NONE');
#3739 = CARTESIAN_POINT ( 'NONE',  ( 0.6800000000000000488, 0.000000000000000000, 0.3200000000000005618 ) ) ;
#3740 = CARTESIAN_POINT ( 'NONE',  ( 0.000000000000000000, 7.900000000000000355, 0.000000000000000000 ) ) ;
#3741 = EDGE_CURVE ( 'NONE', #3146, #4380, #1327, .T. ) ;
#3742 = ORIENTED_EDGE ( 'NONE', *, *, #4670, .F. ) ;
#3743 = AXIS2_PLACEMENT_3D ( 'NONE', #2457, #3051, #6692 ) ;
#3744 = LINE ( 'NONE', #1704, #4139 ) ;
#3745 = ORIENTED_EDGE ( 'NONE', *, *, #5820, .F. ) ;
#3746 = DIRECTION ( 'NONE',  ( -1.000000000000000000, -0.000000000000000000, 5.782411586589356653E-16 ) ) ;
#3747 = FACE_OUTER_BOUND ( 'NONE', #6658, .T. ) ;
#3748 = VECTOR ( 'NONE', #39, 1000.000000000000000 ) ;
#3750 = DIRECTION ( 'NONE',  ( -0.3236155771181817298, -0.8891264907159904807, 0.3236155771181817298 ) ) ;
#3749 = AXIS2_PLACEMENT_3D ( 'NONE', #2994, #5165, #1918 ) ;
#3751 = ORIENTED_EDGE ( 'NONE', *, *, #4643, .F. ) ;
#3752 = AXIS2_PLACEMENT_3D ( 'NONE', #4974, #3297, #2939 ) ;
#3753 = AXIS2_PLACEMENT_3D ( 'NONE', #5046, #1146, #1760 ) ;
#3754 = FACE_OUTER_BOUND ( 'NONE', #1695, .T. ) ;
#3755 = DIRECTION ( 'NONE',  ( -0.3236155771181827845, 0.8891264907159898145, 0.3236155771181827845 ) ) ;
#3756 = DIRECTION ( 'NONE',  ( 0.000000000000000000, 0.000000000000000000, -1.000000000000000000 ) ) ;
#3757 = AXIS2_PLACEMENT_3D ( 'NONE', #1334, #6075, #6683 ) ;
#3758 = ADVANCED_FACE ( 'NONE', ( #791 ), #2974, .F. ) ;
#3759 = AXIS2_PLACEMENT_3D ( 'NONE', #797, #2341, #412 ) ;
#3760 = EDGE_LOOP ( 'NONE', ( #6260, #5906, #5285, #1653 ) ) ;
#3761 = EDGE_CURVE ( 'NONE', #1834, #5566, #6779, .T. ) ;
#3762 = CARTESIAN_POINT ( 'NONE',  ( 4.899999999999999467, 16.60000000000000142, -2.400000000000002132 ) ) ;
#3763 = LINE ( 'NONE', #3871, #100 ) ;
#3764 = EDGE_LOOP ( 'NONE', ( #1122, #3816, #1626, #2800 ) ) ;
#3765 = FACE_OUTER_BOUND ( 'NONE', #43, .T. ) ;
#3766 = DIRECTION ( 'NONE',  ( 0.000000000000000000, 0.000000000000000000, 1.000000000000000000 ) ) ;
#3767 = CARTESIAN_POINT ( 'NONE',  ( -5.049999999999999822, 0.000000000000000000, -1.075000000000000178 ) ) ;
#3768 = VECTOR ( 'NONE', #5343, 1000.000000000000000 ) ;
#3769 = FACE_OUTER_BOUND ( 'NONE', #1612, .T. ) ;
#3770 = EDGE_CURVE ( 'NONE', #4587, #6437, #3204, .T. ) ;
#3771 = VECTOR ( 'NONE', #2461, 1000.000000000000000 ) ;
#3772 = ORIENTED_EDGE ( 'NONE', *, *, #1128, .F. ) ;
#3773 = ADVANCED_FACE ( 'NONE', ( #5299 ), #5408, .F. ) ;
#3774 = ORIENTED_EDGE ( 'NONE', *, *, #5593, .T. ) ;
#3775 = DIRECTION ( 'NONE',  ( 1.000000000000000000, -0.000000000000000000, 0.000000000000000000 ) ) ;
#3776 = DIRECTION ( 'NONE',  ( 0.000000000000000000, 1.000000000000000000, 0.000000000000000000 ) ) ;
#3777 = ORIENTED_EDGE ( 'NONE', *, *, #1679, .T. ) ;
#3778 = ORIENTED_EDGE ( 'NONE', *, *, #4038, .T. ) ;
#3779 = CARTESIAN_POINT ( 'NONE',  ( 2.570791076685688292, -1.050370056351370263, 0.3200000000000005618 ) ) ;
#3780 = PLANE ( 'NONE',  #6244 ) ;
#3781 = DIRECTION ( 'NONE',  ( 0.000000000000000000, 0.000000000000000000, 1.000000000000000000 ) ) ;
#3782 = VECTOR ( 'NONE', #4194, 999.9999999999998863 ) ;
#3783 = VERTEX_POINT ( 'NONE', #3796 ) ;
#3784 = ADVANCED_FACE ( 'NONE', ( #4743 ), #1466, .F. ) ;
#3785 = VECTOR ( 'NONE', #3054, 1000.000000000000000 ) ;
#3786 = PLANE ( 'NONE',  #5038 ) ;
#3787 = VERTEX_POINT ( 'NONE', #5908 ) ;
#3788 = LINE ( 'NONE', #2171, #1837 ) ;
#3789 = EDGE_CURVE ( 'NONE', #2685, #809, #405, .T. ) ;
#3790 = DIRECTION ( 'NONE',  ( 1.239088197126291310E-16, 0.000000000000000000, 1.000000000000000000 ) ) ;
#3791 = DIRECTION ( 'NONE',  ( -0.000000000000000000, -1.000000000000000000, -0.000000000000000000 ) ) ;
#3792 = AXIS2_PLACEMENT_3D ( 'NONE', #6509, #4801, #1633 ) ;
#3793 = ORIENTED_EDGE ( 'NONE', *, *, #5411, .F. ) ;
#3794 = AXIS2_PLACEMENT_3D ( 'NONE', #2943, #5117, #1268 ) ;
#3795 = SURFACE_STYLE_USAGE ( .BOTH. , #5868 ) ;
#3796 = CARTESIAN_POINT ( 'NONE',  ( -2.949999999999999289, 16.60000000000000142, 2.000000000000000000 ) ) ;
#3797 = ADVANCED_FACE ( 'NONE', ( #516 ), #5946, .F. ) ;
#3798 = DIRECTION ( 'NONE',  ( -0.000000000000000000, -1.000000000000000000, -0.000000000000000000 ) ) ;
#3799 = ORIENTED_EDGE ( 'NONE', *, *, #6888, .F. ) ;
#3800 = STYLED_ITEM ( 'NONE', ( #4480 ), #3623 ) ;
#3801 = ORIENTED_EDGE ( 'NONE', *, *, #2640, .F. ) ;
#3802 = ORIENTED_EDGE ( 'NONE', *, *, #6405, .F. ) ;
#3803 = CARTESIAN_POINT ( 'NONE',  ( -5.049999999999999822, 0.000000000000000000, -1.500000000000000000 ) ) ;
#3804 = DIRECTION ( 'NONE',  ( 0.000000000000000000, -1.000000000000000000, 0.000000000000000000 ) ) ;
#3805 = VERTEX_POINT ( 'NONE', #2179 ) ;
#3806 = DIRECTION ( 'NONE',  ( 0.000000000000000000, -1.000000000000000000, 0.000000000000000000 ) ) ;
#3807 = DIRECTION ( 'NONE',  ( 0.8910065241883707854, 0.000000000000000000, -0.4539904997395411979 ) ) ;
#3808 = ORIENTED_EDGE ( 'NONE', *, *, #3361, .F. ) ;
#3809 = DIRECTION ( 'NONE',  ( 0.000000000000000000, -0.000000000000000000, 1.000000000000000000 ) ) ;
#3810 = LINE ( 'NONE', #7068, #2276 ) ;
#3811 = ADVANCED_FACE ( 'NONE', ( #7011 ), #6439, .F. ) ;
#3812 = ORIENTED_EDGE ( 'NONE', *, *, #1089, .T. ) ;
#3813 = LINE ( 'NONE', #5464, #4221 ) ;
#3814 = FACE_OUTER_BOUND ( 'NONE', #3401, .T. ) ;
#3815 = VERTEX_POINT ( 'NONE', #2707 ) ;
#3816 = ORIENTED_EDGE ( 'NONE', *, *, #5465, .T. ) ;
#3817 = DIRECTION ( 'NONE',  ( 0.000000000000000000, 0.000000000000000000, 1.000000000000000000 ) ) ;
#3818 = DIRECTION ( 'NONE',  ( -1.445602896647341480E-15, 0.000000000000000000, 1.000000000000000000 ) ) ;
#3819 = DIRECTION ( 'NONE',  ( -0.000000000000000000, -1.000000000000000000, -0.000000000000000000 ) ) ;
#3820 = EDGE_CURVE ( 'NONE', #2992, #5857, #3101, .T. ) ;
#3821 = ORIENTED_EDGE ( 'NONE', *, *, #359, .T. ) ;
#3822 = LINE ( 'NONE', #5970, #4693 ) ;
#3823 = ORIENTED_EDGE ( 'NONE', *, *, #2487, .F. ) ;
#3824 = EDGE_LOOP ( 'NONE', ( #2382, #467, #823, #2884 ) ) ;
#3825 = DIRECTION ( 'NONE',  ( 0.3236155771181827845, -0.8891264907159898145, 0.3236155771181827845 ) ) ;
#3826 = CARTESIAN_POINT ( 'NONE',  ( 0.8500000000000005329, 16.60000000000000142, 2.599999999999999645 ) ) ;
#3827 = FACE_OUTER_BOUND ( 'NONE', #7015, .T. ) ;
#3828 = EDGE_CURVE ( 'NONE', #3406, #966, #1537, .T. ) ;
#3829 = VECTOR ( 'NONE', #3865, 1000.000000000000000 ) ;
#3830 = ORIENTED_EDGE ( 'NONE', *, *, #3687, .F. ) ;
#3831 = CARTESIAN_POINT ( 'NONE',  ( -3.499999999999998224, 16.60000000000000142, 2.600000000000000089 ) ) ;
#3832 = PLANE ( 'NONE',  #1532 ) ;
#3833 = LINE ( 'NONE', #5839, #545 ) ;
#3834 = ORIENTED_EDGE ( 'NONE', *, *, #540, .F. ) ;
#3835 = ORIENTED_EDGE ( 'NONE', *, *, #2752, .F. ) ;
#3836 = LINE ( 'NONE', #2643, #1480 ) ;
#3837 = VERTEX_POINT ( 'NONE', #1567 ) ;
#3838 = CARTESIAN_POINT ( 'NONE',  ( -2.679999999999999716, -0.4500000000000000111, -0.3199999999999998956 ) ) ;
#3839 = PLANE ( 'NONE',  #111 ) ;
#3840 = VERTEX_POINT ( 'NONE', #2566 ) ;
#3841 = CARTESIAN_POINT ( 'NONE',  ( 1.192610418006827322, -3.299999999999999822, -0.1926104180068267668 ) ) ;
#3842 = CARTESIAN_POINT ( 'NONE',  ( -5.049999999999999822, -1.199999999999999956, -1.500000000000000000 ) ) ;
#3843 = ORIENTED_EDGE ( 'NONE', *, *, #5894, .T. ) ;
#3844 = DIRECTION ( 'NONE',  ( -0.000000000000000000, -1.000000000000000000, -0.000000000000000000 ) ) ;
#3845 = PLANE ( 'NONE',  #4928 ) ;
#3846 = ORIENTED_EDGE ( 'NONE', *, *, #4984, .T. ) ;
#3847 = VERTEX_POINT ( 'NONE', #4777 ) ;
#3848 = DIRECTION ( 'NONE',  ( -0.000000000000000000, -1.000000000000000000, -0.000000000000000000 ) ) ;
#3849 = CARTESIAN_POINT ( 'NONE',  ( 3.319999999999999840, 16.60000000000000142, -0.3199999999999995071 ) ) ;
#3850 = CARTESIAN_POINT ( 'NONE',  ( -5.049999999999999822, -1.199999999999999956, -1.175000000000001155 ) ) ;
#3851 = ORIENTED_EDGE ( 'NONE', *, *, #2980, .T. ) ;
#3852 = ORIENTED_EDGE ( 'NONE', *, *, #3130, .F. ) ;
#3853 = CYLINDRICAL_SURFACE ( 'NONE', #546, 0.2500000000000000000 ) ;
#3854 = DIRECTION ( 'NONE',  ( 0.000000000000000000, 0.000000000000000000, -1.000000000000000000 ) ) ;
#3855 = ADVANCED_FACE ( 'NONE', ( #986 ), #5270, .T. ) ;
#3856 = VERTEX_POINT ( 'NONE', #6374 ) ;
#3857 = LINE ( 'NONE', #5624, #3431 ) ;
#3858 = CARTESIAN_POINT ( 'NONE',  ( -2.870791076685689003, -1.050370056351370263, 0.3200000000000005618 ) ) ;
#3859 = LINE ( 'NONE', #5440, #6909 ) ;
#3860 = ADVANCED_FACE ( 'NONE', ( #4324 ), #3236, .T. ) ;
#3861 = ORIENTED_EDGE ( 'NONE', *, *, #1378, .T. ) ;
#3862 = EDGE_CURVE ( 'NONE', #2644, #3377, #2908, .T. ) ;
#3863 = DIRECTION ( 'NONE',  ( -0.000000000000000000, -1.000000000000000000, -0.000000000000000000 ) ) ;
#3865 = DIRECTION ( 'NONE',  ( -1.281815376337542148E-16, 1.000000000000000000, -0.000000000000000000 ) ) ;
#3864 = VECTOR ( 'NONE', #552, 1000.000000000000000 ) ;
#3866 = VERTEX_POINT ( 'NONE', #5838 ) ;
#3867 = VECTOR ( 'NONE', #6369, 1000.000000000000000 ) ;
#3868 = LINE ( 'NONE', #3978, #5430 ) ;
#3869 = VECTOR ( 'NONE', #6252, 1000.000000000000000 ) ;
#3870 = ORIENTED_EDGE ( 'NONE', *, *, #920, .F. ) ;
#3871 = CARTESIAN_POINT ( 'NONE',  ( -1.320000000000000062, 9.349999999999997868, 0.3200000000000005618 ) ) ;
#3872 = ORIENTED_EDGE ( 'NONE', *, *, #5191, .F. ) ;
#3873 = CARTESIAN_POINT ( 'NONE',  ( -1.320000000000000062, 4.000000000000003553, 0.3200000000000005618 ) ) ;
#3874 = ORIENTED_EDGE ( 'NONE', *, *, #530, .F. ) ;
#3875 = CARTESIAN_POINT ( 'NONE',  ( 3.202277744889249433, -2.938576763391016478, 0.3200000000000005618 ) ) ;
#3876 = VECTOR ( 'NONE', #5281, 1000.000000000000000 ) ;
#3877 = VECTOR ( 'NONE', #1752, 1000.000000000000000 ) ;
#3878 = LINE ( 'NONE', #6032, #6138 ) ;
#3879 = EDGE_CURVE ( 'NONE', #51, #5311, #1057, .T. ) ;
#3880 = AXIS2_PLACEMENT_3D ( 'NONE', #2504, #788, #4709 ) ;
#3881 = ORIENTED_EDGE ( 'NONE', *, *, #1810, .T. ) ;
#3882 = CARTESIAN_POINT ( 'NONE',  ( 3.180769875665262703, 9.935224821793083194, -4.904674844640585007 ) ) ;
#3883 = VECTOR ( 'NONE', #4855, 1000.000000000000000 ) ;
#3884 = CARTESIAN_POINT ( 'NONE',  ( -1.320000000000000062, 4.000000000000003553, -0.3199999999999993960 ) ) ;
#3885 = ORIENTED_EDGE ( 'NONE', *, *, #1020, .F. ) ;
#3886 = EDGE_LOOP ( 'NONE', ( #5718, #2758, #3550, #6321, #5698, #3201, #2783, #5242, #3974, #4071, #699, #6538 ) ) ;
#3887 = LINE ( 'NONE', #4347, #5409 ) ;
#3888 = PRESENTATION_STYLE_ASSIGNMENT (( #1078 ) ) ;
#3889 = FILL_AREA_STYLE_COLOUR ( '', #3628 ) ;
#3890 = ORIENTED_EDGE ( 'NONE', *, *, #1460, .T. ) ;
#3891 = CIRCLE ( 'NONE', #2166, 1.400000000000000799 ) ;
#3892 = ORIENTED_EDGE ( 'NONE', *, *, #4426, .F. ) ;
#3893 = LINE ( 'NONE', #3164, #5676 ) ;
#3894 = CARTESIAN_POINT ( 'NONE',  ( -3.329130728850114629, -2.991945359561886786, 0.3046733784907644238 ) ) ;
#3895 = ORIENTED_EDGE ( 'NONE', *, *, #2351, .F. ) ;
#3896 = CARTESIAN_POINT ( 'NONE',  ( 3.319999999999999396, 9.349999999999997868, 0.3200000000000005618 ) ) ;
#3897 = VECTOR ( 'NONE', #4704, 1000.000000000000000 ) ;
#3898 = CARTESIAN_POINT ( 'NONE',  ( -3.499999999999998668, 16.60000000000000142, 2.000000000000000000 ) ) ;
#3899 = PLANE ( 'NONE',  #4758 ) ;
#3900 = EDGE_CURVE ( 'NONE', #4355, #3911, #3684, .T. ) ;
#3901 = VECTOR ( 'NONE', #1882, 1000.000000000000000 ) ;
#3902 = ORIENTED_EDGE ( 'NONE', *, *, #2661, .T. ) ;
#3903 = ORIENTED_EDGE ( 'NONE', *, *, #2768, .T. ) ;
#3904 = FACE_OUTER_BOUND ( 'NONE', #6420, .T. ) ;
#3905 = FACE_OUTER_BOUND ( 'NONE', #4568, .T. ) ;
#3906 = EDGE_CURVE ( 'NONE', #3377, #4058, #1607, .T. ) ;
#3907 = DIRECTION ( 'NONE',  ( 1.000000000000000000, 0.000000000000000000, -0.000000000000000000 ) ) ;
#3908 = AXIS2_PLACEMENT_3D ( 'NONE', #6935, #1958, #5732 ) ;
#3909 = ADVANCED_FACE ( 'NONE', ( #2750 ), #3977, .T. ) ;
#3910 = VECTOR ( 'NONE', #3948, 1000.000000000000000 ) ;
#3911 = VERTEX_POINT ( 'NONE', #4954 ) ;
#3912 = CARTESIAN_POINT ( 'NONE',  ( -3.319999999999999396, 9.700000000000001066, -0.1926104180068289318 ) ) ;
#3913 = ORIENTED_EDGE ( 'NONE', *, *, #6450, .F. ) ;
#3914 = DIRECTION ( 'NONE',  ( 0.000000000000000000, 0.000000000000000000, -1.000000000000000000 ) ) ;
#3915 = VERTEX_POINT ( 'NONE', #4429 ) ;
#3916 = LINE ( 'NONE', #4513, #3516 ) ;
#3917 = CARTESIAN_POINT ( 'NONE',  ( 3.499999999999997780, 16.60000000000000142, -3.300000000000002487 ) ) ;
#3918 = EDGE_CURVE ( 'NONE', #428, #3471, #5036, .T. ) ;
#3919 = ORIENTED_EDGE ( 'NONE', *, *, #813, .T. ) ;
#3920 = VECTOR ( 'NONE', #7031, 1000.000000000000000 ) ;
#3921 = DIRECTION ( 'NONE',  ( -1.000000000000000000, 0.000000000000000000, 0.000000000000000000 ) ) ;
#3922 = EDGE_CURVE ( 'NONE', #3257, #862, #2328, .T. ) ;
#3923 = CARTESIAN_POINT ( 'NONE',  ( 1.049999999999999822, 4.000000000000000000, 2.000000000000000444 ) ) ;
#3924 = ORIENTED_EDGE ( 'NONE', *, *, #2237, .T. ) ;
#3925 = CARTESIAN_POINT ( 'NONE',  ( -1.850000000000000755, 10.05000000000000071, -4.400000000000001243 ) ) ;
#3926 = CARTESIAN_POINT ( 'NONE',  ( -2.807389581993172012, 9.700000000000001066, 0.1926104180068295701 ) ) ;
#3927 = ORIENTED_EDGE ( 'NONE', *, *, #2488, .T. ) ;
#3928 = ORIENTED_EDGE ( 'NONE', *, *, #7035, .F. ) ;
#3929 = FACE_OUTER_BOUND ( 'NONE', #3075, .T. ) ;
#3930 = ORIENTED_EDGE ( 'NONE', *, *, #4351, .T. ) ;
#3931 = ADVANCED_FACE ( 'NONE', ( #3905 ), #6591, .T. ) ;
#3932 = DIRECTION ( 'NONE',  ( 0.000000000000000000, 0.000000000000000000, 1.000000000000000000 ) ) ;
#3933 = ORIENTED_EDGE ( 'NONE', *, *, #1654, .T. ) ;
#3934 = DIRECTION ( 'NONE',  ( -0.000000000000000000, -0.000000000000000000, -1.000000000000000000 ) ) ;
#3935 = DIRECTION ( 'NONE',  ( -1.000000000000000000, 0.000000000000000000, -7.885106708985496922E-16 ) ) ;
#3936 = CARTESIAN_POINT ( 'NONE',  ( 2.680000000000000160, 16.60000000000000142, -0.3199999999999993960 ) ) ;
#3937 = VECTOR ( 'NONE', #4396, 1000.000000000000000 ) ;
#3938 = ORIENTED_EDGE ( 'NONE', *, *, #1389, .T. ) ;
#3939 = ORIENTED_EDGE ( 'NONE', *, *, #5766, .F. ) ;
#3940 = CYLINDRICAL_SURFACE ( 'NONE', #2868, 0.2000000000000000944 ) ;
#3941 = DIRECTION ( 'NONE',  ( 1.000000000000000000, 0.000000000000000000, -1.694065894508601171E-16 ) ) ;
#3942 = LINE ( 'NONE', #1211, #1874 ) ;
#3943 = DIRECTION ( 'NONE',  ( -1.000000000000000000, 0.000000000000000000, 2.478176394252583113E-16 ) ) ;
#3944 = VECTOR ( 'NONE', #4879, 1000.000000000000000 ) ;
#3945 = ORIENTED_EDGE ( 'NONE', *, *, #6454, .T. ) ;
#3946 = DIRECTION ( 'NONE',  ( -1.000000000000000000, 0.000000000000000000, 1.445602896647341480E-15 ) ) ;
#3947 = VERTEX_POINT ( 'NONE', #6519 ) ;
#3948 = DIRECTION ( 'NONE',  ( -0.000000000000000000, -1.000000000000000000, -0.000000000000000000 ) ) ;
#3949 = EDGE_CURVE ( 'NONE', #5634, #5286, #6056, .T. ) ;
#3950 = EDGE_LOOP ( 'NONE', ( #5140, #1657, #5942, #5260, #106, #5077, #6934, #6114 ) ) ;
#3951 = DIRECTION ( 'NONE',  ( 1.000000000000000000, 0.000000000000000000, 0.000000000000000000 ) ) ;
#3952 = CARTESIAN_POINT ( 'NONE',  ( -1.149999999999999467, 0.000000000000000000, 2.599999999999999645 ) ) ;
#3953 = ADVANCED_FACE ( 'NONE', ( #5447 ), #5601, .T. ) ;
#3954 = EDGE_CURVE ( 'NONE', #3947, #3955, #1751, .T. ) ;
#3955 = VERTEX_POINT ( 'NONE', #633 ) ;
#3956 = FACE_OUTER_BOUND ( 'NONE', #3037, .T. ) ;
#3957 = CARTESIAN_POINT ( 'NONE',  ( -2.869649486113213133, -1.076516779175668015, -0.3199999999999998956 ) ) ;
#3958 = ADVANCED_FACE ( 'NONE', ( #721 ), #559, .F. ) ;
#3959 = ORIENTED_EDGE ( 'NONE', *, *, #6941, .F. ) ;
#3960 = LINE ( 'NONE', #4170, #4463 ) ;
#3961 = CARTESIAN_POINT ( 'NONE',  ( -0.7228340595284055148, -3.067685611337861218, -0.2771659404715940411 ) ) ;
#3962 = ORIENTED_EDGE ( 'NONE', *, *, #6562, .F. ) ;
#3963 = EDGE_LOOP ( 'NONE', ( #155, #454, #6956, #2302 ) ) ;
#3964 = VECTOR ( 'NONE', #5617, 1000.000000000000000 ) ;
#3965 = CARTESIAN_POINT ( 'NONE',  ( -0.7470253067222620835, 9.534150516751433102, -0.2529746932777374724 ) ) ;
#3966 = DIRECTION ( 'NONE',  ( 0.9063077870366517130, 0.4226182617406959441, 0.000000000000000000 ) ) ;
#3967 = ORIENTED_EDGE ( 'NONE', *, *, #1036, .F. ) ;
#3968 = ORIENTED_EDGE ( 'NONE', *, *, #1389, .F. ) ;
#3969 = CARTESIAN_POINT ( 'NONE',  ( -2.749999999999999556, 4.000000000000000000, 2.499999999999999556 ) ) ;
#3970 = DIRECTION ( 'NONE',  ( 1.000000000000000000, 0.000000000000000000, 0.000000000000000000 ) ) ;
#3971 = DIRECTION ( 'NONE',  ( 8.545435842250280986E-17, -1.000000000000000000, 0.000000000000000000 ) ) ;
#3972 = EDGE_CURVE ( 'NONE', #6711, #1589, #5071, .T. ) ;
#3973 = ORIENTED_EDGE ( 'NONE', *, *, #3373, .F. ) ;
#3974 = ORIENTED_EDGE ( 'NONE', *, *, #2709, .T. ) ;
#3975 = DIRECTION ( 'NONE',  ( -0.000000000000000000, -1.000000000000000000, -0.000000000000000000 ) ) ;
#3976 = DIRECTION ( 'NONE',  ( -0.9961946980917455452, 0.08715574274765794383, 0.000000000000000000 ) ) ;
#3977 = PLANE ( 'NONE',  #739 ) ;
#3978 = CARTESIAN_POINT ( 'NONE',  ( -1.320000000000000062, 0.000000000000000000, 0.3200000000000005618 ) ) ;
#3979 = ORIENTED_EDGE ( 'NONE', *, *, #4130, .T. ) ;
#3980 = AXIS2_PLACEMENT_3D ( 'NONE', #3123, #3790, #6514 ) ;
#3981 = AXIS2_PLACEMENT_3D ( 'NONE', #668, #4836, #6475 ) ;
#3982 = DIRECTION ( 'NONE',  ( 1.000000000000000000, 0.000000000000000000, 0.000000000000000000 ) ) ;
#3983 = ORIENTED_EDGE ( 'NONE', *, *, #1529, .F. ) ;
#3984 = ORIENTED_EDGE ( 'NONE', *, *, #4359, .F. ) ;
#3985 = PLANE ( 'NONE',  #2031 ) ;
#3986 = ADVANCED_FACE ( 'NONE', ( #4918 ), #21, .F. ) ;
#3987 = EDGE_CURVE ( 'NONE', #5075, #2769, #4364, .T. ) ;
#3988 = STYLED_ITEM ( 'NONE', ( #3888 ), #6168 ) ;
#3989 = VECTOR ( 'NONE', #5002, 1000.000000000000000 ) ;
#3990 = EDGE_CURVE ( 'NONE', #1948, #1196, #3942, .T. ) ;
#3991 = ORIENTED_EDGE ( 'NONE', *, *, #4304, .F. ) ;
#3992 = CARTESIAN_POINT ( 'NONE',  ( 2.679999999999999716, -0.4500000000000000111, -0.3199999999999998956 ) ) ;
#3993 = CIRCLE ( 'NONE', #2960, 0.2999999999999999334 ) ;
#3994 = CARTESIAN_POINT ( 'NONE',  ( 2.749999999999999112, 16.60000000000000142, 2.200000000000000178 ) ) ;
#3995 = VECTOR ( 'NONE', #6991, 1000.000000000000000 ) ;
#3996 = ORIENTED_EDGE ( 'NONE', *, *, #1576, .F. ) ;
#3997 = CARTESIAN_POINT ( 'NONE',  ( -3.319999999999999396, 9.349999999999997868, 0.3200000000000005618 ) ) ;
#3998 = LINE ( 'NONE', #5053, #4555 ) ;
#3999 = EDGE_CURVE ( 'NONE', #4176, #975, #5559, .T. ) ;
#4000 = ADVANCED_FACE ( 'NONE', ( #1788 ), #3832, .F. ) ;
#4001 = AXIS2_PLACEMENT_3D ( 'NONE', #1800, #1870, #4095 ) ;
#4002 = VERTEX_POINT ( 'NONE', #6021 ) ;
#4003 = LINE ( 'NONE', #6791, #4215 ) ;
#4004 = ORIENTED_EDGE ( 'NONE', *, *, #2376, .F. ) ;
#4005 = DIRECTION ( 'NONE',  ( 1.000000000000000000, -1.281815376337542148E-16, 0.000000000000000000 ) ) ;
#4006 = VERTEX_POINT ( 'NONE', #3312 ) ;
#4007 = ORIENTED_EDGE ( 'NONE', *, *, #3031, .F. ) ;
#4008 = DIRECTION ( 'NONE',  ( -1.000000000000000000, 0.000000000000000000, 0.000000000000000000 ) ) ;
#4009 = CARTESIAN_POINT ( 'NONE',  ( 2.399999999999999023, 10.05000000000000071, -5.500000000000001776 ) ) ;
#4010 = VECTOR ( 'NONE', #566, 1000.000000000000000 ) ;
#4011 = CARTESIAN_POINT ( 'NONE',  ( -3.499999999999998224, 4.500000000000000888, -0.3199999999999982303 ) ) ;
#4012 = EDGE_CURVE ( 'NONE', #1741, #2199, #5486, .T. ) ;
#4013 = ORIENTED_EDGE ( 'NONE', *, *, #213, .F. ) ;
#4014 = VERTEX_POINT ( 'NONE', #1925 ) ;
#4015 = VECTOR ( 'NONE', #3941, 1000.000000000000000 ) ;
#4016 = DIRECTION ( 'NONE',  ( 0.000000000000000000, 1.000000000000000000, 0.000000000000000000 ) ) ;
#4017 = ADVANCED_FACE ( 'NONE', ( #4053 ), #242, .T. ) ;
#4018 = CARTESIAN_POINT ( 'NONE',  ( 1.320000000000000062, 16.60000000000000142, 0.3200000000000004508 ) ) ;
#4019 = EDGE_CURVE ( 'NONE', #1030, #4459, #6201, .T. ) ;
#4020 = FACE_OUTER_BOUND ( 'NONE', #4715, .T. ) ;
#4021 = PLANE ( 'NONE',  #6705 ) ;
#4022 = CIRCLE ( 'NONE', #333, 0.9399999999999991696 ) ;
#4023 = EDGE_LOOP ( 'NONE', ( #4068, #3939, #6864, #5089, #6278, #4345, #6047, #2623, #2951, #5500, #369, #6548 ) ) ;
#4024 = CARTESIAN_POINT ( 'NONE',  ( 4.899999999999999467, 14.09999999999999964, -1.650000000000007461 ) ) ;
#4025 = EDGE_CURVE ( 'NONE', #5082, #2987, #6229, .T. ) ;
#4026 = AXIS2_PLACEMENT_3D ( 'NONE', #3427, #6629, #747 ) ;
#4027 = ORIENTED_EDGE ( 'NONE', *, *, #1318, .F. ) ;
#4028 = DIRECTION ( 'NONE',  ( 0.000000000000000000, 1.000000000000000000, 0.000000000000000000 ) ) ;
#4029 = ORIENTED_EDGE ( 'NONE', *, *, #6204, .T. ) ;
#4030 = LINE ( 'NONE', #1467, #4322 ) ;
#4031 = DIRECTION ( 'NONE',  ( -1.000000000000000000, -0.000000000000000000, 5.782411586589356653E-16 ) ) ;
#4032 = ORIENTED_EDGE ( 'NONE', *, *, #1968, .F. ) ;
#4033 = LINE ( 'NONE', #5642, #2278 ) ;
#4034 = CARTESIAN_POINT ( 'NONE',  ( 1.150000000000000799, 0.000000000000000000, 2.899999999999999467 ) ) ;
#4035 = AXIS2_PLACEMENT_3D ( 'NONE', #4193, #6755, #285 ) ;
#4036 = VERTEX_POINT ( 'NONE', #2998 ) ;
#4037 = CARTESIAN_POINT ( 'NONE',  ( 2.350000000000000977, 16.60000000000000142, 1.499999999999998668 ) ) ;
#4038 = EDGE_CURVE ( 'NONE', #4892, #4552, #3028, .T. ) ;
#4039 = DIRECTION ( 'NONE',  ( 1.000000000000000000, -0.000000000000000000, 0.000000000000000000 ) ) ;
#4040 = ORIENTED_EDGE ( 'NONE', *, *, #2734, .F. ) ;
#4041 = CARTESIAN_POINT ( 'NONE',  ( -3.499999999999998224, 4.500000000000000888, 0.5999999999999996447 ) ) ;
#4042 = DIRECTION ( 'NONE',  ( -1.000000000000000000, 0.000000000000000000, 0.000000000000000000 ) ) ;
#4043 = EDGE_LOOP ( 'NONE', ( #6043, #5167, #1459, #283 ) ) ;
#4044 = VERTEX_POINT ( 'NONE', #2055 ) ;
#4045 = DIRECTION ( 'NONE',  ( 0.000000000000000000, 0.000000000000000000, -1.000000000000000000 ) ) ;
#4046 = AXIS2_PLACEMENT_3D ( 'NONE', #5388, #2089, #4273 ) ;
#4047 = EDGE_CURVE ( 'NONE', #1130, #4177, #4638, .T. ) ;
#4048 = DIRECTION ( 'NONE',  ( 1.000000000000000000, -0.000000000000000000, -1.885568995626964287E-16 ) ) ;
#4049 = DIRECTION ( 'NONE',  ( 0.08715574274765859608, 0.9961946980917454342, 0.000000000000000000 ) ) ;
#4050 = ORIENTED_EDGE ( 'NONE', *, *, #7026, .F. ) ;
#4051 = FACE_OUTER_BOUND ( 'NONE', #5067, .T. ) ;
#4052 = CARTESIAN_POINT ( 'NONE',  ( 1.649999999999999467, 7.900000000000000355, 1.499999999999999112 ) ) ;
#4053 = FACE_OUTER_BOUND ( 'NONE', #6371, .T. ) ;
#4054 = EDGE_CURVE ( 'NONE', #6404, #6707, #5854, .T. ) ;
#4055 = LINE ( 'NONE', #820, #3615 ) ;
#4056 = DIRECTION ( 'NONE',  ( -0.4539904997395411979, -0.000000000000000000, 0.8910065241883707854 ) ) ;
#4057 = CARTESIAN_POINT ( 'NONE',  ( 3.199999999999998845, 9.799999999999998934, -4.400000000000001243 ) ) ;
#4058 = VERTEX_POINT ( 'NONE', #206 ) ;
#4059 = FACE_OUTER_BOUND ( 'NONE', #497, .T. ) ;
#4060 = ORIENTED_EDGE ( 'NONE', *, *, #422, .F. ) ;
#4061 = CARTESIAN_POINT ( 'NONE',  ( -1.192610418006827322, -3.299999999999999822, 0.000000000000000000 ) ) ;
#4062 = ORIENTED_EDGE ( 'NONE', *, *, #464, .T. ) ;
#4063 = DIRECTION ( 'NONE',  ( -0.000000000000000000, -1.000000000000000000, -0.000000000000000000 ) ) ;
#4064 = CARTESIAN_POINT ( 'NONE',  ( -2.749999999999999112, 4.000000000000000000, 2.200000000000000178 ) ) ;
#4065 = ORIENTED_EDGE ( 'NONE', *, *, #6621, .T. ) ;
#4066 = LINE ( 'NONE', #3997, #2358 ) ;
#4067 = LINE ( 'NONE', #6146, #4668 ) ;
#4068 = ORIENTED_EDGE ( 'NONE', *, *, #2971, .T. ) ;
#4069 = CARTESIAN_POINT ( 'NONE',  ( 1.249999999999999778, 16.60000000000000142, 2.499999999999999556 ) ) ;
#4070 = CARTESIAN_POINT ( 'NONE',  ( 2.749999999999999556, 4.000000000000000000, 2.499999999999999556 ) ) ;
#4071 = ORIENTED_EDGE ( 'NONE', *, *, #101, .T. ) ;
#4072 = ORIENTED_EDGE ( 'NONE', *, *, #3949, .F. ) ;
#4073 = LINE ( 'NONE', #6222, #3308 ) ;
#4074 = DIRECTION ( 'NONE',  ( -0.000000000000000000, -0.000000000000000000, 1.000000000000000000 ) ) ;
#4075 = ADVANCED_FACE ( 'NONE', ( #5102 ), #2929, .F. ) ;
#4076 = DIRECTION ( 'NONE',  ( 0.000000000000000000, 1.000000000000000000, 0.000000000000000000 ) ) ;
#4077 = AXIS2_PLACEMENT_3D ( 'NONE', #69, #4558, #2272 ) ;
#4078 = ORIENTED_EDGE ( 'NONE', *, *, #4895, .F. ) ;
#4079 = EDGE_CURVE ( 'NONE', #5396, #643, #3532, .T. ) ;
#4080 = ADVANCED_FACE ( 'NONE', ( #2967 ), #4244, .T. ) ;
#4081 = CARTESIAN_POINT ( 'NONE',  ( -3.499999999999998668, 16.60000000000000142, -2.400000000000001243 ) ) ;
#4082 = CARTESIAN_POINT ( 'NONE',  ( 5.500000000000001776, 14.09999999999999964, -0.1500000000000074885 ) ) ;
#4083 = CARTESIAN_POINT ( 'NONE',  ( 2.815755189180201068, -0.8771863862500131059, 0.3200000000000005618 ) ) ;
#4084 = CARTESIAN_POINT ( 'NONE',  ( -2.749999999999996891, 16.60000000000000142, 0.6000000000000007550 ) ) ;
#4085 = CARTESIAN_POINT ( 'NONE',  ( 3.499999999999997780, 4.500000000000000888, -2.400000000000002132 ) ) ;
#4086 = ADVANCED_FACE ( 'NONE', ( #1291 ), #4119, .T. ) ;
#4087 = ORIENTED_EDGE ( 'NONE', *, *, #3217, .T. ) ;
#4088 = FACE_OUTER_BOUND ( 'NONE', #3708, .T. ) ;
#4089 = VERTEX_POINT ( 'NONE', #4083 ) ;
#4090 = DIRECTION ( 'NONE',  ( 0.9396926207859093161, -0.3420201433256664925, 0.000000000000000000 ) ) ;
#4091 = ORIENTED_EDGE ( 'NONE', *, *, #2500, .F. ) ;
#4092 = DIRECTION ( 'NONE',  ( 0.000000000000000000, 0.000000000000000000, 1.000000000000000000 ) ) ;
#4093 = AXIS2_PLACEMENT_3D ( 'NONE', #5376, #4841, #6948 ) ;
#4094 = EDGE_LOOP ( 'NONE', ( #1129, #5273, #6303, #3799 ) ) ;
#4095 = DIRECTION ( 'NONE',  ( 0.000000000000000000, 0.000000000000000000, 1.000000000000000000 ) ) ;
#4096 = DIRECTION ( 'NONE',  ( -0.000000000000000000, 0.000000000000000000, 1.000000000000000000 ) ) ;
#4097 = VERTEX_POINT ( 'NONE', #4577 ) ;
#4098 = EDGE_CURVE ( 'NONE', #657, #5482, #6270, .T. ) ;
#4099 = PLANE ( 'NONE',  #7040 ) ;
#4100 = AXIS2_PLACEMENT_3D ( 'NONE', #2892, #14, #6086 ) ;
#4101 = STYLED_ITEM ( 'NONE', ( #5757 ), #4156 ) ;
#4102 = LINE ( 'NONE', #6254, #3057 ) ;
#4103 = ORIENTED_EDGE ( 'NONE', *, *, #5119, .F. ) ;
#4104 = VECTOR ( 'NONE', #4189, 1000.000000000000000 ) ;
#4105 = LINE ( 'NONE', #6257, #211 ) ;
#4106 = CARTESIAN_POINT ( 'NONE',  ( 1.649999999999999467, 7.900000000000000355, 1.499999999999999112 ) ) ;
#4107 = ORIENTED_EDGE ( 'NONE', *, *, #1205, .T. ) ;
#4108 = ORIENTED_EDGE ( 'NONE', *, *, #6890, .F. ) ;
#4109 = LINE ( 'NONE', #6930, #658 ) ;
#4110 = CARTESIAN_POINT ( 'NONE',  ( 3.419999999999998597, -0.4500000000000000111, 0.3200000000000005618 ) ) ;
#4111 = VECTOR ( 'NONE', #3614, 1000.000000000000000 ) ;
#4112 = FACE_OUTER_BOUND ( 'NONE', #970, .T. ) ;
#4113 = VECTOR ( 'NONE', #4063, 1000.000000000000000 ) ;
#4114 = ORIENTED_EDGE ( 'NONE', *, *, #3034, .F. ) ;
#4115 = EDGE_CURVE ( 'NONE', #2289, #246, #3567, .T. ) ;
#4116 = DIRECTION ( 'NONE',  ( 1.000000000000000000, 0.000000000000000000, -1.694065894508601171E-16 ) ) ;
#4117 = CARTESIAN_POINT ( 'NONE',  ( -2.749999999999999112, 16.60000000000000142, 2.199999999999999734 ) ) ;
#4118 = VECTOR ( 'NONE', #284, 1000.000000000000000 ) ;
#4119 = PLANE ( 'NONE',  #5647 ) ;
#4120 = CARTESIAN_POINT ( 'NONE',  ( -3.499999999999998224, 16.60000000000000142, -3.800000000000002043 ) ) ;
#4121 = EDGE_CURVE ( 'NONE', #3172, #2331, #4538, .T. ) ;
#4122 = LINE ( 'NONE', #2873, #7046 ) ;
#4123 = AXIS2_PLACEMENT_3D ( 'NONE', #5337, #984, #6982 ) ;
#4124 = PLANE ( 'NONE',  #1354 ) ;
#4125 = PLANE ( 'NONE',  #3299 ) ;
#4126 = ORIENTED_EDGE ( 'NONE', *, *, #4469, .T. ) ;
#4127 = LINE ( 'NONE', #4646, #6655 ) ;
#4128 = LINE ( 'NONE', #4161, #1245 ) ;
#4129 = VECTOR ( 'NONE', #5591, 1000.000000000000000 ) ;
#4130 = EDGE_CURVE ( 'NONE', #3104, #1470, #4521, .T. ) ;
#4131 = VECTOR ( 'NONE', #4470, 1000.000000000000000 ) ;
#4132 = ORIENTED_EDGE ( 'NONE', *, *, #171, .F. ) ;
#4133 = CYLINDRICAL_SURFACE ( 'NONE', #5229, 0.7399999999999984368 ) ;
#4134 = DIRECTION ( 'NONE',  ( 1.000000000000000000, 0.000000000000000000, -1.694065894508600925E-16 ) ) ;
#4135 = VERTEX_POINT ( 'NONE', #3464 ) ;
#4136 = PLANE ( 'NONE',  #3475 ) ;
#4137 = EDGE_CURVE ( 'NONE', #870, #1383, #851, .T. ) ;
#4138 = CARTESIAN_POINT ( 'NONE',  ( 1.252974693277737916, 9.534150516751433102, -0.2529746932777374724 ) ) ;
#4139 = VECTOR ( 'NONE', #5898, 1000.000000000000000 ) ;
#4140 = EDGE_CURVE ( 'NONE', #6778, #4190, #5199, .T. ) ;
#4141 = ORIENTED_EDGE ( 'NONE', *, *, #3713, .F. ) ;
#4142 = AXIS2_PLACEMENT_3D ( 'NONE', #3610, #6286, #6345 ) ;
#4143 = PLANE ( 'NONE',  #6933 ) ;
#4144 = DIRECTION ( 'NONE',  ( 0.000000000000000000, 1.000000000000000000, 0.000000000000000000 ) ) ;
#4145 = ORIENTED_EDGE ( 'NONE', *, *, #5769, .T. ) ;
#4146 = ORIENTED_EDGE ( 'NONE', *, *, #392, .T. ) ;
#4147 = DIRECTION ( 'NONE',  ( 0.000000000000000000, -1.000000000000000000, 0.000000000000000000 ) ) ;
#4148 = PLANE ( 'NONE',  #6120 ) ;
#4149 = ADVANCED_FACE ( 'NONE', ( #4020 ), #1042, .F. ) ;
#4150 = EDGE_LOOP ( 'NONE', ( #265, #6099, #1509, #651 ) ) ;
#4151 = FACE_OUTER_BOUND ( 'NONE', #4788, .T. ) ;
#4152 = VECTOR ( 'NONE', #427, 1000.000000000000000 ) ;
#4153 = DIRECTION ( 'NONE',  ( -0.000000000000000000, -1.000000000000000000, -0.000000000000000000 ) ) ;
#4154 = CARTESIAN_POINT ( 'NONE',  ( -3.499999999999998224, 16.60000000000000142, 2.000000000000000444 ) ) ;
#4155 = PLANE ( 'NONE',  #6713 ) ;
#4156 = ADVANCED_BREP_SHAPE_REPRESENTATION ( 'B04B-JWPF-SK-R(LF)(SN)', ( #6033, #3623, #5982, #1286, #6129, #6168, #5107 ), #5561 ) ;
#4157 = ORIENTED_EDGE ( 'NONE', *, *, #307, .F. ) ;
#4158 = ORIENTED_EDGE ( 'NONE', *, *, #3703, .F. ) ;
#4159 = CARTESIAN_POINT ( 'NONE',  ( -1.320000000000000062, 0.000000000000000000, -0.3199999999999993960 ) ) ;
#4160 = DIRECTION ( 'NONE',  ( 0.000000000000000000, 1.000000000000000000, 0.000000000000000000 ) ) ;
#4161 = CARTESIAN_POINT ( 'NONE',  ( -3.499999999999998668, 16.60000000000000142, -4.400000000000001243 ) ) ;
#4162 = ADVANCED_FACE ( 'NONE', ( #4903, #1010 ), #4412, .F. ) ;
#4163 = VERTEX_POINT ( 'NONE', #1157 ) ;
#4164 = ADVANCED_FACE ( 'NONE', ( #2234 ), #3333, .F. ) ;
#4165 = EDGE_CURVE ( 'NONE', #3241, #1309, #2618, .T. ) ;
#4166 = DIRECTION ( 'NONE',  ( 1.000000000000000000, 0.000000000000000000, 0.000000000000000000 ) ) ;
#4167 = ORIENTED_EDGE ( 'NONE', *, *, #1223, .T. ) ;
#4168 = CARTESIAN_POINT ( 'NONE',  ( -5.500000000000000000, 16.60000000000000142, -2.400000000000001243 ) ) ;
#4169 = ORIENTED_EDGE ( 'NONE', *, *, #5889, .F. ) ;
#4170 = CARTESIAN_POINT ( 'NONE',  ( -2.749999999999996891, 16.60000000000000142, 0.6000000000000007550 ) ) ;
#4171 = DIRECTION ( 'NONE',  ( 1.000000000000000000, 0.000000000000000000, 0.000000000000000000 ) ) ;
#4172 = ORIENTED_EDGE ( 'NONE', *, *, #5552, .T. ) ;
#4173 = EDGE_CURVE ( 'NONE', #5490, #5031, #4309, .T. ) ;
#4174 = CARTESIAN_POINT ( 'NONE',  ( 1.249999999999999778, 16.60000000000000142, 2.499999999999999556 ) ) ;
#4175 = CARTESIAN_POINT ( 'NONE',  ( 3.499999999999998668, 4.000000000000000000, 2.000000000000000000 ) ) ;
#4176 = VERTEX_POINT ( 'NONE', #4861 ) ;
#4177 = VERTEX_POINT ( 'NONE', #502 ) ;
#4178 = FACE_OUTER_BOUND ( 'NONE', #1391, .T. ) ;
#4179 = FACE_OUTER_BOUND ( 'NONE', #1115, .T. ) ;
#4180 = ORIENTED_EDGE ( 'NONE', *, *, #6612, .F. ) ;
#4181 = DIRECTION ( 'NONE',  ( -1.000000000000000000, 0.000000000000000000, 1.694065894508601171E-16 ) ) ;
#4182 = PLANE ( 'NONE',  #6481 ) ;
#4183 = CARTESIAN_POINT ( 'NONE',  ( -2.870791076685689003, -1.050370056351370263, -0.3199999999999998956 ) ) ;
#4184 = DIRECTION ( 'NONE',  ( 0.000000000000000000, -0.000000000000000000, 1.000000000000000000 ) ) ;
#4185 = ORIENTED_EDGE ( 'NONE', *, *, #6888, .T. ) ;
#4186 = LINE ( 'NONE', #4741, #671 ) ;
#4187 = DIRECTION ( 'NONE',  ( 0.000000000000000000, 0.000000000000000000, -1.000000000000000000 ) ) ;
#4188 = DIRECTION ( 'NONE',  ( -1.000000000000000000, 0.000000000000000000, -7.885106708985496922E-16 ) ) ;
#4189 = DIRECTION ( 'NONE',  ( 5.782411586589354681E-16, 0.000000000000000000, -1.000000000000000000 ) ) ;
#4190 = VERTEX_POINT ( 'NONE', #4939 ) ;
#4191 = DIRECTION ( 'NONE',  ( -0.000000000000000000, -1.000000000000000000, -0.000000000000000000 ) ) ;
#4192 = CARTESIAN_POINT ( 'NONE',  ( 2.949999999999999289, 16.60000000000000142, 2.200000000000000178 ) ) ;
#4193 = CARTESIAN_POINT ( 'NONE',  ( 2.570791076685688292, -1.050370056351370263, 0.3200000000000005618 ) ) ;
#4194 = DIRECTION ( 'NONE',  ( -0.4539904997395411979, 0.000000000000000000, -0.8910065241883707854 ) ) ;
#4195 = ADVANCED_FACE ( 'NONE', ( #3189 ), #2692, .F. ) ;
#4196 = LINE ( 'NONE', #259, #86 ) ;
#4197 = CARTESIAN_POINT ( 'NONE',  ( -1.320000000000000062, -2.949999999999990852, -0.3199999999999995071 ) ) ;
#4198 = VECTOR ( 'NONE', #4285, 1000.000000000000000 ) ;
#4199 = EDGE_CURVE ( 'NONE', #6378, #4058, #2200, .T. ) ;
#4200 = ORIENTED_EDGE ( 'NONE', *, *, #6234, .T. ) ;
#4201 = CARTESIAN_POINT ( 'NONE',  ( -3.319999999999999396, 9.700000000000001066, -0.3199999999999998956 ) ) ;
#4202 = CIRCLE ( 'NONE', #1804, 0.2500000000000000000 ) ;
#4203 = DIRECTION ( 'NONE',  ( 0.000000000000000000, -0.3420201433256664925, -0.9396926207859093161 ) ) ;
#4204 = ORIENTED_EDGE ( 'NONE', *, *, #6359, .F. ) ;
#4205 = ORIENTED_EDGE ( 'NONE', *, *, #2580, .F. ) ;
#4206 = EDGE_CURVE ( 'NONE', #1383, #67, #4276, .T. ) ;
#4207 = DIRECTION ( 'NONE',  ( -0.000000000000000000, 1.000000000000000000, -0.000000000000000000 ) ) ;
#4208 = EDGE_CURVE ( 'NONE', #410, #6211, #1555, .T. ) ;
#4209 = AXIS2_PLACEMENT_3D ( 'NONE', #2336, #3438, #6676 ) ;
#4210 = EDGE_LOOP ( 'NONE', ( #6997, #131, #940, #1738 ) ) ;
#4211 = CARTESIAN_POINT ( 'NONE',  ( 3.319999999999999396, 9.700000000000001066, 0.3200000000000005618 ) ) ;
#4212 = LINE ( 'NONE', #365, #2857 ) ;
#4213 = VECTOR ( 'NONE', #5421, 1000.000000000000000 ) ;
#4214 = FACE_OUTER_BOUND ( 'NONE', #919, .T. ) ;
#4215 = VECTOR ( 'NONE', #6652, 1000.000000000000000 ) ;
#4216 = CARTESIAN_POINT ( 'NONE',  ( 2.680000000000000160, 4.500000000000003553, 0.3200000000000005618 ) ) ;
#4217 = EDGE_CURVE ( 'NONE', #249, #74, #2092, .T. ) ;
#4218 = ORIENTED_EDGE ( 'NONE', *, *, #830, .T. ) ;
#4219 = EDGE_CURVE ( 'NONE', #5075, #1169, #1696, .T. ) ;
#4220 = EDGE_CURVE ( 'NONE', #293, #3215, #3887, .T. ) ;
#4221 = VECTOR ( 'NONE', #3921, 1000.000000000000000 ) ;
#4222 = DIRECTION ( 'NONE',  ( -1.000000000000000000, 0.000000000000000000, 2.478176394252583113E-16 ) ) ;
#4223 = CARTESIAN_POINT ( 'NONE',  ( 5.499999999999999112, 0.000000000000000000, -2.400000000000002576 ) ) ;
#4224 = ADVANCED_FACE ( 'NONE', ( #6040 ), #1431, .T. ) ;
#4225 = DIRECTION ( 'NONE',  ( 0.000000000000000000, 0.000000000000000000, 1.000000000000000000 ) ) ;
#4226 = FACE_OUTER_BOUND ( 'NONE', #4955, .T. ) ;
#4227 = VECTOR ( 'NONE', #1966, 1000.000000000000000 ) ;
#4228 = ORIENTED_EDGE ( 'NONE', *, *, #3828, .F. ) ;
#4229 = CARTESIAN_POINT ( 'NONE',  ( -3.319999999999999840, 16.60000000000000142, 0.3200000000000005618 ) ) ;
#4230 = LINE ( 'NONE', #2079, #4327 ) ;
#4231 = CIRCLE ( 'NONE', #3544, 0.3000000000000007661 ) ;
#4232 = ORIENTED_EDGE ( 'NONE', *, *, #3668, .T. ) ;
#4233 = LINE ( 'NONE', #6525, #2530 ) ;
#4234 = DIRECTION ( 'NONE',  ( -0.000000000000000000, -1.000000000000000000, -0.000000000000000000 ) ) ;
#4235 = CARTESIAN_POINT ( 'NONE',  ( -2.949999999999999289, 16.60000000000000142, 2.200000000000000178 ) ) ;
#4236 = DIRECTION ( 'NONE',  ( -0.000000000000000000, 0.000000000000000000, -1.000000000000000000 ) ) ;
#4237 = VECTOR ( 'NONE', #3655, 1000.000000000000000 ) ;
#4238 = ORIENTED_EDGE ( 'NONE', *, *, #4413, .T. ) ;
#4239 = DIRECTION ( 'NONE',  ( 0.000000000000000000, 0.000000000000000000, 1.000000000000000000 ) ) ;
#4240 = DIRECTION ( 'NONE',  ( -0.000000000000000000, -0.000000000000000000, -1.000000000000000000 ) ) ;
#4241 = ORIENTED_EDGE ( 'NONE', *, *, #974, .F. ) ;
#4242 = ORIENTED_EDGE ( 'NONE', *, *, #4199, .F. ) ;
#4243 = VECTOR ( 'NONE', #6364, 1000.000000000000000 ) ;
#4244 = CYLINDRICAL_SURFACE ( 'NONE', #5532, 0.2000000000000000944 ) ;
#4245 = DIRECTION ( 'NONE',  ( -0.9659258262890693114, 0.2588190451025171868, 0.000000000000000000 ) ) ;
#4246 = AXIS2_PLACEMENT_3D ( 'NONE', #6854, #4096, #861 ) ;
#4247 = ORIENTED_EDGE ( 'NONE', *, *, #2104, .T. ) ;
#4248 = DIRECTION ( 'NONE',  ( 0.000000000000000000, 0.000000000000000000, 1.000000000000000000 ) ) ;
#4249 = ADVANCED_FACE ( 'NONE', ( #5963 ), #1077, .T. ) ;
#4250 = ORIENTED_EDGE ( 'NONE', *, *, #4921, .T. ) ;
#4251 = DIRECTION ( 'NONE',  ( 1.000000000000000000, 0.000000000000000000, 0.000000000000000000 ) ) ;
#4252 = CIRCLE ( 'NONE', #718, 0.2999999999999999334 ) ;
#4253 = CARTESIAN_POINT ( 'NONE',  ( -3.510791076685687351, -1.050370056351370263, 0.3200000000000005618 ) ) ;
#4254 = CARTESIAN_POINT ( 'NONE',  ( 2.680000000000000160, 16.60000000000000142, 0.3200000000000005618 ) ) ;
#4255 = VERTEX_POINT ( 'NONE', #6535 ) ;
#4256 = DIRECTION ( 'NONE',  ( 0.08715574274765920670, 0.9961946980917454342, 0.000000000000000000 ) ) ;
#4257 = EDGE_CURVE ( 'NONE', #2256, #6830, #1659, .T. ) ;
#4258 = DIRECTION ( 'NONE',  ( 0.000000000000000000, 0.000000000000000000, 1.000000000000000000 ) ) ;
#4259 = DIRECTION ( 'NONE',  ( 0.000000000000000000, 0.000000000000000000, -1.000000000000000000 ) ) ;
#4260 = CARTESIAN_POINT ( 'NONE',  ( 1.047142365151673360, 4.000000000000000000, -3.800000000000001599 ) ) ;
#4261 = EDGE_LOOP ( 'NONE', ( #3119, #2786, #4723, #5873 ) ) ;
#4262 = CARTESIAN_POINT ( 'NONE',  ( 0.7470253067222620835, 9.534150516751433102, 0.2529746932777384716 ) ) ;
#4263 = DIRECTION ( 'NONE',  ( -0.000000000000000000, -1.000000000000000000, -0.000000000000000000 ) ) ;
#4264 = CARTESIAN_POINT ( 'NONE',  ( -3.124324764463316306, -3.431153167551015404, -0.1389262453569313771 ) ) ;
#4265 = CARTESIAN_POINT ( 'NONE',  ( -3.499999999999998668, 16.60000000000000142, 2.000000000000000000 ) ) ;
#4266 = ORIENTED_EDGE ( 'NONE', *, *, #7029, .F. ) ;
#4267 = CARTESIAN_POINT ( 'NONE',  ( 4.899999999999999467, 16.60000000000000142, -2.400000000000002132 ) ) ;
#4268 = CYLINDRICAL_SURFACE ( 'NONE', #89, 1.400000000000000133 ) ;
#4269 = EDGE_CURVE ( 'NONE', #4314, #4587, #581, .T. ) ;
#4270 = VECTOR ( 'NONE', #93, 1000.000000000000000 ) ;
#4271 = ORIENTED_EDGE ( 'NONE', *, *, #1964, .F. ) ;
#4272 = CARTESIAN_POINT ( 'NONE',  ( -2.749999999999999556, 16.60000000000000142, 2.499999999999999556 ) ) ;
#4273 = DIRECTION ( 'NONE',  ( 0.000000000000000000, 0.000000000000000000, 1.000000000000000000 ) ) ;
#4274 = ORIENTED_EDGE ( 'NONE', *, *, #1844, .F. ) ;
#4275 = ORIENTED_EDGE ( 'NONE', *, *, #1055, .T. ) ;
#4276 = LINE ( 'NONE', #3739, #2467 ) ;
#4277 = VECTOR ( 'NONE', #857, 1000.000000000000000 ) ;
#4278 =( NAMED_UNIT ( * ) PLANE_ANGLE_UNIT ( ) SI_UNIT ( $, .RADIAN. ) );
#4279 = CARTESIAN_POINT ( 'NONE',  ( -2.570791076685688292, -1.050370056351370263, 0.3200000000000005618 ) ) ;
#4280 = ORIENTED_EDGE ( 'NONE', *, *, #1576, .T. ) ;
#4281 = CARTESIAN_POINT ( 'NONE',  ( 2.749999999999999112, 16.60000000000000142, 2.200000000000000178 ) ) ;
#4282 = VERTEX_POINT ( 'NONE', #1734 ) ;
#4283 = DIRECTION ( 'NONE',  ( -0.000000000000000000, -1.000000000000000000, -0.000000000000000000 ) ) ;
#4284 = EDGE_CURVE ( 'NONE', #3043, #2220, #5194, .T. ) ;
#4285 = DIRECTION ( 'NONE',  ( -0.000000000000000000, -1.000000000000000000, -0.000000000000000000 ) ) ;
#4286 = CARTESIAN_POINT ( 'NONE',  ( -2.949999999999999289, 16.60000000000000142, 2.200000000000000178 ) ) ;
#4287 = EDGE_CURVE ( 'NONE', #5423, #4294, #5538, .T. ) ;
#4288 = EDGE_LOOP ( 'NONE', ( #4103, #2098, #3145, #5054 ) ) ;
#4289 = CARTESIAN_POINT ( 'NONE',  ( 5.500000000000000888, 14.09999999999999964, -1.650000000000007461 ) ) ;
#4290 = CARTESIAN_POINT ( 'NONE',  ( 1.320000000000000062, 4.000000000000000000, 0.3200000000000004508 ) ) ;
#4291 = ADVANCED_FACE ( 'NONE', ( #2881 ), #6682, .F. ) ;
#4292 = DIRECTION ( 'NONE',  ( 1.000000000000000000, 0.000000000000000000, 0.000000000000000000 ) ) ;
#4293 = EDGE_CURVE ( 'NONE', #444, #1944, #6757, .T. ) ;
#4294 = VERTEX_POINT ( 'NONE', #4037 ) ;
#4295 = FACE_OUTER_BOUND ( 'NONE', #6953, .T. ) ;
#4296 = DIRECTION ( 'NONE',  ( -1.000000000000000000, -0.000000000000000000, 5.782411586589356653E-16 ) ) ;
#4297 = CARTESIAN_POINT ( 'NONE',  ( -3.319999999999999396, 9.700000000000001066, 0.3200000000000005618 ) ) ;
#4298 = CARTESIAN_POINT ( 'NONE',  ( 2.399999999999999467, 9.799999999999998934, -5.500000000000001776 ) ) ;
#4299 = CARTESIAN_POINT ( 'NONE',  ( -2.680000000000000160, 4.000000000000003553, -0.3199999999999995071 ) ) ;
#4300 = CYLINDRICAL_SURFACE ( 'NONE', #3285, 1.400000000000000133 ) ;
#4301 = EDGE_CURVE ( 'NONE', #5653, #662, #2417, .T. ) ;
#4302 = VERTEX_POINT ( 'NONE', #5086 ) ;
#4303 = CARTESIAN_POINT ( 'NONE',  ( 1.250000000000000222, 16.60000000000000142, 2.200000000000000178 ) ) ;
#4304 = EDGE_CURVE ( 'NONE', #5580, #1274, #3480, .T. ) ;
#4305 = CARTESIAN_POINT ( 'NONE',  ( 3.499999999999999112, 16.60000000000000142, -3.800000000000001155 ) ) ;
#4306 = ORIENTED_EDGE ( 'NONE', *, *, #1004, .F. ) ;
#4307 = EDGE_LOOP ( 'NONE', ( #1635, #524, #2087, #1227 ) ) ;
#4308 = EDGE_CURVE ( 'NONE', #5267, #1207, #3721, .T. ) ;
#4309 = LINE ( 'NONE', #4794, #5979 ) ;
#4310 = LINE ( 'NONE', #5360, #3748 ) ;
#4311 = DIRECTION ( 'NONE',  ( -0.000000000000000000, -1.000000000000000000, -0.000000000000000000 ) ) ;
#4312 = ORIENTED_EDGE ( 'NONE', *, *, #4308, .F. ) ;
#4313 = CARTESIAN_POINT ( 'NONE',  ( -2.849999999999999645, 16.60000000000000142, 2.899999999999999911 ) ) ;
#4314 = VERTEX_POINT ( 'NONE', #6215 ) ;
#4315 = CARTESIAN_POINT ( 'NONE',  ( 2.600000000000000533, 11.00000000000000000, -3.800000000000001599 ) ) ;
#4316 = CARTESIAN_POINT ( 'NONE',  ( -1.320000000000000062, 0.000000000000000000, -0.3199999999999993960 ) ) ;
#4317 = AXIS2_PLACEMENT_3D ( 'NONE', #5432, #5967, #8 ) ;
#4319 = VECTOR ( 'NONE', #980, 1000.000000000000000 ) ;
#4318 = PLANE ( 'NONE',  #3400 ) ;
#4320 = ORIENTED_EDGE ( 'NONE', *, *, #6694, .F. ) ;
#4321 = VECTOR ( 'NONE', #6649, 1000.000000000000000 ) ;
#4322 = VECTOR ( 'NONE', #3646, 1000.000000000000114 ) ;
#4323 = VECTOR ( 'NONE', #3017, 1000.000000000000000 ) ;
#4324 = FACE_OUTER_BOUND ( 'NONE', #2761, .T. ) ;
#4325 = LINE ( 'NONE', #2108, #4985 ) ;
#4326 = AXIS2_PLACEMENT_3D ( 'NONE', #3096, #3060, #4806 ) ;
#4327 = VECTOR ( 'NONE', #4747, 1000.000000000000000 ) ;
#4328 = ORIENTED_EDGE ( 'NONE', *, *, #3828, .T. ) ;
#4329 = EDGE_LOOP ( 'NONE', ( #2090, #4238, #1506, #1415 ) ) ;
#4330 = DIRECTION ( 'NONE',  ( 1.000000000000000000, 0.000000000000000000, 0.000000000000000000 ) ) ;
#4331 = CARTESIAN_POINT ( 'NONE',  ( 2.600000000000000533, 16.60000000000000142, -4.800000000000002487 ) ) ;
#4332 = ORIENTED_EDGE ( 'NONE', *, *, #4732, .F. ) ;
#4333 = LINE ( 'NONE', #2718, #1154 ) ;
#4334 = LINE ( 'NONE', #3247, #445 ) ;
#4335 = EDGE_CURVE ( 'NONE', #6284, #6378, #4066, .T. ) ;
#4336 = CARTESIAN_POINT ( 'NONE',  ( -1.047142365151673360, 4.000000000000000000, -3.800000000000001599 ) ) ;
#4337 = AXIS2_PLACEMENT_3D ( 'NONE', #3683, #248, #343 ) ;
#4338 = DIRECTION ( 'NONE',  ( -7.885106708985496922E-16, 0.000000000000000000, -1.000000000000000000 ) ) ;
#4339 = VECTOR ( 'NONE', #6664, 1000.000000000000000 ) ;
#4340 = EDGE_LOOP ( 'NONE', ( #692, #5693, #446, #6186 ) ) ;
#4341 = FACE_OUTER_BOUND ( 'NONE', #6022, .T. ) ;
#4342 = LINE ( 'NONE', #1074, #935 ) ;
#4343 = B_SPLINE_CURVE_WITH_KNOTS ( 'NONE', 3,
 ( #2106, #6438, #1640, #1565, #5977, #1093 ),
 .UNSPECIFIED., .F., .F.,
 ( 4, 2, 4 ),
 ( -5.656874778365655426E-06, 0.0003443988790695797614, 0.0006944546329175251952 ),
 .UNSPECIFIED. ) ;
#4344 = ADVANCED_FACE ( 'NONE', ( #6610 ), #1333, .T. ) ;
#4345 = ORIENTED_EDGE ( 'NONE', *, *, #6513, .F. ) ;
#4346 = ORIENTED_EDGE ( 'NONE', *, *, #3315, .F. ) ;
#4347 = CARTESIAN_POINT ( 'NONE',  ( 1.250000000000003331, 16.60000000000000142, 0.6000000000000064171 ) ) ;
#4348 = SURFACE_STYLE_FILL_AREA ( #4796 ) ;
#4349 = LINE ( 'NONE', #1079, #6456 ) ;
#4350 = AXIS2_PLACEMENT_3D ( 'NONE', #4265, #5246, #962 ) ;
#4351 = EDGE_CURVE ( 'NONE', #4512, #190, #5295, .T. ) ;
#4352 = ORIENTED_EDGE ( 'NONE', *, *, #3354, .F. ) ;
#4353 = AXIS2_PLACEMENT_3D ( 'NONE', #297, #848, #4181 ) ;
#4354 = CYLINDRICAL_SURFACE ( 'NONE', #3792, 0.2000000000000000944 ) ;
#4355 = VERTEX_POINT ( 'NONE', #5013 ) ;
#4356 = CARTESIAN_POINT ( 'NONE',  ( 2.949999999999999289, 16.60000000000000142, 2.000000000000000000 ) ) ;
#4357 = CARTESIAN_POINT ( 'NONE',  ( -1.320000000000000062, -2.949999999999990852, -0.3199999999999995071 ) ) ;
#4358 = LINE ( 'NONE', #3232, #3512 ) ;
#4359 = EDGE_CURVE ( 'NONE', #6378, #3406, #5646, .T. ) ;
#4360 = AXIS2_PLACEMENT_3D ( 'NONE', #123, #740, #2847 ) ;
#4361 = ORIENTED_EDGE ( 'NONE', *, *, #3024, .F. ) ;
#4362 = VECTOR ( 'NONE', #1544, 1000.000000000000227 ) ;
#4363 = CARTESIAN_POINT ( 'NONE',  ( -1.320000000000000062, 16.60000000000000142, 0.3200000000000005618 ) ) ;
#4364 = LINE ( 'NONE', #6632, #4944 ) ;
#4365 = FACE_OUTER_BOUND ( 'NONE', #732, .T. ) ;
#4366 = ORIENTED_EDGE ( 'NONE', *, *, #850, .F. ) ;
#4367 = VERTEX_POINT ( 'NONE', #2914 ) ;
#4368 = CARTESIAN_POINT ( 'NONE',  ( -3.499999999999996891, 16.60000000000000142, 2.000000000000005329 ) ) ;
#4369 = ORIENTED_EDGE ( 'NONE', *, *, #3900, .F. ) ;
#4370 = DIRECTION ( 'NONE',  ( 0.000000000000000000, -1.000000000000000000, 0.000000000000000000 ) ) ;
#4371 = VECTOR ( 'NONE', #4757, 1000.000000000000000 ) ;
#4372 = DIRECTION ( 'NONE',  ( -1.000000000000000000, 0.000000000000000000, 0.000000000000000000 ) ) ;
#4373 = ORIENTED_EDGE ( 'NONE', *, *, #3596, .F. ) ;
#4374 = DIRECTION ( 'NONE',  ( -1.000000000000000000, -0.000000000000000000, -0.000000000000000000 ) ) ;
#4375 = CARTESIAN_POINT ( 'NONE',  ( 0.000000000000000000, 11.00000000000000000, -4.100000000000002309 ) ) ;
#4376 = EDGE_CURVE ( 'NONE', #3184, #5058, #1672, .T. ) ;
#4377 = EDGE_LOOP ( 'NONE', ( #2164, #1548, #1177, #1279 ) ) ;
#4378 = PLANE ( 'NONE',  #1358 ) ;
#4379 = CARTESIAN_POINT ( 'NONE',  ( -3.499999999999998224, 4.500000000000000888, -3.300000000000001155 ) ) ;
#4380 = VERTEX_POINT ( 'NONE', #4520 ) ;
#4381 = ORIENTED_EDGE ( 'NONE', *, *, #6494, .T. ) ;
#4382 = DIRECTION ( 'NONE',  ( 1.000000000000000000, -0.000000000000000000, 1.445602896647341480E-15 ) ) ;
#4383 = CARTESIAN_POINT ( 'NONE',  ( -3.499999999999998224, 16.60000000000000142, 0.5999999999999996447 ) ) ;
#4384 = PRESENTATION_STYLE_ASSIGNMENT (( #5507 ) ) ;
#4385 = VERTEX_POINT ( 'NONE', #1803 ) ;
#4386 = EDGE_CURVE ( 'NONE', #4176, #444, #5581, .T. ) ;
#4387 = ORIENTED_EDGE ( 'NONE', *, *, #6103, .T. ) ;
#4388 = VECTOR ( 'NONE', #3429, 1000.000000000000000 ) ;
#4389 = DIRECTION ( 'NONE',  ( 1.694065894508601171E-16, -0.000000000000000000, 1.000000000000000000 ) ) ;
#4390 = ORIENTED_EDGE ( 'NONE', *, *, #2338, .F. ) ;
#4391 = DIRECTION ( 'NONE',  ( 0.000000000000000000, 1.000000000000000000, 0.000000000000000000 ) ) ;
#4392 = CARTESIAN_POINT ( 'NONE',  ( 0.000000000000000000, 11.00000000000000000, -3.800000000000001599 ) ) ;
#4393 = DIRECTION ( 'NONE',  ( -8.545435842250280986E-17, -1.000000000000000000, 0.000000000000000000 ) ) ;
#4394 = ORIENTED_EDGE ( 'NONE', *, *, #6445, .F. ) ;
#4395 = FILL_AREA_STYLE_COLOUR ( '', #6942 ) ;
#4396 = DIRECTION ( 'NONE',  ( 1.000000000000000000, 0.000000000000000000, 0.000000000000000000 ) ) ;
#4397 = DIRECTION ( 'NONE',  ( 0.000000000000000000, -0.000000000000000000, 1.000000000000000000 ) ) ;
#4398 = ORIENTED_EDGE ( 'NONE', *, *, #1753, .F. ) ;
#4399 = EDGE_LOOP ( 'NONE', ( #1793, #5012, #6442, #6627, #2388, #1622 ) ) ;
#4400 = DIRECTION ( 'NONE',  ( 0.000000000000000000, 0.000000000000000000, 1.000000000000000000 ) ) ;
#4401 = ORIENTED_EDGE ( 'NONE', *, *, #5541, .T. ) ;
#4402 = CARTESIAN_POINT ( 'NONE',  ( 3.419999999999998597, -0.4500000000000000111, 0.3200000000000005618 ) ) ;
#4403 = ORIENTED_EDGE ( 'NONE', *, *, #372, .F. ) ;
#4404 = CARTESIAN_POINT ( 'NONE',  ( -2.749999999999999556, 16.60000000000000142, 2.200000000000000178 ) ) ;
#4405 = DIRECTION ( 'NONE',  ( -1.000000000000000000, 0.000000000000000000, 7.885106708985496922E-16 ) ) ;
#4406 = VECTOR ( 'NONE', #2311, 1000.000000000000000 ) ;
#4407 = VERTEX_POINT ( 'NONE', #5052 ) ;
#4408 = CARTESIAN_POINT ( 'NONE',  ( -1.320000000000000062, 16.60000000000000142, 0.3200000000000005618 ) ) ;
#4409 = FACE_OUTER_BOUND ( 'NONE', #4707, .T. ) ;
#4410 = VERTEX_POINT ( 'NONE', #6648 ) ;
#4411 = VERTEX_POINT ( 'NONE', #6107 ) ;
#4412 = PLANE ( 'NONE',  #6552 ) ;
#4413 = EDGE_CURVE ( 'NONE', #68, #570, #3367, .T. ) ;
#4414 = FILL_AREA_STYLE_COLOUR ( '', #7030 ) ;
#4415 = CARTESIAN_POINT ( 'NONE',  ( -0.6800000000000000488, -2.949999999999990852, 0.3200000000000005618 ) ) ;
#4416 = VERTEX_POINT ( 'NONE', #2345 ) ;
#4417 = ADVANCED_FACE ( 'NONE', ( #2838 ), #1768, .F. ) ;
#4418 = DIRECTION ( 'NONE',  ( 0.000000000000000000, -0.3420201433256664925, -0.9396926207859093161 ) ) ;
#4419 = DIRECTION ( 'NONE',  ( -1.000000000000000000, 0.000000000000000000, 0.000000000000000000 ) ) ;
#4420 = DIRECTION ( 'NONE',  ( -1.000000000000000000, 0.000000000000000000, 0.000000000000000000 ) ) ;
#4421 = EDGE_CURVE ( 'NONE', #6986, #1499, #3960, .T. ) ;
#4422 = DIRECTION ( 'NONE',  ( 0.000000000000000000, -1.000000000000000000, 0.000000000000000000 ) ) ;
#4423 = CARTESIAN_POINT ( 'NONE',  ( 1.150000000000000799, 16.60000000000000142, 2.599999999999999645 ) ) ;
#4424 = AXIS2_PLACEMENT_3D ( 'NONE', #2787, #4957, #54 ) ;
#4425 = VERTEX_POINT ( 'NONE', #381 ) ;
#4426 = EDGE_CURVE ( 'NONE', #3815, #181, #319, .T. ) ;
#4427 = CARTESIAN_POINT ( 'NONE',  ( 0.6800000000000000488, 0.000000000000000000, 0.3200000000000005618 ) ) ;
#4429 = CARTESIAN_POINT ( 'NONE',  ( 3.499999999999999112, 4.500000000000000888, 1.499999999999998890 ) ) ;
#4428 = AXIS2_PLACEMENT_3D ( 'NONE', #6463, #943, #5258 ) ;
#4430 = ORIENTED_EDGE ( 'NONE', *, *, #5007, .F. ) ;
#4431 = VECTOR ( 'NONE', #1316, 1000.000000000000000 ) ;
#4432 = ADVANCED_FACE ( 'NONE', ( #1945 ), #4136, .F. ) ;
#4433 = CARTESIAN_POINT ( 'NONE',  ( 3.499999999999997780, 4.500000000000000888, -3.300000000000002487 ) ) ;
#4434 = EDGE_CURVE ( 'NONE', #556, #2215, #1908, .T. ) ;
#4435 = VECTOR ( 'NONE', #3951, 1000.000000000000000 ) ;
#4436 = VECTOR ( 'NONE', #6218, 1000.000000000000000 ) ;
#4437 = ORIENTED_EDGE ( 'NONE', *, *, #6859, .F. ) ;
#4438 = DIRECTION ( 'NONE',  ( 0.000000000000000000, 0.000000000000000000, -1.000000000000000000 ) ) ;
#4439 = ORIENTED_EDGE ( 'NONE', *, *, #6157, .F. ) ;
#4440 = SURFACE_SIDE_STYLE ('',( #6175 ) ) ;
#4441 = VERTEX_POINT ( 'NONE', #354 ) ;
#4442 = LINE ( 'NONE', #6100, #5441 ) ;
#4443 = AXIS2_PLACEMENT_3D ( 'NONE', #3842, #1547, #2764 ) ;
#4444 = CARTESIAN_POINT ( 'NONE',  ( 3.499999999999998224, 9.700000000000001066, 0.5999999999999996447 ) ) ;
#4445 = AXIS2_PLACEMENT_3D ( 'NONE', #5850, #5253, #1949 ) ;
#4446 = ORIENTED_EDGE ( 'NONE', *, *, #3713, .T. ) ;
#4447 = CARTESIAN_POINT ( 'NONE',  ( 1.049999999999999822, 4.000000000000000000, 2.200000000000000178 ) ) ;
#4448 = VECTOR ( 'NONE', #5175, 1000.000000000000000 ) ;
#4449 = LINE ( 'NONE', #2911, #712 ) ;
#4450 = ORIENTED_EDGE ( 'NONE', *, *, #1769, .F. ) ;
#4451 = DIRECTION ( 'NONE',  ( 0.000000000000000000, 0.000000000000000000, 1.000000000000000000 ) ) ;
#4452 = CARTESIAN_POINT ( 'NONE',  ( 3.499999999999997780, 4.500000000000000888, -3.300000000000002487 ) ) ;
#4453 =( LENGTH_UNIT ( ) NAMED_UNIT ( * ) SI_UNIT ( .MILLI., .METRE. ) );
#4454 = ORIENTED_EDGE ( 'NONE', *, *, #1888, .F. ) ;
#4455 = VECTOR ( 'NONE', #5520, 1000.000000000000000 ) ;
#4456 = ORIENTED_EDGE ( 'NONE', *, *, #1603, .T. ) ;
#4457 = LINE ( 'NONE', #3340, #6355 ) ;
#4458 = PLANE ( 'NONE',  #3686 ) ;
#4459 = VERTEX_POINT ( 'NONE', #6314 ) ;
#4460 = LINE ( 'NONE', #3896, #1377 ) ;
#4461 = VECTOR ( 'NONE', #1528, 1000.000000000000114 ) ;
#4462 = PLANE ( 'NONE',  #4542 ) ;
#4463 = VECTOR ( 'NONE', #2478, 1000.000000000000000 ) ;
#4464 = LINE ( 'NONE', #1708, #2265 ) ;
#4465 = VECTOR ( 'NONE', #6048, 1000.000000000000000 ) ;
#4466 = ORIENTED_EDGE ( 'NONE', *, *, #6280, .T. ) ;
#4467 = ORIENTED_EDGE ( 'NONE', *, *, #1458, .T. ) ;
#4468 = EDGE_CURVE ( 'NONE', #2347, #4294, #2575, .T. ) ;
#4469 = EDGE_CURVE ( 'NONE', #2289, #410, #6916, .T. ) ;
#4470 = DIRECTION ( 'NONE',  ( -0.000000000000000000, -0.000000000000000000, -1.000000000000000000 ) ) ;
#4471 = FACE_OUTER_BOUND ( 'NONE', #119, .T. ) ;
#4472 = DIRECTION ( 'NONE',  ( 0.000000000000000000, 0.000000000000000000, -1.000000000000000000 ) ) ;
#4473 = LINE ( 'NONE', #3352, #1681 ) ;
#4474 = AXIS2_PLACEMENT_3D ( 'NONE', #2003, #455, #4330 ) ;
#4475 = ADVANCED_FACE ( 'NONE', ( #5683 ), #3656, .T. ) ;
#4476 = AXIS2_PLACEMENT_3D ( 'NONE', #2545, #1906, #4653 ) ;
#4477 = EDGE_CURVE ( 'NONE', #4097, #6344, #3110, .T. ) ;
#4478 = ORIENTED_EDGE ( 'NONE', *, *, #4633, .F. ) ;
#4479 = CARTESIAN_POINT ( 'NONE',  ( -2.350000000000000089, 7.900000000000000355, 1.499999999999999556 ) ) ;
#4480 = PRESENTATION_STYLE_ASSIGNMENT (( #2301 ) ) ;
#4481 = ORIENTED_EDGE ( 'NONE', *, *, #1689, .F. ) ;
#4482 = FACE_OUTER_BOUND ( 'NONE', #5526, .T. ) ;
#4483 = CARTESIAN_POINT ( 'NONE',  ( -2.869649486113213133, -1.076516779175668015, 0.3200000000000005618 ) ) ;
#4484 = ORIENTED_EDGE ( 'NONE', *, *, #612, .F. ) ;
#4485 = CARTESIAN_POINT ( 'NONE',  ( -1.047142365151673360, 11.00000000000000000, -3.800000000000001599 ) ) ;
#4486 = DIRECTION ( 'NONE',  ( -1.000000000000000000, -0.000000000000000000, 5.782411586589356653E-16 ) ) ;
#4487 = ORIENTED_EDGE ( 'NONE', *, *, #6094, .F. ) ;
#4488 = CARTESIAN_POINT ( 'NONE',  ( 2.350000000000000977, 7.900000000000000355, 1.499999999999998668 ) ) ;
#4489 = CARTESIAN_POINT ( 'NONE',  ( -3.499999999999998224, 4.500000000000000888, 0.3200000000000006173 ) ) ;
#4490 = EDGE_LOOP ( 'NONE', ( #2880, #4456, #505, #4598 ) ) ;
#4491 = ORIENTED_EDGE ( 'NONE', *, *, #2617, .F. ) ;
#4492 = FACE_OUTER_BOUND ( 'NONE', #6400, .T. ) ;
#4493 = CARTESIAN_POINT ( 'NONE',  ( 2.680000000000001048, 9.700000000000001066, 0.3200000000000005618 ) ) ;
#4494 = VERTEX_POINT ( 'NONE', #4622 ) ;
#4495 = DIRECTION ( 'NONE',  ( 1.000000000000000000, -0.000000000000000000, -0.000000000000000000 ) ) ;
#4496 = CARTESIAN_POINT ( 'NONE',  ( -1.249999999999999778, 4.000000000000000000, 2.499999999999999556 ) ) ;
#4497 = DIRECTION ( 'NONE',  ( 0.000000000000000000, 0.000000000000000000, 1.000000000000000000 ) ) ;
#4498 = VERTEX_POINT ( 'NONE', #1438 ) ;
#4499 = CARTESIAN_POINT ( 'NONE',  ( -4.899999999999999467, 16.60000000000000142, -2.400000000000002576 ) ) ;
#4500 = CARTESIAN_POINT ( 'NONE',  ( 1.249999999999999778, 4.000000000000000000, 2.499999999999999556 ) ) ;
#4501 = DIRECTION ( 'NONE',  ( 5.782411586589355667E-16, -0.000000000000000000, -1.000000000000000000 ) ) ;
#4502 = ORIENTED_EDGE ( 'NONE', *, *, #2699, .F. ) ;
#4503 = VECTOR ( 'NONE', #863, 1000.000000000000000 ) ;
#4504 = DIRECTION ( 'NONE',  ( 1.000000000000000000, 0.000000000000000000, 0.000000000000000000 ) ) ;
#4505 = AXIS2_PLACEMENT_3D ( 'NONE', #2672, #3645, #3718 ) ;
#4506 = EDGE_CURVE ( 'NONE', #4885, #3193, #5818, .T. ) ;
#4507 = EDGE_LOOP ( 'NONE', ( #6109, #4437, #3221, #2335 ) ) ;
#4508 = DIRECTION ( 'NONE',  ( 0.000000000000000000, -1.000000000000000000, 0.000000000000000000 ) ) ;
#4509 = EDGE_CURVE ( 'NONE', #1499, #3783, #5214, .T. ) ;
#4510 = ORIENTED_EDGE ( 'NONE', *, *, #6822, .F. ) ;
#4511 = CARTESIAN_POINT ( 'NONE',  ( 3.499999999999997780, 16.60000000000000142, -2.400000000000002132 ) ) ;
#4512 = VERTEX_POINT ( 'NONE', #2547 ) ;
#4513 = CARTESIAN_POINT ( 'NONE',  ( 1.599999999999999645, 9.799999999999998934, -5.500000000000001776 ) ) ;
#4514 = EDGE_CURVE ( 'NONE', #539, #1258, #6384, .T. ) ;
#4515 = LINE ( 'NONE', #3001, #551 ) ;
#4516 = ORIENTED_EDGE ( 'NONE', *, *, #6642, .F. ) ;
#4517 = DIRECTION ( 'NONE',  ( -1.000000000000000000, 0.000000000000000000, 1.885568995626964533E-16 ) ) ;
#4518 = CARTESIAN_POINT ( 'NONE',  ( -2.680000000000000160, 0.000000000000000000, -0.3199999999999995071 ) ) ;
#4519 = ORIENTED_EDGE ( 'NONE', *, *, #1187, .F. ) ;
#4520 = CARTESIAN_POINT ( 'NONE',  ( 3.319999999999999840, 4.000000000000003553, 0.3200000000000004508 ) ) ;
#4521 = CIRCLE ( 'NONE', #1895, 0.2000000000000000944 ) ;
#4522 = ADVANCED_FACE ( 'NONE', ( #3613 ), #4099, .T. ) ;
#4523 = CARTESIAN_POINT ( 'NONE',  ( -3.199999999999999734, 16.60000000000000142, -5.500000000000001776 ) ) ;
#4524 = ORIENTED_EDGE ( 'NONE', *, *, #3575, .T. ) ;
#4525 = EDGE_CURVE ( 'NONE', #4587, #2284, #802, .T. ) ;
#4526 = ORIENTED_EDGE ( 'NONE', *, *, #5769, .F. ) ;
#4527 = DIRECTION ( 'NONE',  ( -0.000000000000000000, -1.000000000000000000, -0.000000000000000000 ) ) ;
#4528 = FACE_BOUND ( 'NONE', #1260, .T. ) ;
#4529 = ORIENTED_EDGE ( 'NONE', *, *, #1976, .F. ) ;
#4530 = EDGE_LOOP ( 'NONE', ( #6698, #2963, #981, #5826 ) ) ;
#4531 = PLANE ( 'NONE',  #6158 ) ;
#4532 = LINE ( 'NONE', #1242, #3619 ) ;
#4533 = CARTESIAN_POINT ( 'NONE',  ( -5.499999999999998224, 14.09999999999999964, -0.1500000000000011324 ) ) ;
#4534 = ORIENTED_EDGE ( 'NONE', *, *, #5922, .T. ) ;
#4535 = EDGE_LOOP ( 'NONE', ( #4450, #3234, #6993, #3801 ) ) ;
#4536 = CARTESIAN_POINT ( 'NONE',  ( -2.399999999999999911, 16.60000000000000142, -4.700000000000001066 ) ) ;
#4537 = DIRECTION ( 'NONE',  ( 0.000000000000000000, -1.000000000000000000, 0.000000000000000000 ) ) ;
#4538 = LINE ( 'NONE', #6702, #3132 ) ;
#4539 = CARTESIAN_POINT ( 'NONE',  ( 2.570791076685688292, -1.050370056351370263, -0.3199999999999998956 ) ) ;
#4540 = VECTOR ( 'NONE', #7055, 1000.000000000000000 ) ;
#4541 = EDGE_LOOP ( 'NONE', ( #2905, #6793, #5619, #1144 ) ) ;
#4542 = AXIS2_PLACEMENT_3D ( 'NONE', #3898, #1670, #3935 ) ;
#4543 = EDGE_CURVE ( 'NONE', #6844, #2091, #287, .T. ) ;
#4544 = VECTOR ( 'NONE', #2214, 1000.000000000000000 ) ;
#4545 = DIRECTION ( 'NONE',  ( 0.000000000000000000, 0.000000000000000000, -1.000000000000000000 ) ) ;
#4546 = ORIENTED_EDGE ( 'NONE', *, *, #2913, .T. ) ;
#4547 = FACE_OUTER_BOUND ( 'NONE', #5669, .T. ) ;
#4548 = ORIENTED_EDGE ( 'NONE', *, *, #6714, .T. ) ;
#4549 = CARTESIAN_POINT ( 'NONE',  ( 3.499999999999998224, 4.000000000000000000, 0.5999999999999996447 ) ) ;
#4550 = VECTOR ( 'NONE', #4207, 1000.000000000000000 ) ;
#4551 = AXIS2_PLACEMENT_3D ( 'NONE', #5308, #3249, #4930 ) ;
#4552 = VERTEX_POINT ( 'NONE', #3581 ) ;
#4553 = ADVANCED_FACE ( 'NONE', ( #5747 ), #3041, .F. ) ;
#4554 = CARTESIAN_POINT ( 'NONE',  ( 0.6800000000000000488, 9.349999999999997868, 0.3200000000000005618 ) ) ;
#4555 = VECTOR ( 'NONE', #1770, 1000.000000000000000 ) ;
#4556 = CARTESIAN_POINT ( 'NONE',  ( 3.499999999999997780, 4.500000000000000888, -3.300000000000002487 ) ) ;
#4557 = ORIENTED_EDGE ( 'NONE', *, *, #441, .T. ) ;
#4558 = DIRECTION ( 'NONE',  ( 0.000000000000000000, 1.000000000000000000, 0.000000000000000000 ) ) ;
#4559 = VECTOR ( 'NONE', #4056, 999.9999999999998863 ) ;
#4560 =( NAMED_UNIT ( * ) SI_UNIT ( $, .STERADIAN. ) SOLID_ANGLE_UNIT ( ) );
#4561 = AXIS2_PLACEMENT_3D ( 'NONE', #4483, #1185, #5531 ) ;
#4562 = CIRCLE ( 'NONE', #2729, 0.2000000000000000944 ) ;
#4563 = ORIENTED_EDGE ( 'NONE', *, *, #180, .T. ) ;
#4564 = EDGE_CURVE ( 'NONE', #6662, #3146, #4196, .T. ) ;
#4565 = CARTESIAN_POINT ( 'NONE',  ( 3.199999999999999734, 16.60000000000000142, -4.700000000000001066 ) ) ;
#4566 = CARTESIAN_POINT ( 'NONE',  ( 1.320000000000000062, -2.949999999999990852, 0.3200000000000005618 ) ) ;
#4567 = ORIENTED_EDGE ( 'NONE', *, *, #4335, .T. ) ;
#4568 = EDGE_LOOP ( 'NONE', ( #2886, #1339, #1101, #4584 ) ) ;
#4569 = CARTESIAN_POINT ( 'NONE',  ( -1.192610418006829098, 9.700000000000001066, -0.1926104180068285432 ) ) ;
#4570 = FACE_OUTER_BOUND ( 'NONE', #837, .T. ) ;
#4571 = VECTOR ( 'NONE', #4847, 1000.000000000000000 ) ;
#4572 = CARTESIAN_POINT ( 'NONE',  ( 1.599999999999999645, 14.00000000000000000, -5.500000000000001776 ) ) ;
#4573 = ORIENTED_EDGE ( 'NONE', *, *, #3034, .T. ) ;
#4574 = VECTOR ( 'NONE', #849, 1000.000000000000000 ) ;
#4575 = DIRECTION ( 'NONE',  ( 0.000000000000000000, 0.000000000000000000, 1.000000000000000000 ) ) ;
#4576 = CARTESIAN_POINT ( 'NONE',  ( 0.6800000000000000488, 4.500000000000003553, -0.3199999999999993960 ) ) ;
#4577 = CARTESIAN_POINT ( 'NONE',  ( 2.749999999999999556, 16.60000000000000142, 2.200000000000000178 ) ) ;
#4578 = LINE ( 'NONE', #5703, #520 ) ;
#4579 = CIRCLE ( 'NONE', #6613, 1.400000000000000799 ) ;
#4580 = ORIENTED_EDGE ( 'NONE', *, *, #1888, .T. ) ;
#4581 = CARTESIAN_POINT ( 'NONE',  ( -2.599999999999999645, 11.00000000000000000, -3.800000000000001599 ) ) ;
#4582 = ORIENTED_EDGE ( 'NONE', *, *, #421, .F. ) ;
#4583 = DIRECTION ( 'NONE',  ( -1.000000000000000000, 0.000000000000000000, 0.000000000000000000 ) ) ;
#4584 = ORIENTED_EDGE ( 'NONE', *, *, #372, .T. ) ;
#4585 = DIRECTION ( 'NONE',  ( 1.239088197126291310E-16, -0.000000000000000000, 1.000000000000000000 ) ) ;
#4586 = CIRCLE ( 'NONE', #4142, 0.7399999999999984368 ) ;
#4587 = VERTEX_POINT ( 'NONE', #5719 ) ;
#4588 = DIRECTION ( 'NONE',  ( -1.885568995626964533E-16, 0.000000000000000000, -1.000000000000000000 ) ) ;
#4589 = LINE ( 'NONE', #3039, #6282 ) ;
#4590 = VECTOR ( 'NONE', #4961, 1000.000000000000000 ) ;
#4591 = DIRECTION ( 'NONE',  ( 0.000000000000000000, 0.000000000000000000, -1.000000000000000000 ) ) ;
#4592 = LINE ( 'NONE', #6758, #5901 ) ;
#4593 = ADVANCED_FACE ( 'NONE', ( #834 ), #2762, .F. ) ;
#4594 = VECTOR ( 'NONE', #4682, 1000.000000000000000 ) ;
#4595 = ORIENTED_EDGE ( 'NONE', *, *, #6210, .T. ) ;
#4596 = LINE ( 'NONE', #6760, #1928 ) ;
#4597 = PLANE ( 'NONE',  #2305 ) ;
#4598 = ORIENTED_EDGE ( 'NONE', *, *, #2292, .T. ) ;
#4599 = ORIENTED_EDGE ( 'NONE', *, *, #3011, .T. ) ;
#4600 = LINE ( 'NONE', #6764, #3901 ) ;
#4601 = CIRCLE ( 'NONE', #2432, 0.3000000000000007661 ) ;
#4602 = DIRECTION ( 'NONE',  ( -1.000000000000000000, 0.000000000000000000, 1.694065894508601171E-16 ) ) ;
#4603 = CARTESIAN_POINT ( 'NONE',  ( -1.199999999999999734, 16.60000000000000142, -4.100000000000002309 ) ) ;
#4604 = ADVANCED_FACE ( 'NONE', ( #5384 ), #571, .F. ) ;
#4605 = VERTEX_POINT ( 'NONE', #1577 ) ;
#4606 = LINE ( 'NONE', #2291, #4131 ) ;
#4607 = DIRECTION ( 'NONE',  ( -1.000000000000000000, 0.000000000000000000, 0.000000000000000000 ) ) ;
#4608 = DIRECTION ( 'NONE',  ( -0.9396926207859093161, -0.3420201433256664925, -0.000000000000000000 ) ) ;
#4609 = FACE_OUTER_BOUND ( 'NONE', #5835, .T. ) ;
#4610 = ADVANCED_FACE ( 'NONE', ( #1033 ), #6417, .T. ) ;
#4611 = CYLINDRICAL_SURFACE ( 'NONE', #1820, 0.9000000000000002442 ) ;
#4612 = PLANE ( 'NONE',  #4337 ) ;
#4613 = VERTEX_POINT ( 'NONE', #2608 ) ;
#4614 = AXIS2_PLACEMENT_3D ( 'NONE', #6166, #6839, #749 ) ;
#4615 = CARTESIAN_POINT ( 'NONE',  ( -3.319999999999998952, -0.4500000000000000111, 0.3200000000000005618 ) ) ;
#4616 = ORIENTED_EDGE ( 'NONE', *, *, #464, .F. ) ;
#4617 = CARTESIAN_POINT ( 'NONE',  ( -1.320000000000000062, 4.000000000000000000, -0.3199999999999993960 ) ) ;
#4618 = EDGE_CURVE ( 'NONE', #3733, #5, #1546, .T. ) ;
#4619 = ORIENTED_EDGE ( 'NONE', *, *, #1827, .F. ) ;
#4620 = DIRECTION ( 'NONE',  ( 1.000000000000000000, 0.000000000000000000, -1.694065894508601171E-16 ) ) ;
#4621 = CARTESIAN_POINT ( 'NONE',  ( 1.320000000000000062, 4.000000000000003553, -0.3199999999999995071 ) ) ;
#4622 = CARTESIAN_POINT ( 'NONE',  ( -1.649999999999999467, 7.900000000000000355, 2.099999999999999645 ) ) ;
#4623 = DIRECTION ( 'NONE',  ( -0.000000000000000000, -0.000000000000000000, -1.000000000000000000 ) ) ;
#4624 = VERTEX_POINT ( 'NONE', #2117 ) ;
#4625 = LINE ( 'NONE', #1912, #5795 ) ;
#4626 = DIRECTION ( 'NONE',  ( -0.000000000000000000, -1.000000000000000000, -0.000000000000000000 ) ) ;
#4627 = EDGE_CURVE ( 'NONE', #2558, #3112, #2085, .T. ) ;
#4628 = VERTEX_POINT ( 'NONE', #4299 ) ;
#4629 = ORIENTED_EDGE ( 'NONE', *, *, #5931, .F. ) ;
#4630 = CARTESIAN_POINT ( 'NONE',  ( 2.680000000000000160, 16.60000000000000142, -0.3199999999999993960 ) ) ;
#4631 = DIRECTION ( 'NONE',  ( 1.000000000000000000, 0.000000000000000000, -5.782411586589356653E-16 ) ) ;
#4632 = CARTESIAN_POINT ( 'NONE',  ( -3.317564606778715230, -3.299999999999999822, -0.3199999999999998956 ) ) ;
#4633 = EDGE_CURVE ( 'NONE', #7001, #1207, #2227, .T. ) ;
#4634 = VERTEX_POINT ( 'NONE', #4267 ) ;
#4635 = CARTESIAN_POINT ( 'NONE',  ( -3.499999999999998668, 16.60000000000000142, -2.400000000000001243 ) ) ;
#4636 = EDGE_CURVE ( 'NONE', #3006, #6845, #3729, .T. ) ;
#4637 = CARTESIAN_POINT ( 'NONE',  ( 0.6800000000000000488, 4.000000000000000000, 0.3200000000000005618 ) ) ;
#4638 = LINE ( 'NONE', #6392, #6410 ) ;
#4639 = DIRECTION ( 'NONE',  ( -1.000000000000000000, 0.000000000000000000, 0.000000000000000000 ) ) ;
#4640 = DIRECTION ( 'NONE',  ( -0.000000000000000000, -1.000000000000000000, -0.000000000000000000 ) ) ;
#4641 = VECTOR ( 'NONE', #735, 1000.000000000000000 ) ;
#4642 = CARTESIAN_POINT ( 'NONE',  ( 4.899999999999999467, 4.000000000000000000, -2.400000000000002132 ) ) ;
#4643 = EDGE_CURVE ( 'NONE', #474, #2002, #997, .T. ) ;
#4644 = PLANE ( 'NONE',  #5335 ) ;
#4645 = ORIENTED_EDGE ( 'NONE', *, *, #1247, .F. ) ;
#4646 = CARTESIAN_POINT ( 'NONE',  ( -0.8499999999999996447, 16.60000000000000142, 2.599999999999999645 ) ) ;
#4647 = ORIENTED_EDGE ( 'NONE', *, *, #2734, .T. ) ;
#4648 = LINE ( 'NONE', #4684, #4104 ) ;
#4649 = ADVANCED_FACE ( 'NONE', ( #2648 ), #2721, .F. ) ;
#4650 = AXIS2_PLACEMENT_3D ( 'NONE', #4110, #6263, #843 ) ;
#4651 = ORIENTED_EDGE ( 'NONE', *, *, #5022, .F. ) ;
#4652 = CARTESIAN_POINT ( 'NONE',  ( 0.6800000000000000488, 16.60000000000000142, -0.3199999999999993960 ) ) ;
#4653 = DIRECTION ( 'NONE',  ( 1.000000000000000000, 0.000000000000000000, -5.782411586589356653E-16 ) ) ;
#4654 = ORIENTED_EDGE ( 'NONE', *, *, #1348, .T. ) ;
#4655 = CARTESIAN_POINT ( 'NONE',  ( 2.850000000000000533, 16.60000000000000142, 2.599999999999999201 ) ) ;
#4656 = COLOUR_RGB ( '',1.000000000000000000, 0.5490196078431373028, 0.000000000000000000 ) ;
#4657 = VECTOR ( 'NONE', #6051, 1000.000000000000000 ) ;
#4658 = DIRECTION ( 'NONE',  ( -0.000000000000000000, -1.000000000000000000, -0.000000000000000000 ) ) ;
#4659 = ADVANCED_FACE ( 'NONE', ( #460 ), #4852, .F. ) ;
#4660 = EDGE_LOOP ( 'NONE', ( #4975, #2935, #1426, #1610 ) ) ;
#4661 = VECTOR ( 'NONE', #3213, 1000.000000000000000 ) ;
#4662 = CARTESIAN_POINT ( 'NONE',  ( 3.199999999999999734, 16.60000000000000142, -4.700000000000001066 ) ) ;
#4663 = CLOSED_SHELL ( 'NONE', ( #6654, #3909, #4522, #3150, #4610, #6416, #2851, #5969, #707, #3144, #6929, #4593, #2250, #2033 ) ) ;
#4664 = CARTESIAN_POINT ( 'NONE',  ( 3.499999999999998224, 16.60000000000000142, 2.000000000000000000 ) ) ;
#4665 = VERTEX_POINT ( 'NONE', #3841 ) ;
#4666 = ORIENTED_EDGE ( 'NONE', *, *, #5411, .T. ) ;
#4667 = CARTESIAN_POINT ( 'NONE',  ( -1.149999999999999467, 16.60000000000000142, 2.599999999999999645 ) ) ;
#4668 = VECTOR ( 'NONE', #4039, 1000.000000000000000 ) ;
#4669 = VECTOR ( 'NONE', #5150, 1000.000000000000000 ) ;
#4670 = EDGE_CURVE ( 'NONE', #4089, #5653, #5896, .T. ) ;
#4671 = VERTEX_POINT ( 'NONE', #3767 ) ;
#4672 = DIRECTION ( 'NONE',  ( 5.782411586589354681E-16, -0.000000000000000000, 1.000000000000000000 ) ) ;
#4673 = DIRECTION ( 'NONE',  ( -1.000000000000000000, -0.000000000000000000, 1.694065894508600925E-16 ) ) ;
#4674 = VECTOR ( 'NONE', #6444, 1000.000000000000000 ) ;
#4675 = DIRECTION ( 'NONE',  ( 0.000000000000000000, 0.000000000000000000, -1.000000000000000000 ) ) ;
#4676 = DIRECTION ( 'NONE',  ( -1.000000000000000000, 0.000000000000000000, 1.694065894508601171E-16 ) ) ;
#4677 = LINE ( 'NONE', #5704, #5222 ) ;
#4678 = EDGE_CURVE ( 'NONE', #4255, #2347, #4893, .T. ) ;
#4679 = AXIS2_PLACEMENT_3D ( 'NONE', #1959, #4153, #6300 ) ;
#4680 = CARTESIAN_POINT ( 'NONE',  ( 2.749999999999999556, 4.000000000000000000, 2.499999999999999556 ) ) ;
#4681 = DIRECTION ( 'NONE',  ( 1.000000000000000000, 0.000000000000000000, -1.694065894508600925E-16 ) ) ;
#4682 = DIRECTION ( 'NONE',  ( 0.000000000000000000, 0.000000000000000000, -1.000000000000000000 ) ) ;
#4683 = EDGE_CURVE ( 'NONE', #4006, #2527, #7067, .T. ) ;
#4684 = CARTESIAN_POINT ( 'NONE',  ( 4.899999999999999467, 4.000000000000000000, -2.400000000000002132 ) ) ;
#4685 = VECTOR ( 'NONE', #978, 1000.000000000000000 ) ;
#4686 = EDGE_CURVE ( 'NONE', #5711, #5841, #1618, .T. ) ;
#4687 = VECTOR ( 'NONE', #1452, 1000.000000000000000 ) ;
#4688 = VERTEX_POINT ( 'NONE', #6528 ) ;
#4689 = CARTESIAN_POINT ( 'NONE',  ( 3.499999999999998668, 4.000000000000000000, 2.000000000000000000 ) ) ;
#4690 = LINE ( 'NONE', #2446, #2879 ) ;
#4691 = DIRECTION ( 'NONE',  ( 0.000000000000000000, -1.000000000000000000, 0.000000000000000000 ) ) ;
#4692 = LINE ( 'NONE', #6857, #1468 ) ;
#4693 = VECTOR ( 'NONE', #3262, 1000.000000000000000 ) ;
#4694 = ORIENTED_EDGE ( 'NONE', *, *, #6588, .F. ) ;
#4695 = CIRCLE ( 'NONE', #6169, 2.000000000000000888 ) ;
#4696 = CARTESIAN_POINT ( 'NONE',  ( -2.710504509961679354, -2.895552180309383772, -0.3199999999999998956 ) ) ;
#4697 = CARTESIAN_POINT ( 'NONE',  ( -5.049999999999999822, -1.100000000000000089, -1.500000000000000000 ) ) ;
#4698 = ORIENTED_EDGE ( 'NONE', *, *, #1621, .F. ) ;
#4699 = CARTESIAN_POINT ( 'NONE',  ( 2.749999999999999556, 16.60000000000000142, 2.499999999999999556 ) ) ;
#4700 = CARTESIAN_POINT ( 'NONE',  ( -1.320000000000000062, -2.949999999999990852, 0.3200000000000005618 ) ) ;
#4701 = PRESENTATION_LAYER_ASSIGNMENT (  '', '', ( #3800 ) ) ;
#4702 = ORIENTED_EDGE ( 'NONE', *, *, #6856, .F. ) ;
#4703 = LINE ( 'NONE', #272, #238 ) ;
#4704 = DIRECTION ( 'NONE',  ( 1.000000000000000000, 0.000000000000000000, -1.694065894508601171E-16 ) ) ;
#4705 = DIRECTION ( 'NONE',  ( -0.000000000000000000, -1.000000000000000000, -0.000000000000000000 ) ) ;
#4706 = DIRECTION ( 'NONE',  ( 1.281815376337542148E-16, 1.000000000000000000, 0.000000000000000000 ) ) ;
#4707 = EDGE_LOOP ( 'NONE', ( #2150, #6510, #5462, #1904 ) ) ;
#4708 = ADVANCED_FACE ( 'NONE', ( #1651 ), #5990, .F. ) ;
#4709 = DIRECTION ( 'NONE',  ( 1.000000000000000000, 0.000000000000000000, 0.000000000000000000 ) ) ;
#4710 = FACE_OUTER_BOUND ( 'NONE', #2077, .T. ) ;
#4711 = CARTESIAN_POINT ( 'NONE',  ( -5.500000000000000000, 0.000000000000000000, -2.400000000000001243 ) ) ;
#4712 = EDGE_CURVE ( 'NONE', #3612, #438, #3396, .T. ) ;
#4713 = DIRECTION ( 'NONE',  ( 0.9396926207859096492, 0.3420201433256653267, 0.000000000000000000 ) ) ;
#4714 = EDGE_CURVE ( 'NONE', #2888, #5491, #6816, .T. ) ;
#4715 = EDGE_LOOP ( 'NONE', ( #4087, #4582, #1940, #1625 ) ) ;
#4716 = LINE ( 'NONE', #3038, #2738 ) ;
#4717 = CARTESIAN_POINT ( 'NONE',  ( -3.499999999999998224, 9.700000000000001066, 0.1926104180068295701 ) ) ;
#4718 = CARTESIAN_POINT ( 'NONE',  ( -3.319999999999999840, 16.60000000000000142, 0.3200000000000005618 ) ) ;
#4719 = EDGE_CURVE ( 'NONE', #4800, #6028, #4442, .T. ) ;
#4720 = CARTESIAN_POINT ( 'NONE',  ( -3.499999999999998668, 16.60000000000000142, -4.400000000000001243 ) ) ;
#4721 = CARTESIAN_POINT ( 'NONE',  ( 1.320000000000000506, 4.500000000000000888, -0.3199999999999993960 ) ) ;
#4722 = AXIS2_PLACEMENT_3D ( 'NONE', #5375, #2107, #4259 ) ;
#4723 = ORIENTED_EDGE ( 'NONE', *, *, #1712, .F. ) ;
#4724 = EDGE_LOOP ( 'NONE', ( #4266, #3617, #772, #1850 ) ) ;
#4725 = LINE ( 'NONE', #4272, #899 ) ;
#4726 = CARTESIAN_POINT ( 'NONE',  ( 1.599999999999999645, 9.799999999999998934, -4.800000000000002487 ) ) ;
#4727 = EDGE_CURVE ( 'NONE', #1432, #5290, #61, .T. ) ;
#4728 = VERTEX_POINT ( 'NONE', #2303 ) ;
#4729 = ORIENTED_EDGE ( 'NONE', *, *, #42, .F. ) ;
#4730 = DIRECTION ( 'NONE',  ( 0.000000000000000000, 0.000000000000000000, -1.000000000000000000 ) ) ;
#4731 = DIRECTION ( 'NONE',  ( 0.000000000000000000, -0.000000000000000000, 1.000000000000000000 ) ) ;
#4732 = EDGE_CURVE ( 'NONE', #3787, #2655, #218, .T. ) ;
#4733 = EDGE_CURVE ( 'NONE', #1757, #4385, #3359, .T. ) ;
#4734 = EDGE_LOOP ( 'NONE', ( #2261, #1881, #3996, #4825 ) ) ;
#4735 = LINE ( 'NONE', #2022, #4243 ) ;
#4736 = CARTESIAN_POINT ( 'NONE',  ( 2.570791076685688292, -1.050370056351370263, -0.3199999999999998956 ) ) ;
#4737 = CARTESIAN_POINT ( 'NONE',  ( -1.320000000000000062, 16.60000000000000142, -0.3199999999999993960 ) ) ;
#4738 = AXIS2_PLACEMENT_3D ( 'NONE', #38, #4382, #5392 ) ;
#4739 = DIRECTION ( 'NONE',  ( 0.000000000000000000, 0.000000000000000000, 1.000000000000000000 ) ) ;
#4740 = VERTEX_POINT ( 'NONE', #2409 ) ;
#4741 = CARTESIAN_POINT ( 'NONE',  ( 0.6800000000000000488, 0.000000000000000000, -0.3199999999999993960 ) ) ;
#4742 = CARTESIAN_POINT ( 'NONE',  ( 2.870791076685689003, -1.050370056351370263, 0.3200000000000005618 ) ) ;
#4743 = FACE_OUTER_BOUND ( 'NONE', #3554, .T. ) ;
#4744 = CARTESIAN_POINT ( 'NONE',  ( 1.192610418006827322, -3.299999999999999822, 0.000000000000000000 ) ) ;
#4745 = ORIENTED_EDGE ( 'NONE', *, *, #7054, .T. ) ;
#4746 = LINE ( 'NONE', #4262, #5920 ) ;
#4747 = DIRECTION ( 'NONE',  ( 5.782411586589355667E-16, -0.000000000000000000, -1.000000000000000000 ) ) ;
#4748 = CARTESIAN_POINT ( 'NONE',  ( -5.499999999999998224, 15.59999999999999964, -0.1500000000000011324 ) ) ;
#4749 = PLANE ( 'NONE',  #2517 ) ;
#4750 = DIRECTION ( 'NONE',  ( 0.000000000000000000, 0.000000000000000000, -1.000000000000000000 ) ) ;
#4751 = LINE ( 'NONE', #2549, #6922 ) ;
#4752 = AXIS2_PLACEMENT_3D ( 'NONE', #3390, #6023, #4397 ) ;
#4753 = EDGE_CURVE ( 'NONE', #5, #6001, #107, .T. ) ;
#4754 = VERTEX_POINT ( 'NONE', #5529 ) ;
#4755 = FACE_OUTER_BOUND ( 'NONE', #5371, .T. ) ;
#4756 = VECTOR ( 'NONE', #6545, 1000.000000000000000 ) ;
#4757 = DIRECTION ( 'NONE',  ( 0.000000000000000000, -1.000000000000000000, 0.000000000000000000 ) ) ;
#4758 = AXIS2_PLACEMENT_3D ( 'NONE', #554, #2781, #6625 ) ;
#4759 = EDGE_LOOP ( 'NONE', ( #637, #4204, #945, #1790 ) ) ;
#4760 = ORIENTED_EDGE ( 'NONE', *, *, #1875, .F. ) ;
#4761 = CARTESIAN_POINT ( 'NONE',  ( -2.710504509961679354, -2.895552180309382884, 0.3200000000000005618 ) ) ;
#4762 = PRESENTATION_LAYER_ASSIGNMENT (  '', '', ( #5558 ) ) ;
#4763 = VECTOR ( 'NONE', #4092, 1000.000000000000000 ) ;
#4764 = ADVANCED_FACE ( 'NONE', ( #1220 ), #6601, .F. ) ;
#4765 = ORIENTED_EDGE ( 'NONE', *, *, #3138, .F. ) ;
#4766 = DIRECTION ( 'NONE',  ( 0.000000000000000000, 0.000000000000000000, 1.000000000000000000 ) ) ;
#4767 = VERTEX_POINT ( 'NONE', #2262 ) ;
#4768 = DIRECTION ( 'NONE',  ( -0.000000000000000000, -1.000000000000000000, -0.000000000000000000 ) ) ;
#4769 = DIRECTION ( 'NONE',  ( 0.9961946980917455452, -0.08715574274765922058, 0.000000000000000000 ) ) ;
#4770 = VECTOR ( 'NONE', #1765, 1000.000000000000000 ) ;
#4771 = CARTESIAN_POINT ( 'NONE',  ( -3.499999999999998224, 16.60000000000000142, 1.499999999999999556 ) ) ;
#4772 = ORIENTED_EDGE ( 'NONE', *, *, #1964, .T. ) ;
#4773 = AXIS2_PLACEMENT_3D ( 'NONE', #1623, #1905, #2981 ) ;
#4774 = FACE_OUTER_BOUND ( 'NONE', #4535, .T. ) ;
#4775 = CARTESIAN_POINT ( 'NONE',  ( 2.861073754643070011, 9.847496052137699962, -0.1389262453569310996 ) ) ;
#4776 = EDGE_CURVE ( 'NONE', #2979, #1130, #5781, .T. ) ;
#4777 = CARTESIAN_POINT ( 'NONE',  ( -3.319999999999998952, -0.4500000000000000111, -0.3199999999999998956 ) ) ;
#4778 = LINE ( 'NONE', #4744, #769 ) ;
#4779 = AXIS2_PLACEMENT_3D ( 'NONE', #3912, #6748, #3982 ) ;
#4780 = VERTEX_POINT ( 'NONE', #144 ) ;
#4781 = DIRECTION ( 'NONE',  ( -1.000000000000000000, 0.000000000000000000, 0.000000000000000000 ) ) ;
#4782 = DIRECTION ( 'NONE',  ( 0.9961946980917455452, 0.08715574274765860996, -0.000000000000000000 ) ) ;
#4783 = CARTESIAN_POINT ( 'NONE',  ( 1.047142365151673360, 4.000000000000000000, -3.800000000000001599 ) ) ;
#4784 = LINE ( 'NONE', #2958, #3782 ) ;
#4785 = CARTESIAN_POINT ( 'NONE',  ( -2.679999999999998384, -3.244220324641498898, -0.1926104180068289318 ) ) ;
#4786 = DIRECTION ( 'NONE',  ( 0.000000000000000000, -0.000000000000000000, 1.000000000000000000 ) ) ;
#4787 = VECTOR ( 'NONE', #48, 1000.000000000000000 ) ;
#4788 = EDGE_LOOP ( 'NONE', ( #3004, #4108, #4629, #1313 ) ) ;
#4789 = CARTESIAN_POINT ( 'NONE',  ( 3.319999999999999840, 4.000000000000003553, -0.3199999999999995071 ) ) ;
#4790 = CARTESIAN_POINT ( 'NONE',  ( 2.680000000000001048, 9.700000000000001066, -0.3199999999999998956 ) ) ;
#4791 = EDGE_LOOP ( 'NONE', ( #2444, #1183, #6482, #3288 ) ) ;
#4792 = ORIENTED_EDGE ( 'NONE', *, *, #1412, .F. ) ;
#4793 = AXIS2_PLACEMENT_3D ( 'NONE', #2696, #1559, #6577 ) ;
#4794 = CARTESIAN_POINT ( 'NONE',  ( 1.047142365151673360, 4.000000000000000000, -3.800000000000001599 ) ) ;
#4795 = EDGE_CURVE ( 'NONE', #2755, #428, #6560, .T. ) ;
#4796 = FILL_AREA_STYLE ('',( #4414 ) ) ;
#4797 = CARTESIAN_POINT ( 'NONE',  ( -1.649999999999999023, 7.900000000000000355, 1.499999999999999556 ) ) ;
#4798 = FILL_AREA_STYLE_COLOUR ( '', #6126 ) ;
#4799 = CIRCLE ( 'NONE', #4246, 0.3000000000000007661 ) ;
#4800 = VERTEX_POINT ( 'NONE', #1725 ) ;
#4801 = DIRECTION ( 'NONE',  ( -0.000000000000000000, -1.000000000000000000, -0.000000000000000000 ) ) ;
#4802 = ORIENTED_EDGE ( 'NONE', *, *, #1004, .T. ) ;
#4803 = DIRECTION ( 'NONE',  ( 0.000000000000000000, 1.000000000000000000, 0.000000000000000000 ) ) ;
#4804 = EDGE_CURVE ( 'NONE', #1363, #4416, #3916, .T. ) ;
#4805 = CARTESIAN_POINT ( 'NONE',  ( 2.350000000000001421, 7.900000000000000355, 1.499999999999998890 ) ) ;
#4806 = DIRECTION ( 'NONE',  ( 0.000000000000000000, 0.000000000000000000, 1.000000000000000000 ) ) ;
#4807 = VERTEX_POINT ( 'NONE', #6177 ) ;
#4808 = ORIENTED_EDGE ( 'NONE', *, *, #1206, .F. ) ;
#4809 = LINE ( 'NONE', #6080, #6467 ) ;
#4810 = DIRECTION ( 'NONE',  ( -0.3236155771181827845, 0.8891264907159898145, -0.3236155771181827845 ) ) ;
#4811 = DIRECTION ( 'NONE',  ( 0.000000000000000000, 0.000000000000000000, 1.000000000000000000 ) ) ;
#4812 = DIRECTION ( 'NONE',  ( 0.4539904997395411979, -0.000000000000000000, 0.8910065241883707854 ) ) ;
#4813 = EDGE_CURVE ( 'NONE', #6206, #3542, #207, .T. ) ;
#4814 = ORIENTED_EDGE ( 'NONE', *, *, #5552, .F. ) ;
#4815 = CARTESIAN_POINT ( 'NONE',  ( -2.349999999999999645, 7.900000000000000355, 2.099999999999999645 ) ) ;
#4816 = DIRECTION ( 'NONE',  ( 1.275531967630005245E-16, 1.000000000000000000, 0.000000000000000000 ) ) ;
#4817 = VERTEX_POINT ( 'NONE', #2872 ) ;
#4818 = DIRECTION ( 'NONE',  ( -0.000000000000000000, -0.000000000000000000, -1.000000000000000000 ) ) ;
#4819 = CARTESIAN_POINT ( 'NONE',  ( -3.419999999999998597, -0.4500000000000000111, -0.3199999999999998956 ) ) ;
#4820 = DIRECTION ( 'NONE',  ( -0.000000000000000000, -0.000000000000000000, -1.000000000000000000 ) ) ;
#4821 = PLANE ( 'NONE',  #5329 ) ;
#4822 = ORIENTED_EDGE ( 'NONE', *, *, #4727, .F. ) ;
#4823 = DIRECTION ( 'NONE',  ( 0.000000000000000000, 0.000000000000000000, -1.000000000000000000 ) ) ;
#4824 = LINE ( 'NONE', #3186, #2891 ) ;
#4825 = ORIENTED_EDGE ( 'NONE', *, *, #180, .F. ) ;
#4826 = ORIENTED_EDGE ( 'NONE', *, *, #5879, .F. ) ;
#4827 = CARTESIAN_POINT ( 'NONE',  ( 5.499999999999998224, 16.60000000000000142, 0.5999999999999985345 ) ) ;
#4828 = CARTESIAN_POINT ( 'NONE',  ( 2.749999999999999112, 4.000000000000000000, 2.200000000000000178 ) ) ;
#4829 = CARTESIAN_POINT ( 'NONE',  ( 3.499999999999998668, 4.000000000000000000, 2.000000000000000000 ) ) ;
#4830 = ORIENTED_EDGE ( 'NONE', *, *, #2861, .T. ) ;
#4831 = ADVANCED_FACE ( 'NONE', ( #4482 ), #6640, .T. ) ;
#4832 = DIRECTION ( 'NONE',  ( -1.000000000000000000, 0.000000000000000000, 0.000000000000000000 ) ) ;
#4833 = ORIENTED_EDGE ( 'NONE', *, *, #2118, .F. ) ;
#4834 = LINE ( 'NONE', #4870, #6034 ) ;
#4835 = FACE_OUTER_BOUND ( 'NONE', #6996, .T. ) ;
#4836 = DIRECTION ( 'NONE',  ( 1.000000000000000000, -0.000000000000000000, 1.445602896647341480E-15 ) ) ;
#4837 = ORIENTED_EDGE ( 'NONE', *, *, #3226, .T. ) ;
#4838 = ADVANCED_FACE ( 'NONE', ( #607 ), #2827, .F. ) ;
#4839 = CARTESIAN_POINT ( 'NONE',  ( 3.499999999999998668, 4.000000000000000000, -3.800000000000002043 ) ) ;
#4840 = DIRECTION ( 'NONE',  ( 1.000000000000000000, 0.000000000000000000, -1.694065894508601171E-16 ) ) ;
#4841 = DIRECTION ( 'NONE',  ( -0.000000000000000000, 0.000000000000000000, -1.000000000000000000 ) ) ;
#4842 = ORIENTED_EDGE ( 'NONE', *, *, #4984, .F. ) ;
#4843 = ADVANCED_FACE ( 'NONE', ( #1796 ), #3985, .F. ) ;
#4844 = VERTEX_POINT ( 'NONE', #6712 ) ;
#4845 = VERTEX_POINT ( 'NONE', #1835 ) ;
#4846 = CARTESIAN_POINT ( 'NONE',  ( -1.199999999999999734, 4.000000000000000000, -4.100000000000002309 ) ) ;
#4847 = DIRECTION ( 'NONE',  ( 1.000000000000000000, 0.000000000000000000, 0.000000000000000000 ) ) ;
#4848 = EDGE_LOOP ( 'NONE', ( #6678, #1516, #3437, #1915 ) ) ;
#4849 = LINE ( 'NONE', #1510, #3443 ) ;
#4850 = FACE_OUTER_BOUND ( 'NONE', #5488, .T. ) ;
#4851 = EDGE_CURVE ( 'NONE', #6001, #2633, #4030, .T. ) ;
#4852 = PLANE ( 'NONE',  #3058 ) ;
#4853 = PLANE ( 'NONE',  #4443 ) ;
#4854 = ORIENTED_EDGE ( 'NONE', *, *, #1862, .F. ) ;
#4855 = DIRECTION ( 'NONE',  ( -0.000000000000000000, 1.000000000000000000, -0.000000000000000000 ) ) ;
#4856 = LINE ( 'NONE', #4790, #5262 ) ;
#4857 = ORIENTED_EDGE ( 'NONE', *, *, #506, .F. ) ;
#4858 = EDGE_CURVE ( 'NONE', #3506, #6638, #5672, .T. ) ;
#4859 = ORIENTED_EDGE ( 'NONE', *, *, #4269, .T. ) ;
#4860 = EDGE_CURVE ( 'NONE', #5491, #6830, #4648, .T. ) ;
#4861 = CARTESIAN_POINT ( 'NONE',  ( -3.499999999999998224, 16.60000000000000142, -3.800000000000002043 ) ) ;
#4862 = AXIS2_PLACEMENT_3D ( 'NONE', #485, #6480, #4292 ) ;
#4863 = LINE ( 'NONE', #3296, #1570 ) ;
#4864 = CARTESIAN_POINT ( 'NONE',  ( -3.419999999999998597, 9.349999999999997868, 0.3200000000000005618 ) ) ;
#4865 = ORIENTED_EDGE ( 'NONE', *, *, #1045, .T. ) ;
#4866 = VECTOR ( 'NONE', #6970, 1000.000000000000000 ) ;
#4867 = MECHANICAL_DESIGN_GEOMETRIC_PRESENTATION_REPRESENTATION (  '', ( #4101 ), #6340 ) ;
#4868 = LINE ( 'NONE', #3227, #1026 ) ;
#4869 = ORIENTED_EDGE ( 'NONE', *, *, #2989, .F. ) ;
#4870 = CARTESIAN_POINT ( 'NONE',  ( -1.600000000000000755, 9.799999999999998934, -4.400000000000001243 ) ) ;
#4871 = DIRECTION ( 'NONE',  ( -0.000000000000000000, -1.000000000000000000, -0.000000000000000000 ) ) ;
#4872 = VECTOR ( 'NONE', #3818, 1000.000000000000000 ) ;
#4874 = VECTOR ( 'NONE', #4963, 1000.000000000000000 ) ;
#4873 = DIRECTION ( 'NONE',  ( -0.000000000000000000, -1.000000000000000000, -0.000000000000000000 ) ) ;
#4875 = ORIENTED_EDGE ( 'NONE', *, *, #5958, .T. ) ;
#4876 = CIRCLE ( 'NONE', #3525, 0.4249999999999998224 ) ;
#4877 = LINE ( 'NONE', #6518, #6605 ) ;
#4878 = CLOSED_SHELL ( 'NONE', ( #4195, #4249, #4417, #5758, #5074, #6950, #1502, #5448, #2206, #800, #2724, #2516, #1533, #3860, #4075, #4708, #3855, #4764, #3047, #3797, #1493, #1221 ) ) ;
#4879 = DIRECTION ( 'NONE',  ( 1.000000000000000000, -0.000000000000000000, 0.000000000000000000 ) ) ;
#4880 = CARTESIAN_POINT ( 'NONE',  ( -1.047142365151673360, 4.000000000000000000, -3.800000000000001599 ) ) ;
#4881 = ADVANCED_FACE ( 'NONE', ( #794, #6281 ), #3574, .T. ) ;
#4882 = AXIS2_PLACEMENT_3D ( 'NONE', #917, #2562, #882 ) ;
#4883 = AXIS2_PLACEMENT_3D ( 'NONE', #2798, #1038, #2727 ) ;
#4884 = VERTEX_POINT ( 'NONE', #5742 ) ;
#4885 = VERTEX_POINT ( 'NONE', #2976 ) ;
#4886 = LINE ( 'NONE', #5813, #2632 ) ;
#4887 = CARTESIAN_POINT ( 'NONE',  ( 3.319999999999999840, 16.60000000000000142, 0.3200000000000004508 ) ) ;
#4888 = EDGE_CURVE ( 'NONE', #3043, #6295, #1329, .T. ) ;
#4889 = VERTEX_POINT ( 'NONE', #1937 ) ;
#4890 = CARTESIAN_POINT ( 'NONE',  ( -5.049999999999999822, -1.100000000000000089, -1.074999999999999956 ) ) ;
#4891 = FACE_OUTER_BOUND ( 'NONE', #2271, .T. ) ;
#4892 = VERTEX_POINT ( 'NONE', #3036 ) ;
#4893 = LINE ( 'NONE', #5918, #6131 ) ;
#4894 = VECTOR ( 'NONE', #5950, 1000.000000000000000 ) ;
#4895 = EDGE_CURVE ( 'NONE', #4416, #6453, #5180, .T. ) ;
#4896 = CARTESIAN_POINT ( 'NONE',  ( 3.499999999999998668, 16.60000000000000142, 2.000000000000000000 ) ) ;
#4897 = VECTOR ( 'NONE', #5907, 1000.000000000000000 ) ;
#4898 = ORIENTED_EDGE ( 'NONE', *, *, #2805, .F. ) ;
#4899 = LINE ( 'NONE', #3218, #2046 ) ;
#4900 = DIRECTION ( 'NONE',  ( -1.281815376337542148E-16, 1.000000000000000000, -0.000000000000000000 ) ) ;
#4901 = ORIENTED_EDGE ( 'NONE', *, *, #4206, .F. ) ;
#4902 = ORIENTED_EDGE ( 'NONE', *, *, #627, .F. ) ;
#4903 = FACE_BOUND ( 'NONE', #2821, .T. ) ;
#4904 = FILL_AREA_STYLE_COLOUR ( '', #4656 ) ;
#4905 = DIRECTION ( 'NONE',  ( -1.000000000000000000, 0.000000000000000000, 0.000000000000000000 ) ) ;
#4906 = AXIS2_PLACEMENT_3D ( 'NONE', #5938, #3711, #4251 ) ;
#4907 = EDGE_CURVE ( 'NONE', #4355, #5711, #5772, .T. ) ;
#4908 = ORIENTED_EDGE ( 'NONE', *, *, #918, .T. ) ;
#4909 = VECTOR ( 'NONE', #5700, 1000.000000000000000 ) ;
#4910 = CYLINDRICAL_SURFACE ( 'NONE', #4793, 0.09999999999999982514 ) ;
#4911 = ORIENTED_EDGE ( 'NONE', *, *, #1753, .T. ) ;
#4912 = DIRECTION ( 'NONE',  ( -0.000000000000000000, -1.000000000000000000, -0.000000000000000000 ) ) ;
#4913 = DIRECTION ( 'NONE',  ( -0.000000000000000000, -1.000000000000000000, -0.000000000000000000 ) ) ;
#4914 = DIRECTION ( 'NONE',  ( -0.000000000000000000, -1.000000000000000000, -0.000000000000000000 ) ) ;
#4915 = VERTEX_POINT ( 'NONE', #282 ) ;
#4916 = CIRCLE ( 'NONE', #6385, 0.2000000000000000944 ) ;
#4917 = DIRECTION ( 'NONE',  ( 0.000000000000000000, 0.000000000000000000, -1.000000000000000000 ) ) ;
#4918 = FACE_OUTER_BOUND ( 'NONE', #6500, .T. ) ;
#4919 = ORIENTED_EDGE ( 'NONE', *, *, #5460, .T. ) ;
#4920 = DIRECTION ( 'NONE',  ( 5.782411586589354681E-16, -0.000000000000000000, 1.000000000000000000 ) ) ;
#4921 = EDGE_CURVE ( 'NONE', #2686, #5783, #4128, .T. ) ;
#4922 = ORIENTED_EDGE ( 'NONE', *, *, #6274, .F. ) ;
#4923 = EDGE_CURVE ( 'NONE', #6638, #1255, #1430, .T. ) ;
#4924 = EDGE_LOOP ( 'NONE', ( #6256, #1335, #5616, #4510 ) ) ;
#4925 = CARTESIAN_POINT ( 'NONE',  ( -3.192610418006828432, 9.700000000000001066, 0.1926104180068295701 ) ) ;
#4926 = EDGE_LOOP ( 'NONE', ( #1013, #6967, #564, #793 ) ) ;
#4927 = LINE ( 'NONE', #5494, #4590 ) ;
#4928 = AXIS2_PLACEMENT_3D ( 'NONE', #5994, #35, #1108 ) ;
#4929 = ORIENTED_EDGE ( 'NONE', *, *, #2980, .F. ) ;
#4930 = DIRECTION ( 'NONE',  ( 0.000000000000000000, 0.000000000000000000, 1.000000000000000000 ) ) ;
#4931 = DIRECTION ( 'NONE',  ( 0.000000000000000000, 0.000000000000000000, -1.000000000000000000 ) ) ;
#4932 = EDGE_CURVE ( 'NONE', #1865, #2289, #5206, .T. ) ;
#4933 = ORIENTED_EDGE ( 'NONE', *, *, #2570, .T. ) ;
#4934 = EDGE_CURVE ( 'NONE', #862, #538, #1693, .T. ) ;
#4935 = DIRECTION ( 'NONE',  ( 1.000000000000000000, -0.000000000000000000, 1.445602896647341480E-15 ) ) ;
#4936 = CARTESIAN_POINT ( 'NONE',  ( -2.869649486113212689, -1.076516779175667793, -0.3199999999999998956 ) ) ;
#4937 = EDGE_LOOP ( 'NONE', ( #6726, #2138, #3133, #1075 ) ) ;
#4938 = ORIENTED_EDGE ( 'NONE', *, *, #2211, .F. ) ;
#4939 = CARTESIAN_POINT ( 'NONE',  ( 2.679999999999999716, 0.000000000000000000, -0.3199999999999992850 ) ) ;
#4940 = CARTESIAN_POINT ( 'NONE',  ( -3.499999999999998668, 16.60000000000000142, -2.400000000000001243 ) ) ;
#4941 = ORIENTED_EDGE ( 'NONE', *, *, #1773, .T. ) ;
#4942 = ADVANCED_FACE ( 'NONE', ( #2539 ), #2472, .F. ) ;
#4943 = CARTESIAN_POINT ( 'NONE',  ( -4.899999999999997691, 16.60000000000000142, 0.5999999999999994227 ) ) ;
#4944 = VECTOR ( 'NONE', #4501, 1000.000000000000000 ) ;
#4945 = CARTESIAN_POINT ( 'NONE',  ( -1.320000000000000062, 16.60000000000000142, 0.3200000000000005618 ) ) ;
#4946 = ORIENTED_EDGE ( 'NONE', *, *, #829, .T. ) ;
#4947 = CARTESIAN_POINT ( 'NONE',  ( 3.499999999999998224, 4.000000000000000000, 0.5999999999999996447 ) ) ;
#4948 = EDGE_CURVE ( 'NONE', #3280, #2755, #6878, .T. ) ;
#4949 = DIRECTION ( 'NONE',  ( 1.445602896647341480E-15, -0.000000000000000000, 1.000000000000000000 ) ) ;
#4950 = FACE_OUTER_BOUND ( 'NONE', #6152, .T. ) ;
#4951 = ORIENTED_EDGE ( 'NONE', *, *, #359, .F. ) ;
#4952 = ORIENTED_EDGE ( 'NONE', *, *, #6450, .T. ) ;
#4953 = DIRECTION ( 'NONE',  ( -0.4539904997395411423, 0.000000000000000000, 0.8910065241883706744 ) ) ;
#4954 = CARTESIAN_POINT ( 'NONE',  ( 1.599999999999999423, 11.00000000000000000, -4.800000000000002487 ) ) ;
#4955 = EDGE_LOOP ( 'NONE', ( #709, #2583, #3279, #5051 ) ) ;
#4956 = EDGE_CURVE ( 'NONE', #2662, #5218, #5809, .T. ) ;
#4957 = DIRECTION ( 'NONE',  ( -0.000000000000000000, 1.000000000000000000, -0.000000000000000000 ) ) ;
#4958 = VERTEX_POINT ( 'NONE', #310 ) ;
#4959 = LINE ( 'NONE', #2789, #5696 ) ;
#4960 = EDGE_LOOP ( 'NONE', ( #5079, #4502, #2146, #357 ) ) ;
#4961 = DIRECTION ( 'NONE',  ( -1.000000000000000000, 0.000000000000000000, 0.000000000000000000 ) ) ;
#4962 = VERTEX_POINT ( 'NONE', #827 ) ;
#4963 = DIRECTION ( 'NONE',  ( 1.000000000000000000, 0.000000000000000000, -1.694065894508601171E-16 ) ) ;
#4964 = DIRECTION ( 'NONE',  ( -5.782411586589356653E-16, 0.000000000000000000, -1.000000000000000000 ) ) ;
#4965 = VECTOR ( 'NONE', #5661, 1000.000000000000000 ) ;
#4966 = ADVANCED_FACE ( 'NONE', ( #924 ), #2507, .F. ) ;
#4967 = ORIENTED_EDGE ( 'NONE', *, *, #150, .T. ) ;
#4968 = LINE ( 'NONE', #65, #2602 ) ;
#4969 = DIRECTION ( 'NONE',  ( -0.000000000000000000, -1.000000000000000000, -0.000000000000000000 ) ) ;
#4970 = ORIENTED_EDGE ( 'NONE', *, *, #3987, .F. ) ;
#4971 = ORIENTED_EDGE ( 'NONE', *, *, #2711, .F. ) ;
#4972 = CARTESIAN_POINT ( 'NONE',  ( -3.205951552079192357, 9.663345535386262952, -0.2059515520791930510 ) ) ;
#4973 = CARTESIAN_POINT ( 'NONE',  ( -3.499999999999998668, 16.60000000000000142, -4.400000000000001243 ) ) ;
#4974 = CARTESIAN_POINT ( 'NONE',  ( 1.320000000000000062, 9.349999999999997868, 0.3200000000000005618 ) ) ;
#4975 = ORIENTED_EDGE ( 'NONE', *, *, #4525, .T. ) ;
#4976 = ADVANCED_FACE ( 'NONE', ( #1969 ), #889, .T. ) ;
#4977 = ORIENTED_EDGE ( 'NONE', *, *, #5148, .F. ) ;
#4978 = CARTESIAN_POINT ( 'NONE',  ( -5.499999999999998224, 15.59999999999999964, -0.1500000000000011324 ) ) ;
#4979 = FACE_OUTER_BOUND ( 'NONE', #2203, .T. ) ;
#4980 = CARTESIAN_POINT ( 'NONE',  ( -2.349999999999999645, 7.900000000000000355, 2.099999999999999645 ) ) ;
#4981 = EDGE_CURVE ( 'NONE', #3452, #808, #3102, .T. ) ;
#4982 = CARTESIAN_POINT ( 'NONE',  ( 2.600000000000000533, 16.60000000000000142, -3.800000000000001599 ) ) ;
#4983 = PLANE ( 'NONE',  #3981 ) ;
#4984 = EDGE_CURVE ( 'NONE', #906, #6381, #3833, .T. ) ;
#4985 = VECTOR ( 'NONE', #1539, 1000.000000000000000 ) ;
#4986 = ORIENTED_EDGE ( 'NONE', *, *, #6316, .T. ) ;
#4987 = ORIENTED_EDGE ( 'NONE', *, *, #3922, .T. ) ;
#4988 = LINE ( 'NONE', #91, #4015 ) ;
#4990 = CARTESIAN_POINT ( 'NONE',  ( 0.000000000000000000, -3.299999999999999822, 0.1926104180068278493 ) ) ;
#4989 = AXIS2_PLACEMENT_3D ( 'NONE', #5974, #1087, #1745 ) ;
#4991 = VECTOR ( 'NONE', #4706, 1000.000000000000000 ) ;
#4992 = CARTESIAN_POINT ( 'NONE',  ( -1.049999999999999822, 16.60000000000000142, 2.200000000000000178 ) ) ;
#4993 = ORIENTED_EDGE ( 'NONE', *, *, #4719, .T. ) ;
#4994 = VECTOR ( 'NONE', #2737, 1000.000000000000000 ) ;
#4995 = VECTOR ( 'NONE', #1868, 1000.000000000000000 ) ;
#4996 = AXIS2_PLACEMENT_3D ( 'NONE', #3643, #6875, #6333 ) ;
#4997 = ORIENTED_EDGE ( 'NONE', *, *, #6765, .T. ) ;
#4998 = CARTESIAN_POINT ( 'NONE',  ( 3.319999999999999396, 9.349999999999997868, 0.3200000000000005618 ) ) ;
#4999 = ORIENTED_EDGE ( 'NONE', *, *, #2711, .T. ) ;
#5000 = CARTESIAN_POINT ( 'NONE',  ( 2.680000000000000160, 4.000000000000000000, 0.3200000000000005618 ) ) ;
#5001 = ORIENTED_EDGE ( 'NONE', *, *, #6494, .F. ) ;
#5002 = DIRECTION ( 'NONE',  ( -1.000000000000000000, -0.000000000000000000, 5.782411586589356653E-16 ) ) ;
#5003 = VECTOR ( 'NONE', #654, 1000.000000000000000 ) ;
#5004 = DIRECTION ( 'NONE',  ( -1.000000000000000000, 0.000000000000000000, 5.782411586589356653E-16 ) ) ;
#5005 = VECTOR ( 'NONE', #2614, 1000.000000000000000 ) ;
#5006 = VECTOR ( 'NONE', #6347, 1000.000000000000000 ) ;
#5007 = EDGE_CURVE ( 'NONE', #4807, #4355, #2639, .T. ) ;
#5008 = ORIENTED_EDGE ( 'NONE', *, *, #1844, .T. ) ;
#5009 = CARTESIAN_POINT ( 'NONE',  ( -2.815755189180201068, -0.8771863862500131059, 0.3200000000000005618 ) ) ;
#5010 = VECTOR ( 'NONE', #1614, 1000.000000000000000 ) ;
#5011 = PLANE ( 'NONE',  #3328 ) ;
#5012 = ORIENTED_EDGE ( 'NONE', *, *, #5330, .T. ) ;
#5013 = CARTESIAN_POINT ( 'NONE',  ( 2.600000000000000533, 11.00000000000000000, -4.800000000000002487 ) ) ;
#5014 = DIRECTION ( 'NONE',  ( -1.000000000000000000, 0.000000000000000000, 2.478176394252583113E-16 ) ) ;
#5015 = ORIENTED_EDGE ( 'NONE', *, *, #3363, .T. ) ;
#5016 = CIRCLE ( 'NONE', #909, 0.3000000000000007661 ) ;
#5017 = EDGE_CURVE ( 'NONE', #3072, #6749, #6375, .T. ) ;
#5018 = ADVANCED_FACE ( 'NONE', ( #6521 ), #6908, .F. ) ;
#5019 = ORIENTED_EDGE ( 'NONE', *, *, #3080, .T. ) ;
#5020 = CARTESIAN_POINT ( 'NONE',  ( 2.949999999999998845, 9.799999999999998934, -4.400000000000001243 ) ) ;
#5021 = PLANE ( 'NONE',  #1611 ) ;
#5022 = EDGE_CURVE ( 'NONE', #4915, #5849, #3719, .T. ) ;
#5023 = EDGE_LOOP ( 'NONE', ( #2631, #5233, #1841, #2243 ) ) ;
#5024 = EDGE_LOOP ( 'NONE', ( #5493, #2742, #1091, #6894 ) ) ;
#5025 = CARTESIAN_POINT ( 'NONE',  ( -1.049999999999999822, 16.60000000000000142, 2.000000000000000000 ) ) ;
#5026 = VECTOR ( 'NONE', #2115, 1000.000000000000000 ) ;
#5027 = FACE_OUTER_BOUND ( 'NONE', #41, .T. ) ;
#5028 = DIRECTION ( 'NONE',  ( 0.000000000000000000, 1.000000000000000000, 0.000000000000000000 ) ) ;
#5029 = EDGE_CURVE ( 'NONE', #5915, #4884, #4325, .T. ) ;
#5030 = AXIS2_PLACEMENT_3D ( 'NONE', #3762, #376, #1028 ) ;
#5031 = VERTEX_POINT ( 'NONE', #5410 ) ;
#5032 = ORIENTED_EDGE ( 'NONE', *, *, #77, .F. ) ;
#5033 = DIRECTION ( 'NONE',  ( 0.000000000000000000, 0.000000000000000000, -1.000000000000000000 ) ) ;
#5034 = EDGE_CURVE ( 'NONE', #266, #3805, #5300, .T. ) ;
#5035 = DIRECTION ( 'NONE',  ( -0.000000000000000000, -1.000000000000000000, -0.000000000000000000 ) ) ;
#5036 = LINE ( 'NONE', #6125, #5066 ) ;
#5037 = CYLINDRICAL_SURFACE ( 'NONE', #404, 0.2500000000000002220 ) ;
#5038 = AXIS2_PLACEMENT_3D ( 'NONE', #4945, #4389, #1047 ) ;
#5039 = AXIS2_PLACEMENT_3D ( 'NONE', #4297, #1100, #3136 ) ;
#5040 = ORIENTED_EDGE ( 'NONE', *, *, #5119, .T. ) ;
#5041 = ADVANCED_FACE ( 'NONE', ( #2180 ), #2710, .F. ) ;
#5042 = CARTESIAN_POINT ( 'NONE',  ( -4.899999999999999467, 16.60000000000000142, -2.400000000000002576 ) ) ;
#5043 = ORIENTED_EDGE ( 'NONE', *, *, #5348, .F. ) ;
#5044 = LINE ( 'NONE', #5455, #2988 ) ;
#5045 = ORIENTED_EDGE ( 'NONE', *, *, #4543, .F. ) ;
#5046 = CARTESIAN_POINT ( 'NONE',  ( 3.499999999999998668, 16.60000000000000142, 2.000000000000000000 ) ) ;
#5047 = LINE ( 'NONE', #5173, #3062 ) ;
#5048 = ORIENTED_EDGE ( 'NONE', *, *, #1930, .T. ) ;
#5049 = DIRECTION ( 'NONE',  ( 1.000000000000000000, 0.000000000000000000, 0.000000000000000000 ) ) ;
#5050 = CARTESIAN_POINT ( 'NONE',  ( 3.499999999999998668, 16.60000000000000142, -2.400000000000001243 ) ) ;
#5051 = ORIENTED_EDGE ( 'NONE', *, *, #3152, .T. ) ;
#5052 = CARTESIAN_POINT ( 'NONE',  ( -2.869649486113212689, -1.076516779175667793, 0.3200000000000005618 ) ) ;
#5053 = CARTESIAN_POINT ( 'NONE',  ( 1.199999999999999734, 16.60000000000000142, -4.100000000000002309 ) ) ;
#5054 = ORIENTED_EDGE ( 'NONE', *, *, #5628, .F. ) ;
#5055 = ORIENTED_EDGE ( 'NONE', *, *, #3987, .T. ) ;
#5056 = ORIENTED_EDGE ( 'NONE', *, *, #5245, .T. ) ;
#5057 = CARTESIAN_POINT ( 'NONE',  ( -3.200000000000000622, 16.60000000000000142, -4.400000000000001243 ) ) ;
#5058 = VERTEX_POINT ( 'NONE', #1058 ) ;
#5059 = PLANE ( 'NONE',  #2182 ) ;
#5060 = ORIENTED_EDGE ( 'NONE', *, *, #4140, .F. ) ;
#5061 = ORIENTED_EDGE ( 'NONE', *, *, #2532, .T. ) ;
#5062 = LINE ( 'NONE', #6156, #5592 ) ;
#5063 = DIRECTION ( 'NONE',  ( -0.000000000000000000, -1.000000000000000000, -0.000000000000000000 ) ) ;
#5064 = LINE ( 'NONE', #4632, #409 ) ;
#5065 = EDGE_CURVE ( 'NONE', #3104, #5707, #3238, .T. ) ;
#5066 = VECTOR ( 'NONE', #1642, 1000.000000000000000 ) ;
#5067 = EDGE_LOOP ( 'NONE', ( #6882, #4032, #5364, #1736 ) ) ;
#5068 = ORIENTED_EDGE ( 'NONE', *, *, #5973, .F. ) ;
#5069 = CARTESIAN_POINT ( 'NONE',  ( 1.049999999999999822, 16.60000000000000142, 2.200000000000000178 ) ) ;
#5070 = DIRECTION ( 'NONE',  ( -1.239088197126291310E-16, 0.000000000000000000, -1.000000000000000000 ) ) ;
#5071 = LINE ( 'NONE', #4990, #4270 ) ;
#5072 = CARTESIAN_POINT ( 'NONE',  ( 3.199999999999999734, 16.60000000000000142, -5.500000000000001776 ) ) ;
#5073 = VECTOR ( 'NONE', #3755, 1000.000000000000000 ) ;
#5074 = ADVANCED_FACE ( 'NONE', ( #517 ), #2673, .T. ) ;
#5075 = VERTEX_POINT ( 'NONE', #406 ) ;
#5076 = DIRECTION ( 'NONE',  ( 0.000000000000000000, 0.000000000000000000, 1.000000000000000000 ) ) ;
#5077 = ORIENTED_EDGE ( 'NONE', *, *, #1855, .T. ) ;
#5078 =( NAMED_UNIT ( * ) SI_UNIT ( $, .STERADIAN. ) SOLID_ANGLE_UNIT ( ) );
#5079 = ORIENTED_EDGE ( 'NONE', *, *, #4173, .F. ) ;
#5080 = DIRECTION ( 'NONE',  ( 0.000000000000000000, 0.000000000000000000, 1.000000000000000000 ) ) ;
#5081 = EDGE_CURVE ( 'NONE', #5509, #4665, #4778, .T. ) ;
#5082 = VERTEX_POINT ( 'NONE', #5981 ) ;
#5083 = CARTESIAN_POINT ( 'NONE',  ( 0.6800000000000000488, 4.000000000000000000, -0.3199999999999993960 ) ) ;
#5084 = DIRECTION ( 'NONE',  ( -0.08715574274765920670, 0.9961946980917454342, -0.000000000000000000 ) ) ;
#5085 = EDGE_LOOP ( 'NONE', ( #2876, #6738, #4091, #6729, #4361, #6102 ) ) ;
#5086 = CARTESIAN_POINT ( 'NONE',  ( 3.507214092891928647, -1.132296454534169161, -0.3199999999999998956 ) ) ;
#5087 = AXIS2_PLACEMENT_3D ( 'NONE', #5892, #6503, #5929 ) ;
#5088 = DIRECTION ( 'NONE',  ( 1.000000000000000000, -0.000000000000000000, 1.445602896647341480E-15 ) ) ;
#5089 = ORIENTED_EDGE ( 'NONE', *, *, #5879, .T. ) ;
#5090 = AXIS2_PLACEMENT_3D ( 'NONE', #2802, #151, #1307 ) ;
#5091 = LINE ( 'NONE', #767, #6247 ) ;
#5092 = ADVANCED_FACE ( 'NONE', ( #4365 ), #5909, .F. ) ;
#5093 = DIRECTION ( 'NONE',  ( 0.000000000000000000, -0.000000000000000000, 1.000000000000000000 ) ) ;
#5094 = ORIENTED_EDGE ( 'NONE', *, *, #5034, .T. ) ;
#5095 = ORIENTED_EDGE ( 'NONE', *, *, #2369, .F. ) ;
#5096 = DIRECTION ( 'NONE',  ( 0.000000000000000000, 1.000000000000000000, 0.000000000000000000 ) ) ;
#5097 = CARTESIAN_POINT ( 'NONE',  ( 1.249999999999999778, 4.000000000000000000, 2.200000000000000178 ) ) ;
#5098 = FACE_OUTER_BOUND ( 'NONE', #296, .T. ) ;
#5099 = VERTEX_POINT ( 'NONE', #5339 ) ;
#5100 = CARTESIAN_POINT ( 'NONE',  ( 3.319999999999999840, 16.60000000000000142, 0.3200000000000004508 ) ) ;
#5101 = DIRECTION ( 'NONE',  ( -0.000000000000000000, -1.000000000000000000, -0.000000000000000000 ) ) ;
#5102 = FACE_OUTER_BOUND ( 'NONE', #6476, .T. ) ;
#5103 = DIRECTION ( 'NONE',  ( 0.000000000000000000, 0.000000000000000000, -1.000000000000000000 ) ) ;
#5104 = AXIS2_PLACEMENT_3D ( 'NONE', #2666, #5801, #479 ) ;
#5105 = ORIENTED_EDGE ( 'NONE', *, *, #261, .F. ) ;
#5106 = AXIS2_PLACEMENT_3D ( 'NONE', #1282, #6193, #2486 ) ;
#5107 = AXIS2_PLACEMENT_3D ( 'NONE', #3707, #3151, #844 ) ;
#5108 = FACE_OUTER_BOUND ( 'NONE', #6304, .T. ) ;
#5109 = ORIENTED_EDGE ( 'NONE', *, *, #6323, .T. ) ;
#5110 = FACE_OUTER_BOUND ( 'NONE', #2300, .T. ) ;
#5111 = EDGE_CURVE ( 'NONE', #3837, #2534, #1024, .T. ) ;
#5112 = ORIENTED_EDGE ( 'NONE', *, *, #6111, .T. ) ;
#5113 = CARTESIAN_POINT ( 'NONE',  ( 5.500000000000001776, 14.09999999999999964, -0.1500000000000074885 ) ) ;
#5114 = VECTOR ( 'NONE', #758, 1000.000000000000000 ) ;
#5115 = ORIENTED_EDGE ( 'NONE', *, *, #307, .T. ) ;
#5116 = CARTESIAN_POINT ( 'NONE',  ( -0.6800000000000000488, 0.000000000000000000, 0.3200000000000004508 ) ) ;
#5117 = DIRECTION ( 'NONE',  ( 0.000000000000000000, 0.000000000000000000, 1.000000000000000000 ) ) ;
#5118 = VECTOR ( 'NONE', #1927, 1000.000000000000000 ) ;
#5119 = EDGE_CURVE ( 'NONE', #1053, #2353, #2722, .T. ) ;
#5120 = CARTESIAN_POINT ( 'NONE',  ( 3.319999999999999396, 9.700000000000001066, 0.3200000000000005618 ) ) ;
#5121 = VECTOR ( 'NONE', #1380, 1000.000000000000000 ) ;
#5122 = LINE ( 'NONE', #227, #5003 ) ;
#5123 = VECTOR ( 'NONE', #2088, 1000.000000000000000 ) ;
#5124 = EDGE_LOOP ( 'NONE', ( #5610, #4814, #375, #1403 ) ) ;
#5125 = CARTESIAN_POINT ( 'NONE',  ( 3.499999999999999112, 16.60000000000000142, 1.499999999999998890 ) ) ;
#5126 = DIRECTION ( 'NONE',  ( 1.000000000000000000, 0.000000000000000000, 0.000000000000000000 ) ) ;
#5127 = ORIENTED_EDGE ( 'NONE', *, *, #3126, .T. ) ;
#5128 = LINE ( 'NONE', #5347, #5344 ) ;
#5129 = CARTESIAN_POINT ( 'NONE',  ( -5.049999999999999822, -1.199999999999999956, -1.500000000000000000 ) ) ;
#5130 = VECTOR ( 'NONE', #2032, 1000.000000000000000 ) ;
#5131 = DIRECTION ( 'NONE',  ( 0.000000000000000000, 0.000000000000000000, 1.000000000000000000 ) ) ;
#5132 = EDGE_LOOP ( 'NONE', ( #6351, #1369, #4218, #2542 ) ) ;
#5133 = AXIS2_PLACEMENT_3D ( 'NONE', #4082, #5701, #6871 ) ;
#5134 = DIRECTION ( 'NONE',  ( -1.000000000000000000, 0.000000000000000000, 0.000000000000000000 ) ) ;
#5135 = PLANE ( 'NONE',  #2172 ) ;
#5136 = DIRECTION ( 'NONE',  ( 1.000000000000000000, -0.000000000000000000, 7.885106708985496922E-16 ) ) ;
#5137 = DIRECTION ( 'NONE',  ( -0.000000000000000000, 0.3420201433256653267, 0.9396926207859096492 ) ) ;
#5138 = AXIS2_PLACEMENT_3D ( 'NONE', #6085, #590, #743 ) ;
#5139 = ORIENTED_EDGE ( 'NONE', *, *, #1083, .T. ) ;
#5140 = ORIENTED_EDGE ( 'NONE', *, *, #6054, .F. ) ;
#5141 = LINE ( 'NONE', #725, #1829 ) ;
#5142 = ORIENTED_EDGE ( 'NONE', *, *, #5518, .T. ) ;
#5143 = CARTESIAN_POINT ( 'NONE',  ( 2.680000000000000160, 16.60000000000000142, 0.3200000000000005618 ) ) ;
#5144 = ORIENTED_EDGE ( 'NONE', *, *, #7029, .T. ) ;
#5145 = DIRECTION ( 'NONE',  ( 1.000000000000000000, 0.000000000000000000, 0.000000000000000000 ) ) ;
#5146 = EDGE_CURVE ( 'NONE', #575, #3394, #7013, .T. ) ;
#5147 = AXIS2_PLACEMENT_3D ( 'NONE', #3176, #1067, #2645 ) ;
#5148 = EDGE_CURVE ( 'NONE', #6052, #5491, #1095, .T. ) ;
#5149 = EDGE_LOOP ( 'NONE', ( #3331, #2869, #4842, #2319 ) ) ;
#5150 = DIRECTION ( 'NONE',  ( 7.228014483236698528E-16, -0.000000000000000000, -1.000000000000000000 ) ) ;
#5151 = LINE ( 'NONE', #6820, #243 ) ;
#5152 = VECTOR ( 'NONE', #1364, 1000.000000000000000 ) ;
#5153 = ORIENTED_EDGE ( 'NONE', *, *, #2439, .F. ) ;
#5154 = DIRECTION ( 'NONE',  ( 1.239088197126291310E-16, -0.000000000000000000, 1.000000000000000000 ) ) ;
#5155 = DIRECTION ( 'NONE',  ( 0.000000000000000000, 0.000000000000000000, 1.000000000000000000 ) ) ;
#5156 = ADVANCED_FACE ( 'NONE', ( #4226 ), #1174, .T. ) ;
#5157 = ADVANCED_FACE ( 'NONE', ( #1828 ), #6553, .F. ) ;
#5158 = ORIENTED_EDGE ( 'NONE', *, *, #6329, .T. ) ;
#5159 = CARTESIAN_POINT ( 'NONE',  ( 2.749999999999998668, 16.60000000000000142, 2.499999999999999556 ) ) ;
#5160 = CARTESIAN_POINT ( 'NONE',  ( 3.499999999999998224, 4.500000000000000888, 0.5999999999999987566 ) ) ;
#5161 = EDGE_LOOP ( 'NONE', ( #2455, #3196, #1582, #2315, #1972, #6015, #3316, #6110, #1921, #2314, #4557, #5474, #3245, #481, #19, #777, #5891, #1201, #5427, #5055, #3339, #4250 ) ) ;
#5162 = ORIENTED_EDGE ( 'NONE', *, *, #2434, .F. ) ;
#5163 = UNCERTAINTY_MEASURE_WITH_UNIT (LENGTH_MEASURE( 1.000000000000000082E-05 ), #1524, 'distance_accuracy_value', 'NONE');
#5164 = DIRECTION ( 'NONE',  ( -0.000000000000000000, -1.000000000000000000, -0.000000000000000000 ) ) ;
#5165 = DIRECTION ( 'NONE',  ( 1.275531967630005245E-16, 1.000000000000000000, 0.000000000000000000 ) ) ;
#5166 = ADVANCED_FACE ( 'NONE', ( #5562 ), #6703, .T. ) ;
#5167 = ORIENTED_EDGE ( 'NONE', *, *, #3696, .T. ) ;
#5168 = CARTESIAN_POINT ( 'NONE',  ( 0.000000000000000000, 11.00000000000000000, -3.800000000000001599 ) ) ;
#5169 = DIRECTION ( 'NONE',  ( 0.9961946980917455452, -0.08715574274765794383, 0.000000000000000000 ) ) ;
#5170 = ADVANCED_FACE ( 'NONE', ( #2295 ), #1256, .F. ) ;
#5171 = DIRECTION ( 'NONE',  ( 0.000000000000000000, 0.000000000000000000, -1.000000000000000000 ) ) ;
#5172 = DIRECTION ( 'NONE',  ( 0.000000000000000000, 1.000000000000000000, 0.000000000000000000 ) ) ;
#5173 = CARTESIAN_POINT ( 'NONE',  ( 0.8073895819931710127, 9.700000000000001066, 0.5999999999999996447 ) ) ;
#5174 = CARTESIAN_POINT ( 'NONE',  ( 3.499999999999998224, 16.60000000000000142, -3.800000000000001599 ) ) ;
#5175 = DIRECTION ( 'NONE',  ( -1.275531967630005245E-16, -1.000000000000000000, 0.000000000000000000 ) ) ;
#5176 = EDGE_CURVE ( 'NONE', #5821, #4885, #4473, .T. ) ;
#5177 = ORIENTED_EDGE ( 'NONE', *, *, #6148, .T. ) ;
#5178 = DIRECTION ( 'NONE',  ( -0.000000000000000000, -1.000000000000000000, -0.000000000000000000 ) ) ;
#5179 = ORIENTED_EDGE ( 'NONE', *, *, #1538, .T. ) ;
#5180 = LINE ( 'NONE', #1366, #783 ) ;
#5181 = EDGE_LOOP ( 'NONE', ( #1694, #457, #3728, #6470 ) ) ;
#5182 = CARTESIAN_POINT ( 'NONE',  ( 3.124324764463316306, -3.431153167551015404, -0.1389262453569313771 ) ) ;
#5183 = CARTESIAN_POINT ( 'NONE',  ( -2.849999999999999645, 16.60000000000000142, 2.600000000000000089 ) ) ;
#5184 = DIRECTION ( 'NONE',  ( 1.000000000000000000, 0.000000000000000000, 7.228014483236698528E-16 ) ) ;
#5185 = CARTESIAN_POINT ( 'NONE',  ( -3.319999999999999396, 9.349999999999997868, -0.3199999999999998956 ) ) ;
#5186 = ORIENTED_EDGE ( 'NONE', *, *, #6588, .T. ) ;
#5187 = DIRECTION ( 'NONE',  ( 0.000000000000000000, 0.000000000000000000, 1.000000000000000000 ) ) ;
#5188 = CARTESIAN_POINT ( 'NONE',  ( 3.338345295835161597, -0.5077278900337856005, 0.3200000000000005618 ) ) ;
#5189 = EDGE_LOOP ( 'NONE', ( #1951, #6261, #2663, #1880 ) ) ;
#5190 = EDGE_CURVE ( 'NONE', #5290, #5804, #6057, .T. ) ;
#5191 = EDGE_CURVE ( 'NONE', #570, #5791, #2753, .T. ) ;
#5192 = CARTESIAN_POINT ( 'NONE',  ( 2.806904826173719503, -3.255323058278427162, 0.3200000000000005618 ) ) ;
#5193 = LINE ( 'NONE', #295, #2264 ) ;
#5194 = CIRCLE ( 'NONE', #4077, 0.9000000000000002442 ) ;
#5195 = ORIENTED_EDGE ( 'NONE', *, *, #3570, .T. ) ;
#5196 = ADVANCED_FACE ( 'NONE', ( #6092 ), #6633, .F. ) ;
#5197 = CARTESIAN_POINT ( 'NONE',  ( 2.570791076685688292, -1.050370056351370263, 0.3200000000000005618 ) ) ;
#5198 = PLANE ( 'NONE',  #3305 ) ;
#5199 = LINE ( 'NONE', #2496, #1081 ) ;
#5200 = ADVANCED_FACE ( 'NONE', ( #2862 ), #5037, .T. ) ;
#5201 = LINE ( 'NONE', #275, #2257 ) ;
#5202 = DIRECTION ( 'NONE',  ( 0.08715574274765859608, -0.9961946980917454342, -0.000000000000000000 ) ) ;
#5203 = CARTESIAN_POINT ( 'NONE',  ( 3.319999999999999396, 9.349999999999997868, -0.3199999999999998956 ) ) ;
#5204 = PLANE ( 'NONE',  #223 ) ;
#5205 = CARTESIAN_POINT ( 'NONE',  ( 4.899999999999999467, 16.60000000000000142, -2.400000000000002132 ) ) ;
#5206 = LINE ( 'NONE', #4617, #2270 ) ;
#5207 = ORIENTED_EDGE ( 'NONE', *, *, #6773, .F. ) ;
#5208 = DIRECTION ( 'NONE',  ( -0.08715574274765859608, 0.9961946980917454342, 0.000000000000000000 ) ) ;
#5209 = CARTESIAN_POINT ( 'NONE',  ( -3.319999999999999840, 4.000000000000003553, 0.3200000000000005618 ) ) ;
#5210 = CARTESIAN_POINT ( 'NONE',  ( 3.150000000000000355, 0.000000000000000000, 2.599999999999999201 ) ) ;
#5211 = CARTESIAN_POINT ( 'NONE',  ( 0.7058136870931380757, 11.00000000000000000, -0.3596300361754456443 ) ) ;
#5212 = ORIENTED_EDGE ( 'NONE', *, *, #4678, .T. ) ;
#5213 = VECTOR ( 'NONE', #2312, 1000.000000000000114 ) ;
#5214 = CIRCLE ( 'NONE', #3629, 0.2000000000000000944 ) ;
#5215 = DIRECTION ( 'NONE',  ( -0.8910065241883707854, 0.000000000000000000, -0.4539904997395411979 ) ) ;
#5216 = AXIS2_PLACEMENT_3D ( 'NONE', #704, #1775, #6112 ) ;
#5217 = CARTESIAN_POINT ( 'NONE',  ( -1.600000000000000977, 11.00000000000000000, -5.500000000000001776 ) ) ;
#5218 = VERTEX_POINT ( 'NONE', #722 ) ;
#5219 = ORIENTED_EDGE ( 'NONE', *, *, #1665, .F. ) ;
#5220 = DIRECTION ( 'NONE',  ( -0.000000000000000000, -1.000000000000000000, -0.000000000000000000 ) ) ;
#5221 = DIRECTION ( 'NONE',  ( -5.782411586589356653E-16, 0.000000000000000000, -1.000000000000000000 ) ) ;
#5222 = VECTOR ( 'NONE', #1929, 1000.000000000000000 ) ;
#5223 = ADVANCED_FACE ( 'NONE', ( #6668 ), #4021, .F. ) ;
#5224 = AXIS2_PLACEMENT_3D ( 'NONE', #832, #6955, #6249 ) ;
#5225 = ORIENTED_EDGE ( 'NONE', *, *, #470, .T. ) ;
#5226 = EDGE_CURVE ( 'NONE', #4441, #6707, #3465, .T. ) ;
#5227 = CARTESIAN_POINT ( 'NONE',  ( 3.499999999999998224, 4.500000000000000888, 0.5999999999999987566 ) ) ;
#5228 = CARTESIAN_POINT ( 'NONE',  ( 3.419999999999998597, -0.4500000000000000111, 0.3200000000000005618 ) ) ;
#5229 = AXIS2_PLACEMENT_3D ( 'NONE', #3106, #6380, #4166 ) ;
#5230 = DIRECTION ( 'NONE',  ( -1.000000000000000000, 0.000000000000000000, 0.000000000000000000 ) ) ;
#5231 = LINE ( 'NONE', #1457, #3867 ) ;
#5232 = EDGE_CURVE ( 'NONE', #1309, #5490, #6593, .T. ) ;
#5233 = ORIENTED_EDGE ( 'NONE', *, *, #4025, .T. ) ;
#5234 = EDGE_CURVE ( 'NONE', #682, #657, #3868, .T. ) ;
#5235 = DIRECTION ( 'NONE',  ( 1.000000000000000000, 0.000000000000000000, -0.000000000000000000 ) ) ;
#5236 = DIRECTION ( 'NONE',  ( 0.000000000000000000, -0.000000000000000000, 1.000000000000000000 ) ) ;
#5237 = LINE ( 'NONE', #5205, #5152 ) ;
#5238 = DIRECTION ( 'NONE',  ( -0.000000000000000000, 1.000000000000000000, -0.000000000000000000 ) ) ;
#5239 = VECTOR ( 'NONE', #2099, 1000.000000000000000 ) ;
#5240 = EDGE_CURVE ( 'NONE', #2920, #969, #2900, .T. ) ;
#5241 = VECTOR ( 'NONE', #490, 1000.000000000000000 ) ;
#5242 = ORIENTED_EDGE ( 'NONE', *, *, #3900, .T. ) ;
#5243 = LINE ( 'NONE', #2475, #1012 ) ;
#5244 = FACE_OUTER_BOUND ( 'NONE', #4043, .T. ) ;
#5245 = EDGE_CURVE ( 'NONE', #4958, #4177, #5310, .T. ) ;
#5246 = DIRECTION ( 'NONE',  ( 7.885106708985496922E-16, 0.000000000000000000, -1.000000000000000000 ) ) ;
#5247 = ADVANCED_FACE ( 'NONE', ( #3313 ), #599, .F. ) ;
#5248 = DIRECTION ( 'NONE',  ( 0.000000000000000000, 1.000000000000000000, 0.000000000000000000 ) ) ;
#5249 = LINE ( 'NONE', #5211, #1578 ) ;
#5250 = VECTOR ( 'NONE', #3932, 1000.000000000000000 ) ;
#5251 = ORIENTED_EDGE ( 'NONE', *, *, #4719, .F. ) ;
#5252 = AXIS2_PLACEMENT_3D ( 'NONE', #5050, #6646, #2269 ) ;
#5253 = DIRECTION ( 'NONE',  ( 0.000000000000000000, -1.000000000000000000, 0.000000000000000000 ) ) ;
#5254 = LINE ( 'NONE', #2052, #137 ) ;
#5255 = ORIENTED_EDGE ( 'NONE', *, *, #5065, .F. ) ;
#5256 = ORIENTED_EDGE ( 'NONE', *, *, #731, .T. ) ;
#5257 = PLANE ( 'NONE',  #1463 ) ;
#5258 = DIRECTION ( 'NONE',  ( 0.000000000000000000, -0.000000000000000000, -1.000000000000000000 ) ) ;
#5259 = PRODUCT_CONTEXT ( 'NONE', #5645, 'mechanical' ) ;
#5260 = ORIENTED_EDGE ( 'NONE', *, *, #4888, .F. ) ;
#5261 = FACE_OUTER_BOUND ( 'NONE', #1724, .T. ) ;
#5262 = VECTOR ( 'NONE', #6965, 1000.000000000000000 ) ;
#5263 = CARTESIAN_POINT ( 'NONE',  ( 2.679999999999998384, -3.244220324641498898, -0.1926104180068289318 ) ) ;
#5264 = CARTESIAN_POINT ( 'NONE',  ( 1.150000000000000799, 16.60000000000000142, 2.899999999999999467 ) ) ;
#5265 = ADVANCED_FACE ( 'NONE', ( #6872 ), #245, .F. ) ;
#5266 = CARTESIAN_POINT ( 'NONE',  ( -0.8073895819931727891, -3.299999999999999822, 0.1926104180068278493 ) ) ;
#5267 = VERTEX_POINT ( 'NONE', #1994 ) ;
#5268 = ORIENTED_EDGE ( 'NONE', *, *, #230, .T. ) ;
#5269 = CARTESIAN_POINT ( 'NONE',  ( 5.500000000000000888, 14.09999999999999964, -1.650000000000007461 ) ) ;
#5270 = PLANE ( 'NONE',  #4505 ) ;
#5271 = DIRECTION ( 'NONE',  ( -5.782411586589354681E-16, 0.000000000000000000, -1.000000000000000000 ) ) ;
#5272 = EDGE_CURVE ( 'NONE', #413, #7001, #3000, .T. ) ;
#5273 = ORIENTED_EDGE ( 'NONE', *, *, #1247, .T. ) ;
#5274 = DIRECTION ( 'NONE',  ( 1.000000000000000000, 0.000000000000000000, 0.000000000000000000 ) ) ;
#5275 = FACE_OUTER_BOUND ( 'NONE', #4490, .T. ) ;
#5276 = ORIENTED_EDGE ( 'NONE', *, *, #3694, .T. ) ;
#5277 = CARTESIAN_POINT ( 'NONE',  ( -3.192610418006828432, 9.700000000000001066, -0.1926104180068289318 ) ) ;
#5278 = CARTESIAN_POINT ( 'NONE',  ( 2.749999999999999556, 16.60000000000000142, 2.499999999999999556 ) ) ;
#5279 = CARTESIAN_POINT ( 'NONE',  ( 0.6800000000000000488, 15.80509667991878153, -0.3199999999999995071 ) ) ;
#5280 = ADVANCED_FACE ( 'NONE', ( #4609 ), #3059, .F. ) ;
#5281 = DIRECTION ( 'NONE',  ( 5.782411586589356653E-16, -0.000000000000000000, 1.000000000000000000 ) ) ;
#5282 = ORIENTED_EDGE ( 'NONE', *, *, #1641, .F. ) ;
#5283 = LINE ( 'NONE', #2481, #1478 ) ;
#5284 = DIRECTION ( 'NONE',  ( 0.000000000000000000, 0.000000000000000000, 1.000000000000000000 ) ) ;
#5285 = ORIENTED_EDGE ( 'NONE', *, *, #3504, .T. ) ;
#5286 = VERTEX_POINT ( 'NONE', #4183 ) ;
#5287 = SURFACE_STYLE_FILL_AREA ( #294 ) ;
#5288 = CARTESIAN_POINT ( 'NONE',  ( 3.499999999999998668, 4.000000000000000000, -3.800000000000002043 ) ) ;
#5289 = EDGE_CURVE ( 'NONE', #220, #969, #2371, .T. ) ;
#5290 = VERTEX_POINT ( 'NONE', #1891 ) ;
#5291 = LINE ( 'NONE', #3894, #6617 ) ;
#5292 = ORIENTED_EDGE ( 'NONE', *, *, #635, .T. ) ;
#5293 = DIRECTION ( 'NONE',  ( 1.000000000000000000, 0.000000000000000000, 0.000000000000000000 ) ) ;
#5294 = CARTESIAN_POINT ( 'NONE',  ( 2.806904826173719503, -3.255323058278427162, -0.1926104180068289318 ) ) ;
#5295 = CIRCLE ( 'NONE', #641, 1.400000000000000355 ) ;
#5296 = DIRECTION ( 'NONE',  ( -0.000000000000000000, -1.000000000000000000, -0.000000000000000000 ) ) ;
#5297 = EDGE_LOOP ( 'NONE', ( #4645, #5995, #624, #6411 ) ) ;
#5298 = FACE_OUTER_BOUND ( 'NONE', #4288, .T. ) ;
#5299 = FACE_OUTER_BOUND ( 'NONE', #1774, .T. ) ;
#5300 = LINE ( 'NONE', #3685, #6906 ) ;
#5301 = ORIENTED_EDGE ( 'NONE', *, *, #1362, .T. ) ;
#5302 = EDGE_CURVE ( 'NONE', #1470, #6534, #3533, .T. ) ;
#5303 = PLANE ( 'NONE',  #2299 ) ;
#5304 = FACE_OUTER_BOUND ( 'NONE', #6524, .T. ) ;
#5305 = ORIENTED_EDGE ( 'NONE', *, *, #3138, .T. ) ;
#5306 = LINE ( 'NONE', #2043, #348 ) ;
#5307 = PLANE ( 'NONE',  #6042 ) ;
#5308 = CARTESIAN_POINT ( 'NONE',  ( 1.320000000000000062, 15.80509667991878153, 0.3200000000000005618 ) ) ;
#5309 = CARTESIAN_POINT ( 'NONE',  ( 1.320000000000000062, 0.000000000000000000, -0.3199999999999995071 ) ) ;
#5310 = CIRCLE ( 'NONE', #210, 0.9399999999999991696 ) ;
#5311 = VERTEX_POINT ( 'NONE', #336 ) ;
#5312 = EDGE_CURVE ( 'NONE', #5311, #4754, #852, .T. ) ;
#5313 = CARTESIAN_POINT ( 'NONE',  ( -3.149999999999999467, 0.000000000000000000, 2.600000000000000089 ) ) ;
#5314 = VECTOR ( 'NONE', #4913, 1000.000000000000000 ) ;
#5315 = CARTESIAN_POINT ( 'NONE',  ( -3.499999999999998224, 4.500000000000000888, 0.5999999999999996447 ) ) ;
#5316 = VECTOR ( 'NONE', #5730, 1000.000000000000000 ) ;
#5317 = ORIENTED_EDGE ( 'NONE', *, *, #7012, .T. ) ;
#5318 = ORIENTED_EDGE ( 'NONE', *, *, #5245, .F. ) ;
#5319 = DIRECTION ( 'NONE',  ( 1.000000000000000000, 0.000000000000000000, -0.000000000000000000 ) ) ;
#5320 = FACE_OUTER_BOUND ( 'NONE', #6312, .T. ) ;
#5321 = DIRECTION ( 'NONE',  ( 0.000000000000000000, 0.000000000000000000, 1.000000000000000000 ) ) ;
#5322 = VECTOR ( 'NONE', #5999, 1000.000000000000000 ) ;
#5323 = AXIS2_PLACEMENT_3D ( 'NONE', #4655, #4691, #6855 ) ;
#5324 = VECTOR ( 'NONE', #191, 1000.000000000000000 ) ;
#5325 = EDGE_LOOP ( 'NONE', ( #63, #1632, #1299, #1119 ) ) ;
#5326 = LINE ( 'NONE', #2660, #3200 ) ;
#5327 = ORIENTED_EDGE ( 'NONE', *, *, #4257, .F. ) ;
#5328 = LINE ( 'NONE', #6937, #4685 ) ;
#5329 = AXIS2_PLACEMENT_3D ( 'NONE', #4896, #4338, #4405 ) ;
#5330 = EDGE_CURVE ( 'NONE', #643, #2527, #4578, .T. ) ;
#5331 = PLANE ( 'NONE',  #2940 ) ;
#5332 = AXIS2_PLACEMENT_3D ( 'NONE', #3441, #1839, #5577 ) ;
#5333 = CARTESIAN_POINT ( 'NONE',  ( -3.319999999999999840, 4.000000000000003553, 0.3200000000000005618 ) ) ;
#5334 = ORIENTED_EDGE ( 'NONE', *, *, #1976, .T. ) ;
#5335 = AXIS2_PLACEMENT_3D ( 'NONE', #3271, #403, #5407 ) ;
#5336 = DIRECTION ( 'NONE',  ( 1.000000000000000000, 0.000000000000000000, 0.000000000000000000 ) ) ;
#5337 = CARTESIAN_POINT ( 'NONE',  ( 2.399999999999999023, 9.799999999999998934, -4.700000000000001066 ) ) ;
#5338 = DIRECTION ( 'NONE',  ( -0.000000000000000000, 0.000000000000000000, 1.000000000000000000 ) ) ;
#5339 = CARTESIAN_POINT ( 'NONE',  ( -3.507214092891928647, -1.132296454534169161, 0.3200000000000005618 ) ) ;
#5340 = VECTOR ( 'NONE', #5944, 1000.000000000000000 ) ;
#5341 = ORIENTED_EDGE ( 'NONE', *, *, #349, .F. ) ;
#5342 = CARTESIAN_POINT ( 'NONE',  ( -4.399999999999999467, 4.500000000000000888, -2.400000000000001243 ) ) ;
#5343 = DIRECTION ( 'NONE',  ( -1.000000000000000000, 0.000000000000000000, 7.885106708985496922E-16 ) ) ;
#5344 = VECTOR ( 'NONE', #3488, 1000.000000000000000 ) ;
#5345 = EDGE_CURVE ( 'NONE', #6028, #3283, #4055, .T. ) ;
#5346 = DIRECTION ( 'NONE',  ( -1.000000000000000000, 0.000000000000000000, 0.000000000000000000 ) ) ;
#5347 = CARTESIAN_POINT ( 'NONE',  ( 3.319999999999999840, 4.000000000000000000, 0.3200000000000004508 ) ) ;
#5348 = EDGE_CURVE ( 'NONE', #6963, #1235, #5201, .T. ) ;
#5349 = CARTESIAN_POINT ( 'NONE',  ( -3.499999999999999556, 16.60000000000000142, 2.000000000000000000 ) ) ;
#5350 = DIRECTION ( 'NONE',  ( 0.000000000000000000, 0.000000000000000000, -1.000000000000000000 ) ) ;
#5351 = EDGE_CURVE ( 'NONE', #4915, #2189, #2464, .T. ) ;
#5352 = AXIS2_PLACEMENT_3D ( 'NONE', #4819, #7063, #2188 ) ;
#5353 = ORIENTED_EDGE ( 'NONE', *, *, #230, .F. ) ;
#5354 = PLANE ( 'NONE',  #3642 ) ;
#5355 = LINE ( 'NONE', #1552, #5722 ) ;
#5356 = VERTEX_POINT ( 'NONE', #4120 ) ;
#5357 = ORIENTED_EDGE ( 'NONE', *, *, #4714, .T. ) ;
#5358 = CIRCLE ( 'NONE', #3435, 0.9000000000000000222 ) ;
#5359 = CARTESIAN_POINT ( 'NONE',  ( -2.680000000000001048, 9.349999999999997868, -0.3199999999999998956 ) ) ;
#5360 = CARTESIAN_POINT ( 'NONE',  ( 2.600000000000000533, 11.00000000000000000, -4.800000000000002487 ) ) ;
#5361 = CARTESIAN_POINT ( 'NONE',  ( -4.399999999999998579, 4.500000000000000888, 0.5999999999999995337 ) ) ;
#5362 = EDGE_CURVE ( 'NONE', #246, #682, #750, .T. ) ;
#5363 = VECTOR ( 'NONE', #3010, 1000.000000000000114 ) ;
#5364 = ORIENTED_EDGE ( 'NONE', *, *, #6642, .T. ) ;
#5365 = LINE ( 'NONE', #6542, #1956 ) ;
#5366 = EDGE_LOOP ( 'NONE', ( #3691, #4977, #2042, #6070 ) ) ;
#5367 = DIRECTION ( 'NONE',  ( -0.000000000000000000, -1.000000000000000000, -0.000000000000000000 ) ) ;
#5368 = DIRECTION ( 'NONE',  ( 1.000000000000000000, 0.000000000000000000, 0.000000000000000000 ) ) ;
#5369 = DIRECTION ( 'NONE',  ( 0.000000000000000000, 1.000000000000000000, 0.000000000000000000 ) ) ;
#5370 = EDGE_CURVE ( 'NONE', #174, #3107, #1396, .T. ) ;
#5371 = EDGE_LOOP ( 'NONE', ( #4908, #5301, #1550, #6432 ) ) ;
#5372 = VECTOR ( 'NONE', #387, 1000.000000000000000 ) ;
#5373 = ADVANCED_FACE ( 'NONE', ( #3029 ), #5632, .F. ) ;
#5374 =( LENGTH_UNIT ( ) NAMED_UNIT ( * ) SI_UNIT ( .MILLI., .METRE. ) );
#5375 = CARTESIAN_POINT ( 'NONE',  ( 3.499999999999998224, 16.60000000000000142, 0.5999999999999996447 ) ) ;
#5376 = CARTESIAN_POINT ( 'NONE',  ( -1.850000000000000977, 10.05000000000000071, -5.500000000000001776 ) ) ;
#5377 = EDGE_CURVE ( 'NONE', #3482, #413, #6840, .T. ) ;
#5378 = VERTEX_POINT ( 'NONE', #6202 ) ;
#5379 = CARTESIAN_POINT ( 'NONE',  ( 4.899999999999999467, 16.60000000000000142, -2.400000000000002132 ) ) ;
#5380 = DIRECTION ( 'NONE',  ( 1.000000000000000000, 0.000000000000000000, 0.000000000000000000 ) ) ;
#5381 = ORIENTED_EDGE ( 'NONE', *, *, #4098, .T. ) ;
#5382 = CARTESIAN_POINT ( 'NONE',  ( -0.6800000000000000488, 15.80509667991878153, 0.3200000000000005618 ) ) ;
#5383 = DIRECTION ( 'NONE',  ( 0.000000000000000000, 0.000000000000000000, 1.000000000000000000 ) ) ;
#5384 = FACE_OUTER_BOUND ( 'NONE', #1188, .T. ) ;
#5385 = CARTESIAN_POINT ( 'NONE',  ( -1.049999999999999822, 4.000000000000000000, 2.000000000000000000 ) ) ;
#5386 = EDGE_LOOP ( 'NONE', ( #4524, #5584, #3679, #5454 ) ) ;
#5387 = LINE ( 'NONE', #1655, #6824 ) ;
#5388 = CARTESIAN_POINT ( 'NONE',  ( -3.499999999999998224, 4.500000000000000888, 0.5999999999999996447 ) ) ;
#5389 = EDGE_CURVE ( 'NONE', #1432, #6853, #208, .T. ) ;
#5390 = ORIENTED_EDGE ( 'NONE', *, *, #6225, .T. ) ;
#5391 = ORIENTED_EDGE ( 'NONE', *, *, #4047, .F. ) ;
#5392 = DIRECTION ( 'NONE',  ( 1.445602896647341480E-15, 0.000000000000000000, -1.000000000000000000 ) ) ;
#5393 = AXIS2_PLACEMENT_3D ( 'NONE', #5808, #2638, #923 ) ;
#5394 = DIRECTION ( 'NONE',  ( -1.694065894508601171E-16, 0.000000000000000000, -1.000000000000000000 ) ) ;
#5395 = PLANE ( 'NONE',  #4428 ) ;
#5396 = VERTEX_POINT ( 'NONE', #1322 ) ;
#5397 = LINE ( 'NONE', #475, #1276 ) ;
#5398 = ADVANCED_FACE ( 'NONE', ( #3496 ), #784, .F. ) ;
#5399 = EDGE_LOOP ( 'NONE', ( #4369, #866, #3391, #1179, #5508, #6060, #6615, #6097 ) ) ;
#5400 = CARTESIAN_POINT ( 'NONE',  ( 2.710504509961679354, -2.895552180309382884, 0.3200000000000005618 ) ) ;
#5401 = FACE_BOUND ( 'NONE', #4261, .T. ) ;
#5402 = CARTESIAN_POINT ( 'NONE',  ( -2.680000000000000160, 16.60000000000000142, 0.3200000000000004508 ) ) ;
#5403 = EDGE_CURVE ( 'NONE', #413, #5571, #3597, .T. ) ;
#5404 = EDGE_CURVE ( 'NONE', #5714, #5636, #6939, .T. ) ;
#5405 = VERTEX_POINT ( 'NONE', #4253 ) ;
#5406 = ADVANCED_FACE ( 'NONE', ( #5401, #2628 ), #6901, .T. ) ;
#5407 = DIRECTION ( 'NONE',  ( 0.000000000000000000, -0.000000000000000000, 1.000000000000000000 ) ) ;
#5408 = PLANE ( 'NONE',  #846 ) ;
#5409 = VECTOR ( 'NONE', #6, 1000.000000000000000 ) ;
#5410 = CARTESIAN_POINT ( 'NONE',  ( 1.199999999999999734, 4.000000000000000000, -4.100000000000002309 ) ) ;
#5411 = EDGE_CURVE ( 'NONE', #5433, #2774, #3231, .T. ) ;
#5412 = EDGE_LOOP ( 'NONE', ( #3670, #247, #1869, #825 ) ) ;
#5413 = VERTEX_POINT ( 'NONE', #5294 ) ;
#5414 = PLANE ( 'NONE',  #5030 ) ;
#5415 = CARTESIAN_POINT ( 'NONE',  ( -0.8073895819931727891, -3.299999999999999822, -0.1926104180068267668 ) ) ;
#5416 = ORIENTED_EDGE ( 'NONE', *, *, #1092, .T. ) ;
#5417 = DIRECTION ( 'NONE',  ( 0.000000000000000000, 0.000000000000000000, 1.000000000000000000 ) ) ;
#5418 = CARTESIAN_POINT ( 'NONE',  ( -2.599999999999999645, 16.60000000000000142, -4.800000000000002487 ) ) ;
#5419 = ORIENTED_EDGE ( 'NONE', *, *, #1381, .F. ) ;
#5420 = DIRECTION ( 'NONE',  ( 1.000000000000000000, 0.000000000000000000, 7.228014483236698528E-16 ) ) ;
#5421 = DIRECTION ( 'NONE',  ( -0.000000000000000000, -1.000000000000000000, -0.000000000000000000 ) ) ;
#5422 = ADVANCED_FACE ( 'NONE', ( #4835 ), #5331, .F. ) ;
#5423 = VERTEX_POINT ( 'NONE', #4805 ) ;
#5424 = CARTESIAN_POINT ( 'NONE',  ( 3.199999999999998845, 9.992844495434177077, -4.802243941753813417 ) ) ;
#5425 = CARTESIAN_POINT ( 'NONE',  ( 3.338345295835161597, -0.5077278900337856005, 0.3200000000000005618 ) ) ;
#5426 = EDGE_LOOP ( 'NONE', ( #3872, #3008, #4898, #1481 ) ) ;
#5427 = ORIENTED_EDGE ( 'NONE', *, *, #7064, .T. ) ;
#5428 = UNCERTAINTY_MEASURE_WITH_UNIT (LENGTH_MEASURE( 1.000000000000000082E-05 ), #2201, 'distance_accuracy_value', 'NONE');
#5429 = DIRECTION ( 'NONE',  ( 0.000000000000000000, -0.000000000000000000, -1.000000000000000000 ) ) ;
#5430 = VECTOR ( 'NONE', #5603, 1000.000000000000000 ) ;
#5431 = CARTESIAN_POINT ( 'NONE',  ( -2.680000000000000160, 4.500000000000000888, -0.3199999999999995071 ) ) ;
#5432 = CARTESIAN_POINT ( 'NONE',  ( 1.849999999999999645, 10.05000000000000071, -5.500000000000001776 ) ) ;
#5433 = VERTEX_POINT ( 'NONE', #6977 ) ;
#5434 = CIRCLE ( 'NONE', #653, 0.2000000000000000944 ) ;
#5435 = DIRECTION ( 'NONE',  ( 0.000000000000000000, 0.000000000000000000, 1.000000000000000000 ) ) ;
#5436 = CARTESIAN_POINT ( 'NONE',  ( -2.570791076685688292, -1.050370056351370263, 0.3200000000000005618 ) ) ;
#5437 = EDGE_CURVE ( 'NONE', #2054, #3162, #1530, .T. ) ;
#5438 = LINE ( 'NONE', #83, #2946 ) ;
#5439 = COLOUR_RGB ( '',0.7921568627450980005, 0.8196078431372548767, 0.9333333333333333481 ) ;
#5441 = VECTOR ( 'NONE', #5572, 1000.000000000000000 ) ;
#5440 = CARTESIAN_POINT ( 'NONE',  ( 1.049999999999999822, 16.60000000000000142, 2.000000000000000444 ) ) ;
#5442 = EDGE_CURVE ( 'NONE', #6891, #1111, #2591, .T. ) ;
#5443 = ORIENTED_EDGE ( 'NONE', *, *, #3103, .T. ) ;
#5444 = AXIS2_PLACEMENT_3D ( 'NONE', #900, #4623, #4171 ) ;
#5445 = AXIS2_PLACEMENT_3D ( 'NONE', #4433, #2818, #3943 ) ;
#5446 = LINE ( 'NONE', #558, #1489 ) ;
#5447 = FACE_OUTER_BOUND ( 'NONE', #927, .T. ) ;
#5448 = ADVANCED_FACE ( 'NONE', ( #4214 ), #3637, .F. ) ;
#5449 = DIRECTION ( 'NONE',  ( -0.000000000000000000, -1.000000000000000000, -0.000000000000000000 ) ) ;
#5450 = EDGE_CURVE ( 'NONE', #1639, #3332, #442, .T. ) ;
#5451 = VECTOR ( 'NONE', #3289, 1000.000000000000000 ) ;
#5452 = VERTEX_POINT ( 'NONE', #4357 ) ;
#5453 = CARTESIAN_POINT ( 'NONE',  ( 2.815755189180201068, -0.8771863862500131059, 0.3200000000000005618 ) ) ;
#5454 = ORIENTED_EDGE ( 'NONE', *, *, #5766, .T. ) ;
#5455 = CARTESIAN_POINT ( 'NONE',  ( -5.499999999999998224, 14.09999999999999964, -0.1500000000000011324 ) ) ;
#5456 = ORIENTED_EDGE ( 'NONE', *, *, #6068, .T. ) ;
#5457 = DIRECTION ( 'NONE',  ( 1.000000000000000000, 0.000000000000000000, 0.000000000000000000 ) ) ;
#5458 = AXIS2_PLACEMENT_3D ( 'NONE', #2366, #640, #1259 ) ;
#5459 = CARTESIAN_POINT ( 'NONE',  ( 0.7228340595284055148, -3.067685611337861218, -0.2771659404715940411 ) ) ;
#5460 = EDGE_CURVE ( 'NONE', #3366, #1363, #4202, .T. ) ;
#5461 = CIRCLE ( 'NONE', #4679, 0.7999999999999999334 ) ;
#5462 = ORIENTED_EDGE ( 'NONE', *, *, #1893, .F. ) ;
#5463 = ADVANCED_FACE ( 'NONE', ( #2100 ), #6368, .F. ) ;
#5464 = CARTESIAN_POINT ( 'NONE',  ( -3.499999999999998224, 4.000000000000000000, -3.800000000000001599 ) ) ;
#5465 = EDGE_CURVE ( 'NONE', #410, #682, #2700, .T. ) ;
#5466 = FACE_BOUND ( 'NONE', #3600, .T. ) ;
#5467 = ORIENTED_EDGE ( 'NONE', *, *, #4047, .T. ) ;
#5468 = ORIENTED_EDGE ( 'NONE', *, *, #1054, .T. ) ;
#5469 = ADVANCED_FACE ( 'NONE', ( #3747 ), #2173, .T. ) ;
#5470 = DIRECTION ( 'NONE',  ( -0.000000000000000000, -1.000000000000000000, -0.000000000000000000 ) ) ;
#5471 = PRESENTATION_STYLE_ASSIGNMENT (( #7037 ) ) ;
#5472 = LINE ( 'NONE', #2694, #5674 ) ;
#5473 = VECTOR ( 'NONE', #6958, 1000.000000000000000 ) ;
#5474 = ORIENTED_EDGE ( 'NONE', *, *, #4956, .T. ) ;
#5475 = DIRECTION ( 'NONE',  ( -5.782411586589356653E-16, 0.000000000000000000, -1.000000000000000000 ) ) ;
#5476 = AXIS2_PLACEMENT_3D ( 'NONE', #4635, #6299, #6800 ) ;
#5477 = LINE ( 'NONE', #2168, #2526 ) ;
#5478 = CARTESIAN_POINT ( 'NONE',  ( -0.6800000000000000488, 16.60000000000000142, 0.3200000000000004508 ) ) ;
#5479 = LINE ( 'NONE', #2744, #1229 ) ;
#5480 = VECTOR ( 'NONE', #4969, 1000.000000000000000 ) ;
#5481 = LINE ( 'NONE', #5941, #1688 ) ;
#5482 = VERTEX_POINT ( 'NONE', #4316 ) ;
#5483 = ORIENTED_EDGE ( 'NONE', *, *, #2116, .F. ) ;
#5484 = VECTOR ( 'NONE', #5178, 1000.000000000000000 ) ;
#5485 = CARTESIAN_POINT ( 'NONE',  ( 2.679999999999998384, -3.244220324641498898, -0.1926104180068289318 ) ) ;
#5486 = LINE ( 'NONE', #598, #6768 ) ;
#5487 = CARTESIAN_POINT ( 'NONE',  ( 2.949999999999998845, 10.05000000000000071, -5.500000000000001776 ) ) ;
#5488 = EDGE_LOOP ( 'NONE', ( #6182, #6002, #3698, #1700, #1485, #1772, #3688, #2788, #3589, #6966, #5986, #4760 ) ) ;
#5489 = CIRCLE ( 'NONE', #356, 0.2999999999999999334 ) ;
#5490 = VERTEX_POINT ( 'NONE', #1496 ) ;
#5491 = VERTEX_POINT ( 'NONE', #5832 ) ;
#5492 = CARTESIAN_POINT ( 'NONE',  ( -3.319999999999999840, 16.60000000000000142, 0.3200000000000005618 ) ) ;
#5493 = ORIENTED_EDGE ( 'NONE', *, *, #4413, .F. ) ;
#5494 = CARTESIAN_POINT ( 'NONE',  ( -3.499999999999998224, 16.60000000000000142, 2.499999999999999556 ) ) ;
#5495 = AXIS2_PLACEMENT_3D ( 'NONE', #6893, #4144, #325 ) ;
#5496 = ADVANCED_FACE ( 'NONE', ( #1601 ), #949, .T. ) ;
#5497 = ORIENTED_EDGE ( 'NONE', *, *, #5226, .T. ) ;
#5498 = DIRECTION ( 'NONE',  ( -0.000000000000000000, -0.000000000000000000, -1.000000000000000000 ) ) ;
#5499 = LINE ( 'NONE', #6641, #5794 ) ;
#5500 = ORIENTED_EDGE ( 'NONE', *, *, #2109, .F. ) ;
#5501 = FACE_OUTER_BOUND ( 'NONE', #5546, .T. ) ;
#5502 = DIRECTION ( 'NONE',  ( -0.08715574274765859608, -0.9961946980917454342, 0.000000000000000000 ) ) ;
#5503 = EDGE_CURVE ( 'NONE', #1328, #3066, #5940, .T. ) ;
#5504 = ORIENTED_EDGE ( 'NONE', *, *, #1984, .T. ) ;
#5505 = ORIENTED_EDGE ( 'NONE', *, *, #1323, .T. ) ;
#5506 = DIRECTION ( 'NONE',  ( -0.000000000000000000, -1.000000000000000000, -0.000000000000000000 ) ) ;
#5507 = SURFACE_STYLE_USAGE ( .BOTH. , #3335 ) ;
#5508 = ORIENTED_EDGE ( 'NONE', *, *, #6246, .F. ) ;
#5509 = VERTEX_POINT ( 'NONE', #2356 ) ;
#5510 = DIRECTION ( 'NONE',  ( -1.445602896647341480E-15, 0.000000000000000000, 1.000000000000000000 ) ) ;
#5511 = ORIENTED_EDGE ( 'NONE', *, *, #4217, .F. ) ;
#5512 = VECTOR ( 'NONE', #5136, 1000.000000000000000 ) ;
#5513 = DIRECTION ( 'NONE',  ( -0.000000000000000000, -1.000000000000000000, -0.000000000000000000 ) ) ;
#5514 = EDGE_LOOP ( 'NONE', ( #33, #1732, #4619, #1421 ) ) ;
#5515 = CARTESIAN_POINT ( 'NONE',  ( 2.350000000000000533, 7.900000000000000355, 2.099999999999998757 ) ) ;
#5516 = FACE_OUTER_BOUND ( 'NONE', #4340, .T. ) ;
#5517 = DIRECTION ( 'NONE',  ( 0.000000000000000000, 0.3420201433256653267, 0.9396926207859096492 ) ) ;
#5518 = EDGE_CURVE ( 'NONE', #3384, #4884, #49, .T. ) ;
#5519 = ORIENTED_EDGE ( 'NONE', *, *, #6441, .T. ) ;
#5520 = DIRECTION ( 'NONE',  ( -0.000000000000000000, -1.000000000000000000, -0.000000000000000000 ) ) ;
#5521 = DIRECTION ( 'NONE',  ( -1.000000000000000000, 0.000000000000000000, -0.000000000000000000 ) ) ;
#5522 = ORIENTED_EDGE ( 'NONE', *, *, #3410, .T. ) ;
#5523 = DIRECTION ( 'NONE',  ( -0.000000000000000000, -1.000000000000000000, -0.000000000000000000 ) ) ;
#5524 = ORIENTED_EDGE ( 'NONE', *, *, #2142, .F. ) ;
#5525 = DIRECTION ( 'NONE',  ( 0.000000000000000000, 1.000000000000000000, 0.000000000000000000 ) ) ;
#5526 = EDGE_LOOP ( 'NONE', ( #2770, #4481, #3870, #6238 ) ) ;
#5527 = CARTESIAN_POINT ( 'NONE',  ( -1.600000000000000755, 11.00000000000000000, -4.800000000000002487 ) ) ;
#5528 = ORIENTED_EDGE ( 'NONE', *, *, #1791, .F. ) ;
#5529 = CARTESIAN_POINT ( 'NONE',  ( 3.192610418006828432, 9.700000000000001066, 0.1926104180068295701 ) ) ;
#5530 = ADVANCED_FACE ( 'NONE', ( #5516 ), #2245, .F. ) ;
#5531 = DIRECTION ( 'NONE',  ( 0.08715574274765922058, -0.9961946980917455452, 0.000000000000000000 ) ) ;
#5532 = AXIS2_PLACEMENT_3D ( 'NONE', #2401, #1890, #5702 ) ;
#5533 = EDGE_CURVE ( 'NONE', #4459, #4740, #5434, .T. ) ;
#5534 = VERTEX_POINT ( 'NONE', #2321 ) ;
#5535 = DIRECTION ( 'NONE',  ( 1.445602896647341480E-15, 0.000000000000000000, 1.000000000000000000 ) ) ;
#5536 = CARTESIAN_POINT ( 'NONE',  ( 5.500000000000000888, 15.59999999999999964, -1.650000000000007461 ) ) ;
#5537 = ORIENTED_EDGE ( 'NONE', *, *, #3906, .T. ) ;
#5538 = LINE ( 'NONE', #4488, #2122 ) ;
#5539 = DIRECTION ( 'NONE',  ( -1.000000000000000000, -0.000000000000000000, 1.239088197126291310E-16 ) ) ;
#5540 = EDGE_LOOP ( 'NONE', ( #3502, #225, #396, #233 ) ) ;
#5541 = EDGE_CURVE ( 'NONE', #5534, #4889, #1343, .T. ) ;
#5542 = ORIENTED_EDGE ( 'NONE', *, *, #2622, .F. ) ;
#5543 = CARTESIAN_POINT ( 'NONE',  ( 1.049999999999999822, 16.60000000000000142, 2.000000000000000000 ) ) ;
#5544 = VERTEX_POINT ( 'NONE', #161 ) ;
#5545 = PLANE ( 'NONE',  #2204 ) ;
#5546 = EDGE_LOOP ( 'NONE', ( #1069, #3861, #2147, #4271 ) ) ;
#5547 = ORIENTED_EDGE ( 'NONE', *, *, #1902, .F. ) ;
#5548 = LINE ( 'NONE', #1123, #4465 ) ;
#5549 = FACE_OUTER_BOUND ( 'NONE', #1806, .T. ) ;
#5550 = DIRECTION ( 'NONE',  ( -1.000000000000000000, -0.000000000000000000, 5.782411586589356653E-16 ) ) ;
#5551 = AXIS2_PLACEMENT_3D ( 'NONE', #4667, #1341, #1315 ) ;
#5552 = EDGE_CURVE ( 'NONE', #4845, #1015, #4532, .T. ) ;
#5553 = ORIENTED_EDGE ( 'NONE', *, *, #621, .F. ) ;
#5554 = EDGE_LOOP ( 'NONE', ( #3163, #3702, #737, #5045 ) ) ;
#5555 = PLANE ( 'NONE',  #3194 ) ;
#5556 = DIRECTION ( 'NONE',  ( 1.445602896647340692E-15, 0.000000000000000000, 1.000000000000000000 ) ) ;
#5557 = EDGE_CURVE ( 'NONE', #808, #4006, #1706, .T. ) ;
#5559 = LINE ( 'NONE', #678, #841 ) ;
#5558 = STYLED_ITEM ( 'NONE', ( #328 ), #6033 ) ;
#5560 = ORIENTED_EDGE ( 'NONE', *, *, #646, .F. ) ;
#5561 =( GEOMETRIC_REPRESENTATION_CONTEXT ( 3 ) GLOBAL_UNCERTAINTY_ASSIGNED_CONTEXT ( ( #5163 ) ) GLOBAL_UNIT_ASSIGNED_CONTEXT ( ( #1524, #3627, #2621 ) ) REPRESENTATION_CONTEXT ( 'NONE', 'WORKASPACE' ) );
#5562 = FACE_OUTER_BOUND ( 'NONE', #2216, .T. ) ;
#5563 = VECTOR ( 'NONE', #5618, 1000.000000000000114 ) ;
#5564 = VECTOR ( 'NONE', #898, 1000.000000000000000 ) ;
#5565 = CIRCLE ( 'NONE', #4996, 1.400000000000000799 ) ;
#5566 = VERTEX_POINT ( 'NONE', #4496 ) ;
#5567 = ORIENTED_EDGE ( 'NONE', *, *, #6715, .F. ) ;
#5568 = DIRECTION ( 'NONE',  ( 1.000000000000000000, 0.000000000000000000, -0.000000000000000000 ) ) ;
#5569 = ORIENTED_EDGE ( 'NONE', *, *, #4776, .F. ) ;
#5570 = CARTESIAN_POINT ( 'NONE',  ( -1.049999999999999822, 16.60000000000000142, 2.000000000000000000 ) ) ;
#5571 = VERTEX_POINT ( 'NONE', #1125 ) ;
#5572 = DIRECTION ( 'NONE',  ( 0.000000000000000000, 0.000000000000000000, -1.000000000000000000 ) ) ;
#5573 = VECTOR ( 'NONE', #5296, 1000.000000000000000 ) ;
#5574 = PLANE ( 'NONE',  #895 ) ;
#5575 = CIRCLE ( 'NONE', #4445, 0.3249999999999989009 ) ;
#5576 = ORIENTED_EDGE ( 'NONE', *, *, #5240, .T. ) ;
#5577 = DIRECTION ( 'NONE',  ( 0.000000000000000000, 0.000000000000000000, 1.000000000000000000 ) ) ;
#5578 = AXIS2_PLACEMENT_3D ( 'NONE', #4479, #214, #1325 ) ;
#5579 = CARTESIAN_POINT ( 'NONE',  ( 3.319999999999999840, 4.500000000000003553, 0.3200000000000004508 ) ) ;
#5580 = VERTEX_POINT ( 'NONE', #1637 ) ;
#5581 = LINE ( 'NONE', #1193, #331 ) ;
#5582 = PRODUCT_RELATED_PRODUCT_CATEGORY ( 'part', '', ( #2820 ) ) ;
#5583 = CARTESIAN_POINT ( 'NONE',  ( -2.796809106232727604, -3.217645318519657405, -0.2059515520791930232 ) ) ;
#5584 = ORIENTED_EDGE ( 'NONE', *, *, #2195, .F. ) ;
#5585 = EDGE_LOOP ( 'NONE', ( #6540, #2020, #752, #4126 ) ) ;
#5586 = AXIS2_PLACEMENT_3D ( 'NONE', #5972, #1086, #3675 ) ;
#5587 = ORIENTED_EDGE ( 'NONE', *, *, #880, .T. ) ;
#5588 = CARTESIAN_POINT ( 'NONE',  ( -3.338345295835161597, -0.5077278900337856005, 0.3200000000000005618 ) ) ;
#5589 = DIRECTION ( 'NONE',  ( -1.000000000000000000, 0.000000000000000000, -0.000000000000000000 ) ) ;
#5590 = ORIENTED_EDGE ( 'NONE', *, *, #3879, .T. ) ;
#5591 = DIRECTION ( 'NONE',  ( -0.000000000000000000, 1.000000000000000000, -0.000000000000000000 ) ) ;
#5592 = VECTOR ( 'NONE', #1668, 1000.000000000000000 ) ;
#5593 = EDGE_CURVE ( 'NONE', #1363, #5433, #6660, .T. ) ;
#5594 = DIRECTION ( 'NONE',  ( 1.000000000000000000, -0.000000000000000000, 0.000000000000000000 ) ) ;
#5595 = DIRECTION ( 'NONE',  ( 0.9961946980917455452, -0.08715574274765794383, 0.000000000000000000 ) ) ;
#5596 = CIRCLE ( 'NONE', #6952, 0.9000000000000002442 ) ;
#5597 = VERTEX_POINT ( 'NONE', #2286 ) ;
#5598 = ORIENTED_EDGE ( 'NONE', *, *, #95, .T. ) ;
#5599 = DIRECTION ( 'NONE',  ( -1.000000000000000000, 0.000000000000000000, 1.694065894508601171E-16 ) ) ;
#5600 = CARTESIAN_POINT ( 'NONE',  ( -1.149999999999999467, 16.60000000000000142, 2.599999999999999645 ) ) ;
#5601 = PLANE ( 'NONE',  #2096 ) ;
#5602 = EDGE_CURVE ( 'NONE', #500, #1156, #5438, .T. ) ;
#5603 = DIRECTION ( 'NONE',  ( -1.000000000000000000, -0.000000000000000000, 1.694065894508600925E-16 ) ) ;
#5604 = VECTOR ( 'NONE', #6618, 1000.000000000000000 ) ;
#5605 = EDGE_CURVE ( 'NONE', #6437, #5791, #628, .T. ) ;
#5606 = CIRCLE ( 'NONE', #5252, 1.400000000000000799 ) ;
#5607 = ORIENTED_EDGE ( 'NONE', *, *, #2934, .F. ) ;
#5608 = DIRECTION ( 'NONE',  ( -1.000000000000000000, 0.000000000000000000, 0.000000000000000000 ) ) ;
#5609 = ORIENTED_EDGE ( 'NONE', *, *, #1292, .T. ) ;
#5610 = ORIENTED_EDGE ( 'NONE', *, *, #176, .T. ) ;
#5611 = CARTESIAN_POINT ( 'NONE',  ( 2.570791076685688292, -1.050370056351370263, 0.3200000000000005618 ) ) ;
#5612 = ADVANCED_FACE ( 'NONE', ( #2811 ), #1167, .T. ) ;
#5613 = VERTEX_POINT ( 'NONE', #666 ) ;
#5614 = DIRECTION ( 'NONE',  ( -0.000000000000000000, 0.000000000000000000, 1.000000000000000000 ) ) ;
#5615 = DIRECTION ( 'NONE',  ( 0.000000000000000000, 0.000000000000000000, 1.000000000000000000 ) ) ;
#5616 = ORIENTED_EDGE ( 'NONE', *, *, #4140, .T. ) ;
#5617 = DIRECTION ( 'NONE',  ( 0.000000000000000000, 0.000000000000000000, -1.000000000000000000 ) ) ;
#5618 = DIRECTION ( 'NONE',  ( -0.2448916424500621192, -0.9139480519726366214, 0.3236155771181816743 ) ) ;
#5619 = ORIENTED_EDGE ( 'NONE', *, *, #6326, .T. ) ;
#5620 = DIRECTION ( 'NONE',  ( -1.000000000000000000, 0.000000000000000000, 0.000000000000000000 ) ) ;
#5621 = DIRECTION ( 'NONE',  ( -1.281815376337542148E-16, -1.000000000000000000, 0.000000000000000000 ) ) ;
#5622 = ORIENTED_EDGE ( 'NONE', *, *, #5404, .F. ) ;
#5623 = ORIENTED_EDGE ( 'NONE', *, *, #6831, .T. ) ;
#5624 = CARTESIAN_POINT ( 'NONE',  ( -2.680000000000000160, 4.000000000000000000, 0.3200000000000004508 ) ) ;
#5625 = DIRECTION ( 'NONE',  ( -0.000000000000000000, 1.000000000000000000, -0.000000000000000000 ) ) ;
#5626 = DIRECTION ( 'NONE',  ( 5.782411586589356653E-16, -0.000000000000000000, 1.000000000000000000 ) ) ;
#5627 = VERTEX_POINT ( 'NONE', #592 ) ;
#5628 = EDGE_CURVE ( 'NONE', #2353, #3184, #5479, .T. ) ;
#5629 = CYLINDRICAL_SURFACE ( 'NONE', #4026, 0.2000000000000000944 ) ;
#5630 = CARTESIAN_POINT ( 'NONE',  ( 1.599999999999999645, 14.00000000000000000, -4.800000000000002487 ) ) ;
#5631 = DIRECTION ( 'NONE',  ( 0.000000000000000000, -0.000000000000000000, -1.000000000000000000 ) ) ;
#5632 = PLANE ( 'NONE',  #2962 ) ;
#5633 = ADVANCED_FACE ( 'NONE', ( #5549 ), #4462, .T. ) ;
#5634 = VERTEX_POINT ( 'NONE', #3858 ) ;
#5635 = CARTESIAN_POINT ( 'NONE',  ( -1.600000000000000977, 10.05000000000000071, -5.500000000000001776 ) ) ;
#5636 = VERTEX_POINT ( 'NONE', #3344 ) ;
#5637 = DIRECTION ( 'NONE',  ( 0.000000000000000000, 1.000000000000000000, 0.000000000000000000 ) ) ;
#5638 = VERTEX_POINT ( 'NONE', #4982 ) ;
#5639 = DIRECTION ( 'NONE',  ( 0.000000000000000000, 0.000000000000000000, -1.000000000000000000 ) ) ;
#5640 = PLANE ( 'NONE',  #3165 ) ;
#5641 = EDGE_LOOP ( 'NONE', ( #2983, #6903, #6851, #6391 ) ) ;
#5642 = CARTESIAN_POINT ( 'NONE',  ( 1.320000000000000062, 9.349999999999997868, 0.3200000000000005618 ) ) ;
#5643 = CARTESIAN_POINT ( 'NONE',  ( 1.250000000000000888, 16.60000000000000142, 2.200000000000000178 ) ) ;
#5644 = ORIENTED_EDGE ( 'NONE', *, *, #2832, .F. ) ;
#5645 = APPLICATION_CONTEXT ( 'automotive_design' ) ;
#5646 = LINE ( 'NONE', #4972, #4641 ) ;
#5647 = AXIS2_PLACEMENT_3D ( 'NONE', #6802, #6742, #2363 ) ;
#5648 = ORIENTED_EDGE ( 'NONE', *, *, #6466, .T. ) ;
#5649 = CARTESIAN_POINT ( 'NONE',  ( 4.399999999999998579, 4.500000000000000888, 0.5999999999999986455 ) ) ;
#5650 = ORIENTED_EDGE ( 'NONE', *, *, #449, .F. ) ;
#5651 = LINE ( 'NONE', #3341, #122 ) ;
#5652 = ORIENTED_EDGE ( 'NONE', *, *, #1718, .F. ) ;
#5653 = VERTEX_POINT ( 'NONE', #6010 ) ;
#5654 = CARTESIAN_POINT ( 'NONE',  ( -1.250000000000000222, 16.60000000000000142, 2.200000000000000178 ) ) ;
#5655 = LINE ( 'NONE', #744, #532 ) ;
#5656 = LINE ( 'NONE', #4011, #5316 ) ;
#5657 = ORIENTED_EDGE ( 'NONE', *, *, #2752, .T. ) ;
#5658 = CARTESIAN_POINT ( 'NONE',  ( -0.6800000000000000488, 4.000000000000003553, -0.3199999999999995071 ) ) ;
#5659 = EDGE_CURVE ( 'NONE', #4728, #4807, #711, .T. ) ;
#5660 = LINE ( 'NONE', #4637, #4574 ) ;
#5661 = DIRECTION ( 'NONE',  ( -1.000000000000000000, -0.000000000000000000, 1.694065894508600925E-16 ) ) ;
#5662 = DIRECTION ( 'NONE',  ( 0.000000000000000000, 0.000000000000000000, -1.000000000000000000 ) ) ;
#5663 = AXIS2_PLACEMENT_3D ( 'NONE', #3430, #636, #3907 ) ;
#5664 = EDGE_CURVE ( 'NONE', #97, #3482, #3306, .T. ) ;
#5665 = FACE_OUTER_BOUND ( 'NONE', #6358, .T. ) ;
#5666 = VECTOR ( 'NONE', #2619, 1000.000000000000000 ) ;
#5667 = CARTESIAN_POINT ( 'NONE',  ( -3.499999999999998224, 16.60000000000000142, -3.800000000000001155 ) ) ;
#5668 = ADVANCED_FACE ( 'NONE', ( #5027 ), #6118, .T. ) ;
#5669 = EDGE_LOOP ( 'NONE', ( #723, #1285, #1784, #1076 ) ) ;
#5670 = DIRECTION ( 'NONE',  ( -0.000000000000000000, -1.000000000000000000, -0.000000000000000000 ) ) ;
#5671 = EDGE_LOOP ( 'NONE', ( #2471, #4654, #715, #6720 ) ) ;
#5672 = LINE ( 'NONE', #6308, #1809 ) ;
#5673 = EDGE_CURVE ( 'NONE', #4844, #6586, #6452, .T. ) ;
#5674 = VECTOR ( 'NONE', #4031, 1000.000000000000000 ) ;
#5675 = VECTOR ( 'NONE', #3606, 1000.000000000000000 ) ;
#5676 = VECTOR ( 'NONE', #6044, 1000.000000000000000 ) ;
#5677 = ORIENTED_EDGE ( 'NONE', *, *, #5503, .T. ) ;
#5678 = CARTESIAN_POINT ( 'NONE',  ( -3.419999999999998597, -0.4500000000000000111, 0.3200000000000005618 ) ) ;
#5679 = ADVANCED_FACE ( 'NONE', ( #198 ), #267, .T. ) ;
#5680 = CIRCLE ( 'NONE', #209, 0.7399999999999984368 ) ;
#5681 = CARTESIAN_POINT ( 'NONE',  ( 4.899999999999997691, 4.000000000000000000, 0.5999999999999995337 ) ) ;
#5682 = ORIENTED_EDGE ( 'NONE', *, *, #3381, .T. ) ;
#5683 = FACE_OUTER_BOUND ( 'NONE', #3477, .T. ) ;
#5684 = VECTOR ( 'NONE', #6455, 1000.000000000000227 ) ;
#5685 = EDGE_CURVE ( 'NONE', #2256, #6052, #5655, .T. ) ;
#5686 = CARTESIAN_POINT ( 'NONE',  ( 3.319999999999999840, 4.000000000000000000, 0.3200000000000004508 ) ) ;
#5687 = EDGE_CURVE ( 'NONE', #3115, #192, #1387, .T. ) ;
#5688 = CIRCLE ( 'NONE', #5458, 1.400000000000000355 ) ;
#5689 = ORIENTED_EDGE ( 'NONE', *, *, #4683, .F. ) ;
#5690 = ADVANCED_FACE ( 'NONE', ( #4570 ), #5695, .F. ) ;
#5691 = LINE ( 'NONE', #806, #5121 ) ;
#5692 = FACE_OUTER_BOUND ( 'NONE', #3558, .T. ) ;
#5693 = ORIENTED_EDGE ( 'NONE', *, *, #2703, .F. ) ;
#5694 = ORIENTED_EDGE ( 'NONE', *, *, #374, .F. ) ;
#5695 = PLANE ( 'NONE',  #7024 ) ;
#5696 = VECTOR ( 'NONE', #2678, 1000.000000000000000 ) ;
#5697 = FACE_OUTER_BOUND ( 'NONE', #6079, .T. ) ;
#5698 = ORIENTED_EDGE ( 'NONE', *, *, #16, .T. ) ;
#5699 =( GEOMETRIC_REPRESENTATION_CONTEXT ( 3 ) GLOBAL_UNCERTAINTY_ASSIGNED_CONTEXT ( ( #1445 ) ) GLOBAL_UNIT_ASSIGNED_CONTEXT ( ( #5374, #482, #2178 ) ) REPRESENTATION_CONTEXT ( 'NONE', 'WORKASPACE' ) );
#5700 = DIRECTION ( 'NONE',  ( -1.000000000000000000, 0.000000000000000000, 1.694065894508601171E-16 ) ) ;
#5701 = DIRECTION ( 'NONE',  ( 5.782411586589356653E-16, -0.000000000000000000, 1.000000000000000000 ) ) ;
#5702 = DIRECTION ( 'NONE',  ( 0.000000000000000000, 0.000000000000000000, -1.000000000000000000 ) ) ;
#5703 = CARTESIAN_POINT ( 'NONE',  ( -1.047142365151673360, 16.60000000000000142, -3.800000000000001599 ) ) ;
#5704 = CARTESIAN_POINT ( 'NONE',  ( -1.600000000000000977, 10.05000000000000071, -5.500000000000001776 ) ) ;
#5705 = AXIS2_PLACEMENT_3D ( 'NONE', #1016, #6976, #7005 ) ;
#5706 = ORIENTED_EDGE ( 'NONE', *, *, #4678, .F. ) ;
#5707 = VERTEX_POINT ( 'NONE', #5097 ) ;
#5708 = DIRECTION ( 'NONE',  ( -0.9063077870366517130, 0.4226182617406959441, 0.000000000000000000 ) ) ;
#5709 = AXIS2_PLACEMENT_3D ( 'NONE', #6431, #11, #5435 ) ;
#5710 = EDGE_LOOP ( 'NONE', ( #3991, #4247, #3732, #2183 ) ) ;
#5711 = VERTEX_POINT ( 'NONE', #2993 ) ;
#5712 = CARTESIAN_POINT ( 'NONE',  ( -1.049999999999999822, 16.60000000000000142, 2.200000000000000178 ) ) ;
#5713 = AXIS2_PLACEMENT_3D ( 'NONE', #142, #6098, #6065 ) ;
#5714 = VERTEX_POINT ( 'NONE', #3591 ) ;
#5715 = ADVANCED_FACE ( 'NONE', ( #774 ), #3561, .F. ) ;
#5716 = PLANE ( 'NONE',  #3412 ) ;
#5717 = LINE ( 'NONE', #4717, #6746 ) ;
#5718 = ORIENTED_EDGE ( 'NONE', *, *, #5442, .T. ) ;
#5719 = CARTESIAN_POINT ( 'NONE',  ( 0.6800000000000000488, 9.349999999999997868, -0.3199999999999995071 ) ) ;
#5720 = DIRECTION ( 'NONE',  ( -1.239088197126291310E-16, 0.000000000000000000, -1.000000000000000000 ) ) ;
#5721 = ADVANCED_FACE ( 'NONE', ( #2427, #2391 ), #4148, .F. ) ;
#5722 = VECTOR ( 'NONE', #2689, 1000.000000000000000 ) ;
#5723 = ORIENTED_EDGE ( 'NONE', *, *, #6645, .T. ) ;
#5724 = EDGE_CURVE ( 'NONE', #6147, #315, #5193, .T. ) ;
#5725 = LINE ( 'NONE', #3965, #4436 ) ;
#5726 = LINE ( 'NONE', #2553, #6059 ) ;
#5727 = ORIENTED_EDGE ( 'NONE', *, *, #6782, .T. ) ;
#5728 = DIRECTION ( 'NONE',  ( 0.000000000000000000, 0.000000000000000000, 1.000000000000000000 ) ) ;
#5729 = FACE_OUTER_BOUND ( 'NONE', #3648, .T. ) ;
#5730 = DIRECTION ( 'NONE',  ( -1.000000000000000000, 0.000000000000000000, 1.694065894508601171E-16 ) ) ;
#5731 = ORIENTED_EDGE ( 'NONE', *, *, #2376, .T. ) ;
#5732 = DIRECTION ( 'NONE',  ( 1.000000000000000000, 0.000000000000000000, 0.000000000000000000 ) ) ;
#5733 = DIRECTION ( 'NONE',  ( 0.08715574274765794383, 0.9961946980917455452, 0.000000000000000000 ) ) ;
#5734 = CARTESIAN_POINT ( 'NONE',  ( -0.6800000000000000488, 16.60000000000000142, -0.3199999999999995071 ) ) ;
#5735 = EDGE_CURVE ( 'NONE', #1328, #6845, #6796, .T. ) ;
#5736 = DIRECTION ( 'NONE',  ( -1.000000000000000000, 0.000000000000000000, 0.000000000000000000 ) ) ;
#5737 = CARTESIAN_POINT ( 'NONE',  ( -1.249999999999999778, 16.60000000000000142, 2.499999999999999556 ) ) ;
#5738 = DIRECTION ( 'NONE',  ( 1.000000000000000000, -0.000000000000000000, -9.293161478447185441E-17 ) ) ;
#5739 = DIRECTION ( 'NONE',  ( -0.000000000000000000, -0.000000000000000000, -1.000000000000000000 ) ) ;
#5740 = CIRCLE ( 'NONE', #6082, 1.400000000000000355 ) ;
#5741 = LINE ( 'NONE', #4711, #4277 ) ;
#5742 = CARTESIAN_POINT ( 'NONE',  ( 0.8500000000000005329, 0.000000000000000000, 2.599999999999999645 ) ) ;
#5743 = EDGE_LOOP ( 'NONE', ( #6197, #3593, #24, #6596 ) ) ;
#5744 = DIRECTION ( 'NONE',  ( 0.000000000000000000, -0.000000000000000000, 1.000000000000000000 ) ) ;
#5745 = DIRECTION ( 'NONE',  ( 1.000000000000000000, 0.000000000000000000, 0.000000000000000000 ) ) ;
#5746 = EDGE_LOOP ( 'NONE', ( #5008, #1764, #5505, #17 ) ) ;
#5747 = FACE_OUTER_BOUND ( 'NONE', #3098, .T. ) ;
#5748 = LINE ( 'NONE', #5782, #3876 ) ;
#5749 = ADVANCED_FACE ( 'NONE', ( #1816 ), #1883, .T. ) ;
#5750 = ORIENTED_EDGE ( 'NONE', *, *, #1092, .F. ) ;
#5751 = CARTESIAN_POINT ( 'NONE',  ( 1.047142365151673360, 16.60000000000000142, -3.800000000000001599 ) ) ;
#5752 = DIRECTION ( 'NONE',  ( -1.000000000000000000, 0.000000000000000000, 1.445602896647340889E-15 ) ) ;
#5753 = EDGE_LOOP ( 'NONE', ( #3663, #262, #5456, #3322 ) ) ;
#5754 = EDGE_CURVE ( 'NONE', #5218, #1934, #2025, .T. ) ;
#5755 = CARTESIAN_POINT ( 'NONE',  ( 3.507214092891928647, -1.132296454534169161, 0.3200000000000005618 ) ) ;
#5756 = DIRECTION ( 'NONE',  ( -0.000000000000000000, 1.000000000000000000, -0.000000000000000000 ) ) ;
#5757 = PRESENTATION_STYLE_ASSIGNMENT (( #2586 ) ) ;
#5758 = ADVANCED_FACE ( 'NONE', ( #5729 ), #3489, .F. ) ;
#5759 = ORIENTED_EDGE ( 'NONE', *, *, #1588, .T. ) ;
#5760 = DIRECTION ( 'NONE',  ( 1.694065894508601171E-16, -0.000000000000000000, 1.000000000000000000 ) ) ;
#5761 = DIRECTION ( 'NONE',  ( -0.000000000000000000, -1.000000000000000000, -0.000000000000000000 ) ) ;
#5762 = CARTESIAN_POINT ( 'NONE',  ( -2.570791076685688292, -1.050370056351370263, 0.3200000000000005618 ) ) ;
#5763 = FACE_OUTER_BOUND ( 'NONE', #1444, .T. ) ;
#5764 = EDGE_CURVE ( 'NONE', #6662, #6404, #3022, .T. ) ;
#5765 = ORIENTED_EDGE ( 'NONE', *, *, #2934, .T. ) ;
#5766 = EDGE_CURVE ( 'NONE', #2558, #3187, #6297, .T. ) ;
#5767 = VERTEX_POINT ( 'NONE', #329 ) ;
#5768 = CARTESIAN_POINT ( 'NONE',  ( -2.749999999999999556, 4.000000000000000000, 2.200000000000000178 ) ) ;
#5769 = EDGE_CURVE ( 'NONE', #969, #2130, #2525, .T. ) ;
#5771 = CARTESIAN_POINT ( 'NONE',  ( -2.679999999999998384, -3.244220324641498898, -0.1926104180068289318 ) ) ;
#5770 = VECTOR ( 'NONE', #5449, 1000.000000000000000 ) ;
#5772 = LINE ( 'NONE', #6752, #4995 ) ;
#5773 = VECTOR ( 'NONE', #127, 1000.000000000000000 ) ;
#5774 = VECTOR ( 'NONE', #1746, 1000.000000000000000 ) ;
#5775 = EDGE_LOOP ( 'NONE', ( #6913, #2765, #2442, #6324 ) ) ;
#5776 = CARTESIAN_POINT ( 'NONE',  ( 1.320000000000000062, 4.000000000000003553, 0.3200000000000004508 ) ) ;
#5777 = DIRECTION ( 'NONE',  ( -0.3236155771181827845, 0.8891264907159898145, 0.3236155771181827845 ) ) ;
#5778 = CARTESIAN_POINT ( 'NONE',  ( -2.599999999999999645, 16.60000000000000142, -3.300000000000002043 ) ) ;
#5779 = DIRECTION ( 'NONE',  ( 0.000000000000000000, 0.000000000000000000, -1.000000000000000000 ) ) ;
#5780 = MECHANICAL_DESIGN_GEOMETRIC_PRESENTATION_REPRESENTATION (  '', ( #3988 ), #890 ) ;
#5781 = CIRCLE ( 'NONE', #537, 0.9399999999999991696 ) ;
#5782 = CARTESIAN_POINT ( 'NONE',  ( 5.500000000000001776, 14.09999999999999964, -0.1500000000000074885 ) ) ;
#5783 = VERTEX_POINT ( 'NONE', #2058 ) ;
#5784 = VECTOR ( 'NONE', #6919, 1000.000000000000000 ) ;
#5785 = VECTOR ( 'NONE', #1643, 1000.000000000000000 ) ;
#5786 = LINE ( 'NONE', #1982, #6024 ) ;
#5787 = VECTOR ( 'NONE', #6372, 1000.000000000000000 ) ;
#5788 = CARTESIAN_POINT ( 'NONE',  ( -3.319999999999999840, 16.60000000000000142, -0.3199999999999993960 ) ) ;
#5789 = ADVANCED_FACE ( 'NONE', ( #6866 ), #3666, .F. ) ;
#5790 = ORIENTED_EDGE ( 'NONE', *, *, #3789, .T. ) ;
#5791 = VERTEX_POINT ( 'NONE', #6897 ) ;
#5792 = FACE_OUTER_BOUND ( 'NONE', #2484, .T. ) ;
#5793 = CARTESIAN_POINT ( 'NONE',  ( -3.499999999999998224, 16.60000000000000142, -3.800000000000001599 ) ) ;
#5794 = VECTOR ( 'NONE', #1356, 1000.000000000000000 ) ;
#5795 = VECTOR ( 'NONE', #2552, 1000.000000000000114 ) ;
#5796 = ORIENTED_EDGE ( 'NONE', *, *, #4858, .F. ) ;
#5797 = LINE ( 'NONE', #5858, #338 ) ;
#5798 = ADVANCED_FACE ( 'NONE', ( #3706 ), #908, .T. ) ;
#5799 = DIRECTION ( 'NONE',  ( 0.000000000000000000, 0.000000000000000000, 1.000000000000000000 ) ) ;
#5800 = VECTOR ( 'NONE', #1831, 1000.000000000000000 ) ;
#5801 = DIRECTION ( 'NONE',  ( -1.000000000000000000, 0.000000000000000000, -5.782411586589354681E-16 ) ) ;
#5802 = CARTESIAN_POINT ( 'NONE',  ( -5.499999999999999112, 15.59999999999999964, -1.650000000000001021 ) ) ;
#5803 = VECTOR ( 'NONE', #676, 1000.000000000000000 ) ;
#5804 = VERTEX_POINT ( 'NONE', #1447 ) ;
#5805 = FACE_OUTER_BOUND ( 'NONE', #2039, .T. ) ;
#5806 = ADVANCED_FACE ( 'NONE', ( #1593 ), #5827, .F. ) ;
#5807 = CARTESIAN_POINT ( 'NONE',  ( -3.199999999999999734, 16.60000000000000142, -4.400000000000001243 ) ) ;
#5808 = CARTESIAN_POINT ( 'NONE',  ( 3.419999999999998597, -0.4500000000000000111, -0.3199999999999998956 ) ) ;
#5809 = LINE ( 'NONE', #6243, #5675 ) ;
#5810 = VECTOR ( 'NONE', #3746, 1000.000000000000000 ) ;
#5811 = VECTOR ( 'NONE', #3461, 1000.000000000000000 ) ;
#5812 = ORIENTED_EDGE ( 'NONE', *, *, #5958, .F. ) ;
#5813 = CARTESIAN_POINT ( 'NONE',  ( -1.199999999999999734, 16.60000000000000142, -4.100000000000002309 ) ) ;
#5814 = DIRECTION ( 'NONE',  ( 0.000000000000000000, 0.000000000000000000, 1.000000000000000000 ) ) ;
#5815 = VERTEX_POINT ( 'NONE', #3149 ) ;
#5816 = CARTESIAN_POINT ( 'NONE',  ( -3.200000000000000622, 10.05000000000000071, -4.700000000000001066 ) ) ;
#5817 = DIRECTION ( 'NONE',  ( 5.782411586589354681E-16, 0.000000000000000000, -1.000000000000000000 ) ) ;
#5818 = LINE ( 'NONE', #6823, #3869 ) ;
#5819 = DIRECTION ( 'NONE',  ( 0.000000000000000000, -1.000000000000000000, -0.000000000000000000 ) ) ;
#5820 = EDGE_CURVE ( 'NONE', #5452, #3342, #3626, .T. ) ;
#5821 = VERTEX_POINT ( 'NONE', #6931 ) ;
#5822 = VECTOR ( 'NONE', #1031, 1000.000000000000000 ) ;
#5823 = LINE ( 'NONE', #6421, #2844 ) ;
#5824 = PLANE ( 'NONE',  #3457 ) ;
#5825 = ORIENTED_EDGE ( 'NONE', *, *, #701, .T. ) ;
#5826 = ORIENTED_EDGE ( 'NONE', *, *, #1410, .F. ) ;
#5827 = CYLINDRICAL_SURFACE ( 'NONE', #302, 0.3000000000000007661 ) ;
#5828 = ORIENTED_EDGE ( 'NONE', *, *, #681, .T. ) ;
#5829 = CARTESIAN_POINT ( 'NONE',  ( 0.6799999999999996048, 4.500000000000000888, 0.5999999999999996447 ) ) ;
#5830 = EDGE_LOOP ( 'NONE', ( #3242, #1110, #5542, #6807 ) ) ;
#5831 = CARTESIAN_POINT ( 'NONE',  ( -1.600000000000000977, 9.799999999999998934, -5.500000000000001776 ) ) ;
#5832 = CARTESIAN_POINT ( 'NONE',  ( 4.899999999999997691, 4.000000000000000000, 0.5999999999999995337 ) ) ;
#5833 = DIRECTION ( 'NONE',  ( 0.000000000000000000, 0.000000000000000000, 1.000000000000000000 ) ) ;
#5834 = ADVANCED_FACE ( 'NONE', ( #5856 ), #362, .T. ) ;
#5835 = EDGE_LOOP ( 'NONE', ( #4072, #3209, #2659, #5179 ) ) ;
#5836 = LINE ( 'NONE', #6980, #6706 ) ;
#5837 = PLANE ( 'NONE',  #1257 ) ;
#5838 = CARTESIAN_POINT ( 'NONE',  ( -5.499999999999998224, 0.000000000000000000, 0.5999999999999998668 ) ) ;
#5839 = CARTESIAN_POINT ( 'NONE',  ( 1.319999999999999618, 4.500000000000000888, 0.5999999999999996447 ) ) ;
#5840 = EDGE_CURVE ( 'NONE', #2220, #2306, #1044, .T. ) ;
#5841 = VERTEX_POINT ( 'NONE', #2093 ) ;
#5842 = DIRECTION ( 'NONE',  ( 1.000000000000000000, 0.000000000000000000, -1.694065894508601171E-16 ) ) ;
#5843 = DIRECTION ( 'NONE',  ( 1.000000000000000000, 0.000000000000000000, -9.293161478447185441E-17 ) ) ;
#5844 = ORIENTED_EDGE ( 'NONE', *, *, #2487, .T. ) ;
#5845 = LINE ( 'NONE', #5952, #2636 ) ;
#5846 = CARTESIAN_POINT ( 'NONE',  ( 1.250000000000003331, 16.60000000000000142, 0.6000000000000064171 ) ) ;
#5847 = DIRECTION ( 'NONE',  ( 0.000000000000000000, 0.000000000000000000, -1.000000000000000000 ) ) ;
#5848 = LINE ( 'NONE', #1222, #6250 ) ;
#5849 = VERTEX_POINT ( 'NONE', #6428 ) ;
#5850 = CARTESIAN_POINT ( 'NONE',  ( -5.049999999999999822, -1.199999999999999956, -1.500000000000000000 ) ) ;
#5851 = FACE_OUTER_BOUND ( 'NONE', #6179, .T. ) ;
#5852 = ORIENTED_EDGE ( 'NONE', *, *, #2548, .T. ) ;
#5853 = ORIENTED_EDGE ( 'NONE', *, *, #4287, .F. ) ;
#5854 = LINE ( 'NONE', #1321, #3347 ) ;
#5855 = CARTESIAN_POINT ( 'NONE',  ( 0.6800000000000000488, 16.60000000000000142, 0.3200000000000005618 ) ) ;
#5856 = FACE_OUTER_BOUND ( 'NONE', #5085, .T. ) ;
#5857 = VERTEX_POINT ( 'NONE', #5288 ) ;
#5858 = CARTESIAN_POINT ( 'NONE',  ( -1.649999999999999023, 16.60000000000000142, 1.499999999999999556 ) ) ;
#5859 = ORIENTED_EDGE ( 'NONE', *, *, #138, .F. ) ;
#5860 = CARTESIAN_POINT ( 'NONE',  ( -3.319999999999999840, 4.000000000000003553, -0.3199999999999993960 ) ) ;
#5861 = DIRECTION ( 'NONE',  ( -0.000000000000000000, -1.000000000000000000, -0.000000000000000000 ) ) ;
#5862 = CARTESIAN_POINT ( 'NONE',  ( 3.319999999999999396, 9.700000000000001066, 0.1926104180068295701 ) ) ;
#5863 = ORIENTED_EDGE ( 'NONE', *, *, #4469, .F. ) ;
#5864 = ORIENTED_EDGE ( 'NONE', *, *, #1711, .T. ) ;
#5865 = ADVANCED_FACE ( 'NONE', ( #4179 ), #5395, .T. ) ;
#5866 = EDGE_CURVE ( 'NONE', #2975, #7050, #2585, .T. ) ;
#5867 = LINE ( 'NONE', #1739, #1469 ) ;
#5868 = SURFACE_SIDE_STYLE ('',( #3717 ) ) ;
#5869 = DIRECTION ( 'NONE',  ( -0.9396926207859096492, 0.3420201433256653267, -0.000000000000000000 ) ) ;
#5870 = EDGE_CURVE ( 'NONE', #4892, #3371, #3160, .T. ) ;
#5871 = CARTESIAN_POINT ( 'NONE',  ( 1.049999999999999822, 16.60000000000000142, 2.200000000000000178 ) ) ;
#5872 = ADVANCED_FACE ( 'NONE', ( #3224 ), #3118, .F. ) ;
#5873 = ORIENTED_EDGE ( 'NONE', *, *, #701, .F. ) ;
#5874 = PLANE ( 'NONE',  #1609 ) ;
#5875 = LINE ( 'NONE', #2112, #2612 ) ;
#5876 = ORIENTED_EDGE ( 'NONE', *, *, #778, .T. ) ;
#5877 = DIRECTION ( 'NONE',  ( 1.000000000000000000, 0.000000000000000000, -1.694065894508601171E-16 ) ) ;
#5878 = FACE_OUTER_BOUND ( 'NONE', #2359, .T. ) ;
#5879 = EDGE_CURVE ( 'NONE', #2080, #4498, #2018, .T. ) ;
#5880 = CARTESIAN_POINT ( 'NONE',  ( 2.850000000000000533, 16.60000000000000142, 2.899999999999999023 ) ) ;
#5881 = LINE ( 'NONE', #5459, #424 ) ;
#5882 = AXIS2_PLACEMENT_3D ( 'NONE', #6322, #973, #1011 ) ;
#5883 = ORIENTED_EDGE ( 'NONE', *, *, #1810, .F. ) ;
#5884 = ORIENTED_EDGE ( 'NONE', *, *, #374, .T. ) ;
#5885 = DIRECTION ( 'NONE',  ( -0.000000000000000000, 1.000000000000000000, -0.000000000000000000 ) ) ;
#5886 = VECTOR ( 'NONE', #4074, 1000.000000000000000 ) ;
#5887 = DIRECTION ( 'NONE',  ( 0.000000000000000000, 1.000000000000000000, 0.000000000000000000 ) ) ;
#5888 = VECTOR ( 'NONE', #6581, 1000.000000000000000 ) ;
#5889 = EDGE_CURVE ( 'NONE', #2306, #1963, #3190, .T. ) ;
#5890 = ORIENTED_EDGE ( 'NONE', *, *, #6736, .F. ) ;
#5891 = ORIENTED_EDGE ( 'NONE', *, *, #2989, .T. ) ;
#5892 = CARTESIAN_POINT ( 'NONE',  ( -3.499999999999998224, 16.60000000000000142, 2.600000000000000089 ) ) ;
#5893 = DIRECTION ( 'NONE',  ( 2.891205793294678326E-16, 0.000000000000000000, 1.000000000000000000 ) ) ;
#5894 = EDGE_CURVE ( 'NONE', #2679, #2888, #2658, .T. ) ;
#5895 = AXIS2_PLACEMENT_3D ( 'NONE', #2057, #3021, #6795 ) ;
#5896 = CIRCLE ( 'NONE', #2953, 0.7399999999999984368 ) ;
#5897 = VERTEX_POINT ( 'NONE', #504 ) ;
#5898 = DIRECTION ( 'NONE',  ( 0.000000000000000000, -0.000000000000000000, 1.000000000000000000 ) ) ;
#5899 = ORIENTED_EDGE ( 'NONE', *, *, #5687, .T. ) ;
#5900 = PLANE ( 'NONE',  #5705 ) ;
#5901 = VECTOR ( 'NONE', #618, 1000.000000000000000 ) ;
#5902 = CARTESIAN_POINT ( 'NONE',  ( -5.500000000000000000, 16.60000000000000142, -2.400000000000001243 ) ) ;
#5903 = AXIS2_PLACEMENT_3D ( 'NONE', #6212, #4588, #4517 ) ;
#5904 = LINE ( 'NONE', #443, #2947 ) ;
#5905 = EDGE_CURVE ( 'NONE', #6889, #815, #205, .T. ) ;
#5906 = ORIENTED_EDGE ( 'NONE', *, *, #6856, .T. ) ;
#5907 = DIRECTION ( 'NONE',  ( 0.3236155771181827845, 0.8891264907159898145, 0.3236155771181827845 ) ) ;
#5908 = CARTESIAN_POINT ( 'NONE',  ( 5.499999999999998224, 14.09999999999999964, -0.1500000000000012712 ) ) ;
#5909 = PLANE ( 'NONE',  #1451 ) ;
#5910 = AXIS2_PLACEMENT_3D ( 'NONE', #5600, #4537, #6700 ) ;
#5911 = ORIENTED_EDGE ( 'NONE', *, *, #3432, .F. ) ;
#5912 = LINE ( 'NONE', #4846, #6162 ) ;
#5913 = DIRECTION ( 'NONE',  ( 0.000000000000000000, 0.000000000000000000, 1.000000000000000000 ) ) ;
#5914 = AXIS2_PLACEMENT_3D ( 'NONE', #3122, #6511, #948 ) ;
#5915 = VERTEX_POINT ( 'NONE', #2773 ) ;
#5916 = FACE_OUTER_BOUND ( 'NONE', #611, .T. ) ;
#5917 = CARTESIAN_POINT ( 'NONE',  ( 0.6800000000000000488, 16.60000000000000142, -0.3199999999999993960 ) ) ;
#5918 = CARTESIAN_POINT ( 'NONE',  ( 2.350000000000000533, 16.60000000000000142, 2.099999999999998757 ) ) ;
#5919 = DIRECTION ( 'NONE',  ( 1.000000000000000000, -0.000000000000000000, 0.000000000000000000 ) ) ;
#5920 = VECTOR ( 'NONE', #522, 1000.000000000000000 ) ;
#5921 = ADVANCED_FACE ( 'NONE', ( #40 ), #5640, .F. ) ;
#5922 = EDGE_CURVE ( 'NONE', #4044, #2633, #2236, .T. ) ;
#5923 = VERTEX_POINT ( 'NONE', #4415 ) ;
#5924 = CARTESIAN_POINT ( 'NONE',  ( -5.049999999999999822, -1.199999999999999956, -1.075000000000000178 ) ) ;
#5925 = CYLINDRICAL_SURFACE ( 'NONE', #4046, 0.9000000000000000222 ) ;
#5926 = ORIENTED_EDGE ( 'NONE', *, *, #864, .F. ) ;
#5927 = ORIENTED_EDGE ( 'NONE', *, *, #2155, .T. ) ;
#5928 = VECTOR ( 'NONE', #548, 1000.000000000000000 ) ;
#5929 = DIRECTION ( 'NONE',  ( -1.000000000000000000, 0.000000000000000000, -0.000000000000000000 ) ) ;
#5930 = FACE_OUTER_BOUND ( 'NONE', #4541, .T. ) ;
#5931 = EDGE_CURVE ( 'NONE', #1080, #5356, #2952, .T. ) ;
#5932 = DIRECTION ( 'NONE',  ( 0.000000000000000000, 0.000000000000000000, 1.000000000000000000 ) ) ;
#5933 = VECTOR ( 'NONE', #4486, 1000.000000000000000 ) ;
#5934 = EDGE_CURVE ( 'NONE', #4624, #146, #4349, .T. ) ;
#5935 = EDGE_LOOP ( 'NONE', ( #3261, #3588, #4833, #2279, #3318, #5416, #4999, #1233, #3576, #1590, #6489, #6780, #3812, #2814, #3979, #1407, #6598, #1863, #941, #172, #3563, #1886, #4446, #5727 ) ) ;
#5936 = CARTESIAN_POINT ( 'NONE',  ( 2.600000000000000533, 11.00000000000000000, -3.800000000000001599 ) ) ;
#5937 = ORIENTED_EDGE ( 'NONE', *, *, #1939, .F. ) ;
#5938 = CARTESIAN_POINT ( 'NONE',  ( 2.949999999999998845, 10.05000000000000071, -4.400000000000002132 ) ) ;
#5939 = CIRCLE ( 'NONE', #3680, 0.09999999999999982514 ) ;
#5940 = LINE ( 'NONE', #5264, #6695 ) ;
#5941 = CARTESIAN_POINT ( 'NONE',  ( 2.869649486113212689, -1.076516779175667793, 0.3200000000000005618 ) ) ;
#5942 = ORIENTED_EDGE ( 'NONE', *, *, #98, .T. ) ;
#5943 = VECTOR ( 'NONE', #904, 1000.000000000000000 ) ;
#5944 = DIRECTION ( 'NONE',  ( 1.000000000000000000, 0.000000000000000000, 0.000000000000000000 ) ) ;
#5945 = ADVANCED_FACE ( 'NONE', ( #759 ), #7038, .T. ) ;
#5946 = PLANE ( 'NONE',  #1763 ) ;
#5947 = CARTESIAN_POINT ( 'NONE',  ( -3.499999999999998224, 16.60000000000000142, -4.400000000000001243 ) ) ;
#5948 = ORIENTED_EDGE ( 'NONE', *, *, #3999, .T. ) ;
#5949 = CYLINDRICAL_SURFACE ( 'NONE', #2181, 0.3000000000000007661 ) ;
#5950 = DIRECTION ( 'NONE',  ( 0.000000000000000000, -1.000000000000000000, 0.000000000000000000 ) ) ;
#5951 = ORIENTED_EDGE ( 'NONE', *, *, #6849, .T. ) ;
#5952 = CARTESIAN_POINT ( 'NONE',  ( -1.172438898718060507, -3.355420793761980214, 0.1724388987180612010 ) ) ;
#5953 = LINE ( 'NONE', #6526, #5026 ) ;
#5954 = ORIENTED_EDGE ( 'NONE', *, *, #864, .T. ) ;
#5955 = CARTESIAN_POINT ( 'NONE',  ( 3.419999999999998597, -0.4500000000000000111, 0.3200000000000005618 ) ) ;
#5956 = DIRECTION ( 'NONE',  ( -1.239088197126291310E-16, -0.000000000000000000, -1.000000000000000000 ) ) ;
#5957 = ORIENTED_EDGE ( 'NONE', *, *, #561, .F. ) ;
#5958 = EDGE_CURVE ( 'NONE', #3660, #3371, #6000, .T. ) ;
#5959 = CARTESIAN_POINT ( 'NONE',  ( -3.499999999999998224, 16.60000000000000142, -4.400000000000001243 ) ) ;
#5960 = CARTESIAN_POINT ( 'NONE',  ( -3.499999999999998224, 9.700000000000001066, 0.5999999999999996447 ) ) ;
#5961 = ORIENTED_EDGE ( 'NONE', *, *, #484, .F. ) ;
#5962 = VERTEX_POINT ( 'NONE', #3260 ) ;
#5963 = FACE_OUTER_BOUND ( 'NONE', #1650, .T. ) ;
#5964 = AXIS2_PLACEMENT_3D ( 'NONE', #5771, #3068, #345 ) ;
#5965 = EDGE_CURVE ( 'NONE', #4885, #88, #5472, .T. ) ;
#5966 = DIRECTION ( 'NONE',  ( -2.891205793294679312E-16, 0.000000000000000000, -1.000000000000000000 ) ) ;
#5967 = DIRECTION ( 'NONE',  ( 1.239088197126291310E-16, -0.000000000000000000, 1.000000000000000000 ) ) ;
#5968 = VERTEX_POINT ( 'NONE', #543 ) ;
#5969 = ADVANCED_FACE ( 'NONE', ( #1301 ), #1114, .F. ) ;
#5970 = CARTESIAN_POINT ( 'NONE',  ( 2.680000000000000160, 0.000000000000000000, 0.3200000000000005618 ) ) ;
#5971 = ORIENTED_EDGE ( 'NONE', *, *, #670, .T. ) ;
#5972 = CARTESIAN_POINT ( 'NONE',  ( 2.850000000000000533, 0.000000000000000000, 2.599999999999999201 ) ) ;
#5973 = EDGE_CURVE ( 'NONE', #2215, #1948, #2275, .T. ) ;
#5974 = CARTESIAN_POINT ( 'NONE',  ( 1.049999999999999822, 4.000000000000000000, 2.200000000000000178 ) ) ;
#5975 = CARTESIAN_POINT ( 'NONE',  ( 3.319999999999999840, 0.000000000000000000, 0.3200000000000004508 ) ) ;
#5976 = ORIENTED_EDGE ( 'NONE', *, *, #4054, .F. ) ;
#5977 = CARTESIAN_POINT ( 'NONE',  ( -3.036348448916928344, 9.800000000000000711, -5.199198898578066164 ) ) ;
#5978 = CARTESIAN_POINT ( 'NONE',  ( -2.807389581993172012, 9.700000000000001066, 0.3200000000000005618 ) ) ;
#5979 = VECTOR ( 'NONE', #6461, 999.9999999999998863 ) ;
#5980 = EDGE_CURVE ( 'NONE', #1156, #6889, #2202, .T. ) ;
#5981 = CARTESIAN_POINT ( 'NONE',  ( 1.320000000000000062, -2.949999999999990852, -0.3199999999999995071 ) ) ;
#5982 = MANIFOLD_SOLID_BREP ( 'Pin 4', #4878 ) ;
#5983 = EDGE_CURVE ( 'NONE', #2381, #3115, #1487, .T. ) ;
#5984 = ORIENTED_EDGE ( 'NONE', *, *, #3420, .T. ) ;
#5985 = LINE ( 'NONE', #1029, #3179 ) ;
#5986 = ORIENTED_EDGE ( 'NONE', *, *, #6398, .F. ) ;
#5987 = CARTESIAN_POINT ( 'NONE',  ( 1.850000000000000089, 9.799999999999998934, -5.500000000000001776 ) ) ;
#5988 = CARTESIAN_POINT ( 'NONE',  ( -1.320000000000000062, 16.60000000000000142, 0.3200000000000005618 ) ) ;
#5989 = ORIENTED_EDGE ( 'NONE', *, *, #2338, .T. ) ;
#5990 = PLANE ( 'NONE',  #2497 ) ;
#5991 = DIRECTION ( 'NONE',  ( 1.000000000000000000, 0.000000000000000000, -0.000000000000000000 ) ) ;
#5992 = EDGE_LOOP ( 'NONE', ( #6927, #2297, #3874, #565 ) ) ;
#5993 = LINE ( 'NONE', #2687, #5684 ) ;
#5994 = CARTESIAN_POINT ( 'NONE',  ( 2.710504509961679354, -2.895552180309382884, 0.3200000000000005618 ) ) ;
#5995 = ORIENTED_EDGE ( 'NONE', *, *, #2502, .T. ) ;
#5996 = ORIENTED_EDGE ( 'NONE', *, *, #6367, .T. ) ;
#5997 = CARTESIAN_POINT ( 'NONE',  ( 0.7470253067222620835, 9.534150516751433102, -0.2529746932777374724 ) ) ;
#5998 = AXIS2_PLACEMENT_3D ( 'NONE', #1424, #6230, #5103 ) ;
#5999 = DIRECTION ( 'NONE',  ( -0.000000000000000000, -1.000000000000000000, -0.000000000000000000 ) ) ;
#6000 = LINE ( 'NONE', #3850, #2597 ) ;
#6001 = VERTEX_POINT ( 'NONE', #3050 ) ;
#6002 = ORIENTED_EDGE ( 'NONE', *, *, #4199, .T. ) ;
#6003 = VECTOR ( 'NONE', #1954, 1000.000000000000000 ) ;
#6004 = ADVANCED_FACE ( 'NONE', ( #5792 ), #6296, .F. ) ;
#6005 = AXIS2_PLACEMENT_3D ( 'NONE', #4423, #2174, #1168 ) ;
#6006 = CARTESIAN_POINT ( 'NONE',  ( 3.499999999999997780, 16.60000000000000142, -3.300000000000002487 ) ) ;
#6007 = LINE ( 'NONE', #4281, #3439 ) ;
#6008 = EDGE_LOOP ( 'NONE', ( #2522, #153, #4929, #4306 ) ) ;
#6009 = DIRECTION ( 'NONE',  ( -0.000000000000000000, 1.000000000000000000, -0.000000000000000000 ) ) ;
#6010 = CARTESIAN_POINT ( 'NONE',  ( 2.679999999999999716, -0.4500000000000000111, 0.3200000000000005618 ) ) ;
#6011 = STYLED_ITEM ( 'NONE', ( #5471 ), #6129 ) ;
#6013 = VECTOR ( 'NONE', #5238, 1000.000000000000000 ) ;
#6012 = CARTESIAN_POINT ( 'NONE',  ( 3.499999999999997780, 16.60000000000000142, -4.400000000000002132 ) ) ;
#6014 = ORIENTED_EDGE ( 'NONE', *, *, #829, .F. ) ;
#6015 = ORIENTED_EDGE ( 'NONE', *, *, #6258, .T. ) ;
#6016 = ADVANCED_FACE ( 'NONE', ( #4178 ), #1953, .F. ) ;
#6017 = CIRCLE ( 'NONE', #5444, 0.3000000000000007661 ) ;
#6018 = VECTOR ( 'NONE', #6330, 1000.000000000000000 ) ;
#6019 = CARTESIAN_POINT ( 'NONE',  ( -5.049999999999999822, -1.199999999999999956, -1.824999999999998845 ) ) ;
#6020 = CLOSED_SHELL ( 'NONE', ( #2796, #6974, #2076, #1761, #2372, #5530, #768, #1988, #2665, #4149, #2902, #2421, #4966, #1515, #5041, #6233, #4649, #675, #5463, #6512, #6435, #2212, #5668, #3, #478, #6081, #4843, #2412, #2419, #6016, #1148, #5373, #2095, #5092, #1182, #6004, #339, #2950, #1971, #2247, #3773, #3758, #2330, #6161, #2728, #4976, #5170, #5247, #3986, #2816, #751, #4604, #5196, #2864, #4432, #3958, #1061, #3015, #702, #82, #6725, #5798 ) ) ;
#6021 = CARTESIAN_POINT ( 'NONE',  ( -3.510791076685687351, -1.050370056351370263, -0.3199999999999998956 ) ) ;
#6022 = EDGE_LOOP ( 'NONE', ( #2176, #4857, #2697, #2848 ) ) ;
#6023 = DIRECTION ( 'NONE',  ( 0.000000000000000000, 1.000000000000000000, 0.000000000000000000 ) ) ;
#6024 = VECTOR ( 'NONE', #2051, 1000.000000000000000 ) ;
#6025 = EDGE_CURVE ( 'NONE', #6344, #1156, #1446, .T. ) ;
#6026 = ORIENTED_EDGE ( 'NONE', *, *, #3681, .T. ) ;
#6027 = LINE ( 'NONE', #1646, #3531 ) ;
#6028 = VERTEX_POINT ( 'NONE', #842 ) ;
#6029 = CARTESIAN_POINT ( 'NONE',  ( -4.899999999999999467, 4.000000000000000000, -2.400000000000002576 ) ) ;
#6030 = ORIENTED_EDGE ( 'NONE', *, *, #1678, .F. ) ;
#6031 = DIRECTION ( 'NONE',  ( 0.000000000000000000, 1.000000000000000000, 0.000000000000000000 ) ) ;
#6032 = CARTESIAN_POINT ( 'NONE',  ( -0.6800000000000000488, -2.949999999999990852, 0.3200000000000005618 ) ) ;
#6033 = MANIFOLD_SOLID_BREP ( 'Pin 2', #1581 ) ;
#6034 = VECTOR ( 'NONE', #4768, 1000.000000000000000 ) ;
#6035 = ORIENTED_EDGE ( 'NONE', *, *, #6741, .T. ) ;
#6036 = CARTESIAN_POINT ( 'NONE',  ( -3.319999999999999396, 9.349999999999997868, 0.3200000000000005618 ) ) ;
#6037 = CARTESIAN_POINT ( 'NONE',  ( -2.349999999999999645, 7.900000000000000355, 2.099999999999999645 ) ) ;
#6038 = VERTEX_POINT ( 'NONE', #3625 ) ;
#6039 = ORIENTED_EDGE ( 'NONE', *, *, #4376, .T. ) ;
#6040 = FACE_OUTER_BOUND ( 'NONE', #6154, .T. ) ;
#6041 = SURFACE_STYLE_FILL_AREA ( #1159 ) ;
#6042 = AXIS2_PLACEMENT_3D ( 'NONE', #4718, #897, #353 ) ;
#6043 = ORIENTED_EDGE ( 'NONE', *, *, #441, .F. ) ;
#6044 = DIRECTION ( 'NONE',  ( 2.891205793294678326E-16, 0.000000000000000000, 1.000000000000000000 ) ) ;
#6045 = AXIS2_PLACEMENT_3D ( 'NONE', #3803, #4191, #6342 ) ;
#6046 = CARTESIAN_POINT ( 'NONE',  ( 1.850000000000000311, 9.799999999999998934, -4.400000000000001243 ) ) ;
#6047 = ORIENTED_EDGE ( 'NONE', *, *, #813, .F. ) ;
#6048 = DIRECTION ( 'NONE',  ( 0.000000000000000000, -1.000000000000000000, 0.000000000000000000 ) ) ;
#6049 = DIRECTION ( 'NONE',  ( -1.000000000000000000, 0.000000000000000000, 0.000000000000000000 ) ) ;
#6050 = AXIS2_PLACEMENT_3D ( 'NONE', #2334, #3914, #2906 ) ;
#6051 = DIRECTION ( 'NONE',  ( -0.000000000000000000, -1.000000000000000000, -0.000000000000000000 ) ) ;
#6052 = VERTEX_POINT ( 'NONE', #6360 ) ;
#6053 = ORIENTED_EDGE ( 'NONE', *, *, #4012, .T. ) ;
#6054 = EDGE_CURVE ( 'NONE', #6516, #2451, #4109, .T. ) ;
#6055 = CYLINDRICAL_SURFACE ( 'NONE', #5910, 0.2999999999999999334 ) ;
#6056 = LINE ( 'NONE', #1172, #4388 ) ;
#6057 = LINE ( 'NONE', #2364, #3877 ) ;
#6058 = EDGE_CURVE ( 'NONE', #5413, #947, #3089, .T. ) ;
#6059 = VECTOR ( 'NONE', #1483, 1000.000000000000000 ) ;
#6060 = ORIENTED_EDGE ( 'NONE', *, *, #2840, .F. ) ;
#6061 = ORIENTED_EDGE ( 'NONE', *, *, #6887, .T. ) ;
#6062 = CARTESIAN_POINT ( 'NONE',  ( -3.499999999999998224, 4.000000000000000000, 0.5999999999999996447 ) ) ;
#6063 = ADVANCED_FACE ( 'NONE', ( #6393 ), #5257, .F. ) ;
#6064 = ORIENTED_EDGE ( 'NONE', *, *, #3671, .F. ) ;
#6065 = DIRECTION ( 'NONE',  ( 0.000000000000000000, 0.000000000000000000, 1.000000000000000000 ) ) ;
#6066 = ORIENTED_EDGE ( 'NONE', *, *, #2502, .F. ) ;
#6067 = DIRECTION ( 'NONE',  ( 0.000000000000000000, 0.000000000000000000, 1.000000000000000000 ) ) ;
#6068 = EDGE_CURVE ( 'NONE', #4367, #2755, #1417, .T. ) ;
#6069 = DIRECTION ( 'NONE',  ( 0.000000000000000000, 1.000000000000000000, 0.000000000000000000 ) ) ;
#6070 = ORIENTED_EDGE ( 'NONE', *, *, #4257, .T. ) ;
#6071 = CARTESIAN_POINT ( 'NONE',  ( 0.8073895819931727891, -3.299999999999999822, 0.1926104180068278493 ) ) ;
#6072 = DIRECTION ( 'NONE',  ( -0.000000000000000000, -1.000000000000000000, -0.000000000000000000 ) ) ;
#6073 = ORIENTED_EDGE ( 'NONE', *, *, #1281, .F. ) ;
#6074 = DIRECTION ( 'NONE',  ( 1.239088197126291310E-16, -0.000000000000000000, 1.000000000000000000 ) ) ;
#6075 = DIRECTION ( 'NONE',  ( 0.000000000000000000, -0.000000000000000000, 1.000000000000000000 ) ) ;
#6076 = VECTOR ( 'NONE', #5319, 1000.000000000000000 ) ;
#6077 = VERTEX_POINT ( 'NONE', #1522 ) ;
#6078 = EDGE_CURVE ( 'NONE', #4367, #4302, #3148, .T. ) ;
#6079 = EDGE_LOOP ( 'NONE', ( #3640, #1317, #5957, #6155, #4526 ) ) ;
#6080 = CARTESIAN_POINT ( 'NONE',  ( 1.250000000000000222, 4.000000000000000000, 2.200000000000000178 ) ) ;
#6081 = ADVANCED_FACE ( 'NONE', ( #5320 ), #431, .F. ) ;
#6082 = AXIS2_PLACEMENT_3D ( 'NONE', #309, #2506, #1429 ) ;
#6083 = CARTESIAN_POINT ( 'NONE',  ( 1.599999999999999645, 11.00000000000000000, -5.500000000000001776 ) ) ;
#6084 = ORIENTED_EDGE ( 'NONE', *, *, #6078, .T. ) ;
#6085 = CARTESIAN_POINT ( 'NONE',  ( 0.6800000000000000488, 16.60000000000000142, 0.3200000000000005618 ) ) ;
#6086 = DIRECTION ( 'NONE',  ( -5.782411586589354681E-16, 0.000000000000000000, -1.000000000000000000 ) ) ;
#6087 = LINE ( 'NONE', #3936, #3048 ) ;
#6088 = VERTEX_POINT ( 'NONE', #2657 ) ;
#6089 = CARTESIAN_POINT ( 'NONE',  ( 2.869649486113212689, -1.076516779175667793, -0.3199999999999998956 ) ) ;
#6090 = CARTESIAN_POINT ( 'NONE',  ( 3.499999999999999112, 16.60000000000000142, 1.499999999999998890 ) ) ;
#6091 = CARTESIAN_POINT ( 'NONE',  ( -2.349999999999999645, 7.900000000000000355, 2.099999999999999645 ) ) ;
#6092 = FACE_OUTER_BOUND ( 'NONE', #549, .T. ) ;
#6093 = ORIENTED_EDGE ( 'NONE', *, *, #4981, .F. ) ;
#6094 = EDGE_CURVE ( 'NONE', #74, #2641, #503, .T. ) ;
#6095 = EDGE_LOOP ( 'NONE', ( #6430, #5255, #5937, #4946 ) ) ;
#6096 = DIRECTION ( 'NONE',  ( -1.000000000000000000, 0.000000000000000000, 0.000000000000000000 ) ) ;
#6097 = ORIENTED_EDGE ( 'NONE', *, *, #2927, .F. ) ;
#6098 = DIRECTION ( 'NONE',  ( 0.000000000000000000, 1.000000000000000000, 0.000000000000000000 ) ) ;
#6099 = ORIENTED_EDGE ( 'NONE', *, *, #6822, .T. ) ;
#6100 = CARTESIAN_POINT ( 'NONE',  ( 0.6800000000000000488, 4.000000000000000000, 0.3200000000000005618 ) ) ;
#6101 = DIRECTION ( 'NONE',  ( 0.000000000000000000, 0.000000000000000000, 1.000000000000000000 ) ) ;
#6102 = ORIENTED_EDGE ( 'NONE', *, *, #6890, .T. ) ;
#6103 = EDGE_CURVE ( 'NONE', #6295, #6647, #3276, .T. ) ;
#6104 = LINE ( 'NONE', #5009, #1126 ) ;
#6105 = DIRECTION ( 'NONE',  ( -1.000000000000000000, 0.000000000000000000, 0.000000000000000000 ) ) ;
#6106 = EDGE_LOOP ( 'NONE', ( #3375, #5256, #1411, #4702 ) ) ;
#6107 = CARTESIAN_POINT ( 'NONE',  ( -5.499999999999998224, 14.09999999999999964, -0.1500000000000011324 ) ) ;
#6108 = CARTESIAN_POINT ( 'NONE',  ( -3.319999999999999396, 9.349999999999997868, 0.3200000000000005618 ) ) ;
#6109 = ORIENTED_EDGE ( 'NONE', *, *, #562, .F. ) ;
#6110 = ORIENTED_EDGE ( 'NONE', *, *, #3239, .T. ) ;
#6111 = EDGE_CURVE ( 'NONE', #2451, #2616, #4310, .T. ) ;
#6112 = DIRECTION ( 'NONE',  ( 0.000000000000000000, 0.000000000000000000, 1.000000000000000000 ) ) ;
#6113 = LINE ( 'NONE', #2317, #2875 ) ;
#6114 = ORIENTED_EDGE ( 'NONE', *, *, #1231, .F. ) ;
#6115 = EDGE_LOOP ( 'NONE', ( #6594, #1359, #6035, #4040 ) ) ;
#6116 = DIRECTION ( 'NONE',  ( 1.000000000000000000, -0.000000000000000000, 0.000000000000000000 ) ) ;
#6117 = EDGE_CURVE ( 'NONE', #815, #801, #4863, .T. ) ;
#6118 = CYLINDRICAL_SURFACE ( 'NONE', #1919, 1.400000000000001021 ) ;
#6119 = PLANE ( 'NONE',  #6575 ) ;
#6120 = AXIS2_PLACEMENT_3D ( 'NONE', #1852, #4631, #5221 ) ;
#6121 = VERTEX_POINT ( 'NONE', #6504 ) ;
#6122 = EDGE_LOOP ( 'NONE', ( #5391, #4837, #6084, #3983 ) ) ;
#6123 = FACE_OUTER_BOUND ( 'NONE', #1345, .T. ) ;
#6124 = FACE_OUTER_BOUND ( 'NONE', #4960, .T. ) ;
#6125 = CARTESIAN_POINT ( 'NONE',  ( 2.710504509961679354, -2.895552180309382884, 0.3200000000000005618 ) ) ;
#6126 = COLOUR_RGB ( '',0.7921568627450980005, 0.8196078431372548767, 0.9333333333333333481 ) ;
#6127 = ADVANCED_FACE ( 'NONE', ( #5930 ), #3334, .T. ) ;
#6128 = DIRECTION ( 'NONE',  ( 0.000000000000000000, 1.000000000000000000, 0.000000000000000000 ) ) ;
#6129 = MANIFOLD_SOLID_BREP ( 'Split2[2]', #6020 ) ;
#6130 = VECTOR ( 'NONE', #2515, 1000.000000000000000 ) ;
#6131 = VECTOR ( 'NONE', #2153, 1000.000000000000000 ) ;
#6132 = ORIENTED_EDGE ( 'NONE', *, *, #213, .T. ) ;
#6133 = DIRECTION ( 'NONE',  ( 1.445602896647341480E-15, 0.000000000000000000, 1.000000000000000000 ) ) ;
#6134 = ORIENTED_EDGE ( 'NONE', *, *, #3226, .F. ) ;
#6135 = DIRECTION ( 'NONE',  ( -1.000000000000000000, 0.000000000000000000, 1.694065894508601171E-16 ) ) ;
#6136 = EDGE_LOOP ( 'NONE', ( #513, #3774, #4666, #2408, #840, #4050 ) ) ;
#6137 = CARTESIAN_POINT ( 'NONE',  ( 2.680000000000000160, 4.000000000000000000, 0.3200000000000005618 ) ) ;
#6138 = VECTOR ( 'NONE', #1147, 1000.000000000000000 ) ;
#6139 = AXIS2_PLACEMENT_3D ( 'NONE', #5678, #6644, #3364 ) ;
#6140 = ORIENTED_EDGE ( 'NONE', *, *, #7009, .F. ) ;
#6141 = LINE ( 'NONE', #6784, #4113 ) ;
#6142 = VECTOR ( 'NONE', #3135, 1000.000000000000000 ) ;
#6143 = CARTESIAN_POINT ( 'NONE',  ( -1.049999999999999822, 16.60000000000000142, 2.000000000000000444 ) ) ;
#6144 = ORIENTED_EDGE ( 'NONE', *, *, #244, .T. ) ;
#6145 = DIRECTION ( 'NONE',  ( -1.275531967630005245E-16, -1.000000000000000000, 0.000000000000000000 ) ) ;
#6146 = CARTESIAN_POINT ( 'NONE',  ( -2.749999999999999556, 4.000000000000000000, 2.499999999999999556 ) ) ;
#6147 = VERTEX_POINT ( 'NONE', #5431 ) ;
#6148 = EDGE_CURVE ( 'NONE', #2957, #501, #6462, .T. ) ;
#6149 = AXIS2_PLACEMENT_3D ( 'NONE', #5228, #6327, #6269 ) ;
#6150 = ORIENTED_EDGE ( 'NONE', *, *, #4813, .T. ) ;
#6151 = LINE ( 'NONE', #838, #4323 ) ;
#6152 = EDGE_LOOP ( 'NONE', ( #26, #5142, #716, #2970 ) ) ;
#6153 = FACE_BOUND ( 'NONE', #3413, .T. ) ;
#6154 = EDGE_LOOP ( 'NONE', ( #3175, #4060, #4875, #2941 ) ) ;
#6155 = ORIENTED_EDGE ( 'NONE', *, *, #1292, .F. ) ;
#6156 = CARTESIAN_POINT ( 'NONE',  ( -3.499999999999998224, 4.500000000000000888, -0.3199999999999990075 ) ) ;
#6157 = EDGE_CURVE ( 'NONE', #1207, #5571, #1592, .T. ) ;
#6158 = AXIS2_PLACEMENT_3D ( 'NONE', #6691, #1814, #4008 ) ;
#6159 = CARTESIAN_POINT ( 'NONE',  ( 3.499999999999998668, 16.60000000000000142, -2.400000000000001243 ) ) ;
#6160 = CARTESIAN_POINT ( 'NONE',  ( 3.499999999999998224, 16.60000000000000142, 0.5999999999999987566 ) ) ;
#6161 = ADVANCED_FACE ( 'NONE', ( #1113 ), #3780, .F. ) ;
#6162 = VECTOR ( 'NONE', #4781, 1000.000000000000000 ) ;
#6163 = ORIENTED_EDGE ( 'NONE', *, *, #4269, .F. ) ;
#6164 = DIRECTION ( 'NONE',  ( 0.000000000000000000, 0.000000000000000000, 1.000000000000000000 ) ) ;
#6165 = LINE ( 'NONE', #1290, #330 ) ;
#6166 = CARTESIAN_POINT ( 'NONE',  ( -3.499999999999998668, 16.60000000000000142, -2.400000000000001243 ) ) ;
#6167 = CARTESIAN_POINT ( 'NONE',  ( 2.680000000000000160, 16.60000000000000142, -0.3199999999999993960 ) ) ;
#6168 = MANIFOLD_SOLID_BREP ( 'Fillet3', #1246 ) ;
#6169 = AXIS2_PLACEMENT_3D ( 'NONE', #4511, #1794, #569 ) ;
#6170 = ADVANCED_FACE ( 'NONE', ( #1272 ), #582, .F. ) ;
#6171 = ORIENTED_EDGE ( 'NONE', *, *, #2155, .F. ) ;
#6172 = ORIENTED_EDGE ( 'NONE', *, *, #1594, .F. ) ;
#6173 = CARTESIAN_POINT ( 'NONE',  ( 2.749999999999999112, 16.60000000000000142, 2.200000000000000178 ) ) ;
#6174 = ORIENTED_EDGE ( 'NONE', *, *, #3182, .F. ) ;
#6175 = SURFACE_STYLE_FILL_AREA ( #1218 ) ;
#6176 = ORIENTED_EDGE ( 'NONE', *, *, #6466, .F. ) ;
#6177 = CARTESIAN_POINT ( 'NONE',  ( 2.600000000000000533, 11.00000000000000000, -3.800000000000001599 ) ) ;
#6178 =( NAMED_UNIT ( * ) PLANE_ANGLE_UNIT ( ) SI_UNIT ( $, .RADIAN. ) );
#6179 = EDGE_LOOP ( 'NONE', ( #5576, #4145, #6879, #4919, #3116, #1085, #2912, #5040, #2324, #1048 ) ) ;
#6180 = PLANE ( 'NONE',  #1586 ) ;
#6181 = CARTESIAN_POINT ( 'NONE',  ( -4.899999999999999467, 4.000000000000000000, -2.400000000000002132 ) ) ;
#6182 = ORIENTED_EDGE ( 'NONE', *, *, #470, .F. ) ;
#6183 = DIRECTION ( 'NONE',  ( -0.000000000000000000, -1.000000000000000000, -0.000000000000000000 ) ) ;
#6184 = ADVANCED_FACE ( 'NONE', ( #6611 ), #1194, .T. ) ;
#6185 = EDGE_CURVE ( 'NONE', #6790, #251, #6722, .T. ) ;
#6186 = ORIENTED_EDGE ( 'NONE', *, *, #449, .T. ) ;
#6187 = DIRECTION ( 'NONE',  ( 0.000000000000000000, 0.000000000000000000, -1.000000000000000000 ) ) ;
#6188 = CARTESIAN_POINT ( 'NONE',  ( 2.949999999999999289, 4.000000000000000000, 2.000000000000000000 ) ) ;
#6189 = EDGE_CURVE ( 'NONE', #2849, #952, #1805, .T. ) ;
#6190 = ORIENTED_EDGE ( 'NONE', *, *, #612, .T. ) ;
#6191 = EDGE_LOOP ( 'NONE', ( #1306, #3157 ) ) ;
#6192 = LINE ( 'NONE', #931, #6376 ) ;
#6193 = DIRECTION ( 'NONE',  ( -0.000000000000000000, -0.000000000000000000, -1.000000000000000000 ) ) ;
#6194 = DIRECTION ( 'NONE',  ( 0.08715574274765859608, -0.9961946980917454342, -0.000000000000000000 ) ) ;
#6195 = EDGE_CURVE ( 'NONE', #4425, #5031, #3998, .T. ) ;
#6196 = AXIS2_PLACEMENT_3D ( 'NONE', #53, #1254, #2218 ) ;
#6197 = ORIENTED_EDGE ( 'NONE', *, *, #4851, .T. ) ;
#6198 = PLANE ( 'NONE',  #1390 ) ;
#6199 = EDGE_CURVE ( 'NONE', #5571, #332, #4067, .T. ) ;
#6200 = PLANE ( 'NONE',  #1836 ) ;
#6201 = LINE ( 'NONE', #1351, #5512 ) ;
#6202 = CARTESIAN_POINT ( 'NONE',  ( -4.899999999999998579, 14.09999999999999964, -1.650000000000001243 ) ) ;
#6203 = LINE ( 'NONE', #2437, #785 ) ;
#6204 = EDGE_CURVE ( 'NONE', #4889, #500, #3409, .T. ) ;
#6205 = CARTESIAN_POINT ( 'NONE',  ( -1.320000000000000062, 15.80509667991878153, -0.3199999999999995071 ) ) ;
#6206 = VERTEX_POINT ( 'NONE', #3481 ) ;
#6207 = CARTESIAN_POINT ( 'NONE',  ( -3.190659780604994555, -3.288897266363071559, -0.1926104180068289318 ) ) ;
#6208 = VERTEX_POINT ( 'NONE', #1230 ) ;
#6209 = DIRECTION ( 'NONE',  ( -0.000000000000000000, -1.000000000000000000, -0.000000000000000000 ) ) ;
#6210 = EDGE_CURVE ( 'NONE', #492, #5, #3513, .T. ) ;
#6211 = VERTEX_POINT ( 'NONE', #2915 ) ;
#6212 = CARTESIAN_POINT ( 'NONE',  ( 3.150000000000000355, 16.60000000000000142, 2.899999999999999023 ) ) ;
#6213 = DIRECTION ( 'NONE',  ( 0.000000000000000000, -1.000000000000000000, 0.000000000000000000 ) ) ;
#6214 = EDGE_LOOP ( 'NONE', ( #4381, #6753, #3086, #1139 ) ) ;
#6215 = CARTESIAN_POINT ( 'NONE',  ( 0.8073895819931710127, 9.700000000000001066, -0.1926104180068285432 ) ) ;
#6216 = CARTESIAN_POINT ( 'NONE',  ( -2.849999999999999645, 0.000000000000000000, 2.600000000000000089 ) ) ;
#6217 = VERTEX_POINT ( 'NONE', #3926 ) ;
#6218 = DIRECTION ( 'NONE',  ( 0.3236155771181827845, -0.8891264907159898145, -0.3236155771181826735 ) ) ;
#6219 = CARTESIAN_POINT ( 'NONE',  ( 1.320000000000000062, 9.349999999999997868, 0.3200000000000005618 ) ) ;
#6220 = ORIENTED_EDGE ( 'NONE', *, *, #3420, .F. ) ;
#6221 = ORIENTED_EDGE ( 'NONE', *, *, #670, .F. ) ;
#6222 = CARTESIAN_POINT ( 'NONE',  ( -1.320000000000000062, 4.500000000000000888, 0.5999999999999996447 ) ) ;
#6223 = DIRECTION ( 'NONE',  ( -5.782411586589354681E-16, 0.000000000000000000, 1.000000000000000000 ) ) ;
#6224 = LINE ( 'NONE', #2458, #6237 ) ;
#6225 = EDGE_CURVE ( 'NONE', #6643, #438, #3993, .T. ) ;
#6226 = EDGE_LOOP ( 'NONE', ( #3509, #1722, #5153, #4157 ) ) ;
#6227 = DIRECTION ( 'NONE',  ( -0.000000000000000000, -1.000000000000000000, -0.000000000000000000 ) ) ;
#6228 = PLANE ( 'NONE',  #6149 ) ;
#6229 = LINE ( 'NONE', #6772, #610 ) ;
#6230 = DIRECTION ( 'NONE',  ( 0.000000000000000000, -1.000000000000000000, 0.000000000000000000 ) ) ;
#6231 = VECTOR ( 'NONE', #6301, 1000.000000000000000 ) ;
#6232 = CARTESIAN_POINT ( 'NONE',  ( 2.680000000000001048, 9.349999999999997868, 0.3200000000000005618 ) ) ;
#6233 = ADVANCED_FACE ( 'NONE', ( #2418 ), #2882, .F. ) ;
#6234 = EDGE_CURVE ( 'NONE', #5857, #3452, #5122, .T. ) ;
#6235 = ORIENTED_EDGE ( 'NONE', *, *, #6418, .T. ) ;
#6236 = VECTOR ( 'NONE', #916, 1000.000000000000000 ) ;
#6237 = VECTOR ( 'NONE', #1342, 1000.000000000000000 ) ;
#6238 = ORIENTED_EDGE ( 'NONE', *, *, #269, .T. ) ;
#6239 = CARTESIAN_POINT ( 'NONE',  ( 2.749999999999999556, 4.000000000000000000, 2.499999999999999556 ) ) ;
#6240 = ORIENTED_EDGE ( 'NONE', *, *, #4712, .T. ) ;
#6241 = CARTESIAN_POINT ( 'NONE',  ( 3.319999999999998952, -0.4500000000000000111, 0.3200000000000005618 ) ) ;
#6242 = ORIENTED_EDGE ( 'NONE', *, *, #2061, .F. ) ;
#6243 = CARTESIAN_POINT ( 'NONE',  ( -3.149999999999999467, 16.60000000000000142, 2.899999999999999911 ) ) ;
#6244 = AXIS2_PLACEMENT_3D ( 'NONE', #2235, #1043, #5966 ) ;
#6245 = AXIS2_PLACEMENT_3D ( 'NONE', #6781, #4585, #1901 ) ;
#6246 = EDGE_CURVE ( 'NONE', #3559, #6891, #4592, .T. ) ;
#6247 = VECTOR ( 'NONE', #231, 1000.000000000000000 ) ;
#6248 = ORIENTED_EDGE ( 'NONE', *, *, #609, .T. ) ;
#6249 = DIRECTION ( 'NONE',  ( 0.000000000000000000, 0.000000000000000000, -1.000000000000000000 ) ) ;
#6250 = VECTOR ( 'NONE', #5202, 1000.000000000000114 ) ;
#6251 = LINE ( 'NONE', #1372, #1034 ) ;
#6252 = DIRECTION ( 'NONE',  ( 0.000000000000000000, -1.000000000000000000, 0.000000000000000000 ) ) ;
#6253 = CIRCLE ( 'NONE', #6139, 0.09999999999999982514 ) ;
#6254 = CARTESIAN_POINT ( 'NONE',  ( -5.499999999999998224, 16.60000000000000142, 0.5999999999999998668 ) ) ;
#6255 = AXIS2_PLACEMENT_3D ( 'NONE', #4887, #3724, #7059 ) ;
#6256 = ORIENTED_EDGE ( 'NONE', *, *, #5190, .F. ) ;
#6257 = CARTESIAN_POINT ( 'NONE',  ( -1.252974693277737916, 9.534150516751433102, -0.2529746932777374724 ) ) ;
#6258 = EDGE_CURVE ( 'NONE', #251, #575, #2803, .T. ) ;
#6259 = FACE_OUTER_BOUND ( 'NONE', #229, .T. ) ;
#6260 = ORIENTED_EDGE ( 'NONE', *, *, #4506, .T. ) ;
#6261 = ORIENTED_EDGE ( 'NONE', *, *, #2684, .F. ) ;
#6262 =( NAMED_UNIT ( * ) PLANE_ANGLE_UNIT ( ) SI_UNIT ( $, .RADIAN. ) );
#6263 = DIRECTION ( 'NONE',  ( 0.000000000000000000, -0.000000000000000000, -1.000000000000000000 ) ) ;
#6264 = VECTOR ( 'NONE', #3976, 1000.000000000000000 ) ;
#6265 = LINE ( 'NONE', #268, #1456 ) ;
#6266 = ORIENTED_EDGE ( 'NONE', *, *, #6329, .F. ) ;
#6267 = VECTOR ( 'NONE', #6579, 1000.000000000000000 ) ;
#6268 = CARTESIAN_POINT ( 'NONE',  ( -3.499999999999998224, 16.60000000000000142, 0.5999999999999996447 ) ) ;
#6269 = DIRECTION ( 'NONE',  ( 1.000000000000000000, 0.000000000000000000, 0.000000000000000000 ) ) ;
#6270 = LINE ( 'NONE', #818, #2688 ) ;
#6271 = CARTESIAN_POINT ( 'NONE',  ( -0.6800000000000000488, 0.000000000000000000, 0.3200000000000004508 ) ) ;
#6272 = DIRECTION ( 'NONE',  ( -2.891205793294679312E-16, 0.000000000000000000, -1.000000000000000000 ) ) ;
#6273 = AXIS2_PLACEMENT_3D ( 'NONE', #4229, #1507, #5842 ) ;
#6274 = EDGE_CURVE ( 'NONE', #6643, #1980, #72, .T. ) ;
#6275 = LINE ( 'NONE', #1462, #1697 ) ;
#6276 = DIRECTION ( 'NONE',  ( -1.694065894508601171E-16, 0.000000000000000000, -1.000000000000000000 ) ) ;
#6277 = VECTOR ( 'NONE', #5126, 1000.000000000000000 ) ;
#6278 = ORIENTED_EDGE ( 'NONE', *, *, #64, .T. ) ;
#6279 = DIRECTION ( 'NONE',  ( -0.000000000000000000, -1.000000000000000000, -0.000000000000000000 ) ) ;
#6280 = EDGE_CURVE ( 'NONE', #3188, #3043, #2274, .T. ) ;
#6281 = FACE_OUTER_BOUND ( 'NONE', #620, .T. ) ;
#6282 = VECTOR ( 'NONE', #5777, 1000.000000000000000 ) ;
#6283 = EDGE_CURVE ( 'NONE', #875, #2189, #117, .T. ) ;
#6284 = VERTEX_POINT ( 'NONE', #6108 ) ;
#6285 = PLANE ( 'NONE',  #557 ) ;
#6286 = DIRECTION ( 'NONE',  ( 0.000000000000000000, 0.000000000000000000, 1.000000000000000000 ) ) ;
#6287 = EDGE_CURVE ( 'NONE', #4845, #3787, #5748, .T. ) ;
#6288 = ORIENTED_EDGE ( 'NONE', *, *, #6287, .F. ) ;
#6289 = DIRECTION ( 'NONE',  ( 0.000000000000000000, 0.000000000000000000, -1.000000000000000000 ) ) ;
#6290 = CARTESIAN_POINT ( 'NONE',  ( -1.600000000000000977, 9.799999999999998934, -5.500000000000001776 ) ) ;
#6291 = ORIENTED_EDGE ( 'NONE', *, *, #4923, .F. ) ;
#6292 = CARTESIAN_POINT ( 'NONE',  ( -2.949999999999999289, 16.60000000000000142, 2.000000000000000000 ) ) ;
#6293 = FACE_OUTER_BOUND ( 'NONE', #4926, .T. ) ;
#6294 = ADVANCED_FACE ( 'NONE', ( #803 ), #2479, .F. ) ;
#6295 = VERTEX_POINT ( 'NONE', #1514 ) ;
#6296 = PLANE ( 'NONE',  #5895 ) ;
#6297 = LINE ( 'NONE', #1418, #2482 ) ;
#6298 = ORIENTED_EDGE ( 'NONE', *, *, #5348, .T. ) ;
#6299 = DIRECTION ( 'NONE',  ( -0.000000000000000000, -1.000000000000000000, -0.000000000000000000 ) ) ;
#6300 = DIRECTION ( 'NONE',  ( 0.000000000000000000, 0.000000000000000000, 1.000000000000000000 ) ) ;
#6301 = DIRECTION ( 'NONE',  ( -0.000000000000000000, -1.000000000000000000, -0.000000000000000000 ) ) ;
#6302 = CARTESIAN_POINT ( 'NONE',  ( -1.320000000000000062, 9.349999999999997868, -0.3199999999999995071 ) ) ;
#6303 = ORIENTED_EDGE ( 'NONE', *, *, #1367, .F. ) ;
#6304 = EDGE_LOOP ( 'NONE', ( #4487, #5511, #4938, #5443 ) ) ;
#6305 = CARTESIAN_POINT ( 'NONE',  ( -1.192610418006827322, -3.299999999999999822, 0.000000000000000000 ) ) ;
#6306 = AXIS2_PLACEMENT_3D ( 'NONE', #371, #4811, #6479 ) ;
#6307 = CARTESIAN_POINT ( 'NONE',  ( 5.500000000000001776, 14.09999999999999964, -0.1500000000000074885 ) ) ;
#6308 = CARTESIAN_POINT ( 'NONE',  ( 2.757498010897616147, 9.562924034993844913, 0.2425019891023852958 ) ) ;
#6309 = EDGE_CURVE ( 'NONE', #2769, #1175, #2576, .T. ) ;
#6310 = ORIENTED_EDGE ( 'NONE', *, *, #656, .F. ) ;
#6311 = CARTESIAN_POINT ( 'NONE',  ( -3.317564606778715230, -3.299999999999999822, 0.3200000000000005618 ) ) ;
#6312 = EDGE_LOOP ( 'NONE', ( #5497, #341, #6684, #2406 ) ) ;
#6313 = DIRECTION ( 'NONE',  ( 0.000000000000000000, 1.000000000000000000, 0.000000000000000000 ) ) ;
#6314 = CARTESIAN_POINT ( 'NONE',  ( -2.949999999999999289, 4.000000000000000000, 2.000000000000000444 ) ) ;
#6315 = LINE ( 'NONE', #1439, #4111 ) ;
#6316 = EDGE_CURVE ( 'NONE', #643, #2975, #5249, .T. ) ;
#6317 = EDGE_LOOP ( 'NONE', ( #708, #5327, #4971, #2454 ) ) ;
#6318 = DIRECTION ( 'NONE',  ( 0.000000000000000000, 0.000000000000000000, 1.000000000000000000 ) ) ;
#6319 = CARTESIAN_POINT ( 'NONE',  ( -4.899999999999999467, 14.09999999999999964, -2.400000000000002132 ) ) ;
#6320 = EDGE_LOOP ( 'NONE', ( #6869, #124, #5954, #1957 ) ) ;
#6321 = ORIENTED_EDGE ( 'NONE', *, *, #6426, .T. ) ;
#6322 = CARTESIAN_POINT ( 'NONE',  ( -5.049999999999999822, -1.100000000000000089, -1.500000000000000000 ) ) ;
#6323 = EDGE_CURVE ( 'NONE', #4385, #3115, #3552, .T. ) ;
#6324 = ORIENTED_EDGE ( 'NONE', *, *, #1660, .T. ) ;
#6325 = CYLINDRICAL_SURFACE ( 'NONE', #5476, 1.400000000000001021 ) ;
#6326 = EDGE_CURVE ( 'NONE', #6675, #3866, #4102, .T. ) ;
#6327 = DIRECTION ( 'NONE',  ( 0.000000000000000000, 0.000000000000000000, -1.000000000000000000 ) ) ;
#6328 = EDGE_CURVE ( 'NONE', #538, #6077, #382, .T. ) ;
#6329 = EDGE_CURVE ( 'NONE', #2284, #5082, #4751, .T. ) ;
#6330 = DIRECTION ( 'NONE',  ( -0.000000000000000000, -0.000000000000000000, 1.000000000000000000 ) ) ;
#6331 = CARTESIAN_POINT ( 'NONE',  ( -5.500000000000000000, 14.09999999999999964, -1.650000000000007461 ) ) ;
#6332 = ORIENTED_EDGE ( 'NONE', *, *, #2931, .T. ) ;
#6333 = DIRECTION ( 'NONE',  ( 0.000000000000000000, 0.000000000000000000, 1.000000000000000000 ) ) ;
#6334 = ADVANCED_FACE ( 'NONE', ( #2449 ), #3079, .F. ) ;
#6335 = FACE_OUTER_BOUND ( 'NONE', #5161, .T. ) ;
#6336 = EDGE_CURVE ( 'NONE', #3072, #3915, #4692, .T. ) ;
#6338 = CARTESIAN_POINT ( 'NONE',  ( 3.499999999999998668, 16.60000000000000142, -3.800000000000002043 ) ) ;
#6337 = AXIS2_PLACEMENT_3D ( 'NONE', #5871, #1569, #3756 ) ;
#6339 = DIRECTION ( 'NONE',  ( 0.000000000000000000, -0.000000000000000000, 1.000000000000000000 ) ) ;
#6340 =( GEOMETRIC_REPRESENTATION_CONTEXT ( 3 ) GLOBAL_UNCERTAINTY_ASSIGNED_CONTEXT ( ( #3087 ) ) GLOBAL_UNIT_ASSIGNED_CONTEXT ( ( #874, #6867, #1448 ) ) REPRESENTATION_CONTEXT ( 'NONE', 'WORKASPACE' ) );
#6341 = ORIENTED_EDGE ( 'NONE', *, *, #435, .F. ) ;
#6342 = DIRECTION ( 'NONE',  ( 0.000000000000000000, 0.000000000000000000, 1.000000000000000000 ) ) ;
#6343 = DIRECTION ( 'NONE',  ( 0.000000000000000000, 1.000000000000000000, 0.000000000000000000 ) ) ;
#6344 = VERTEX_POINT ( 'NONE', #355 ) ;
#6345 = DIRECTION ( 'NONE',  ( -1.000000000000000000, 0.000000000000000000, 0.000000000000000000 ) ) ;
#6346 = CARTESIAN_POINT ( 'NONE',  ( -0.8499999999999996447, 16.60000000000000142, 2.599999999999999645 ) ) ;
#6347 = DIRECTION ( 'NONE',  ( 7.228014483236698528E-16, -0.000000000000000000, -1.000000000000000000 ) ) ;
#6348 = AXIS2_PLACEMENT_3D ( 'NONE', #5855, #3560, #5728 ) ;
#6349 = VECTOR ( 'NONE', #6289, 1000.000000000000000 ) ;
#6350 = DIRECTION ( 'NONE',  ( 0.000000000000000000, -0.000000000000000000, 1.000000000000000000 ) ) ;
#6351 = ORIENTED_EDGE ( 'NONE', *, *, #4727, .T. ) ;
#6352 = VECTOR ( 'NONE', #5991, 1000.000000000000000 ) ;
#6353 = VECTOR ( 'NONE', #170, 1000.000000000000000 ) ;
#6354 = DIRECTION ( 'NONE',  ( -0.000000000000000000, -1.000000000000000000, -0.000000000000000000 ) ) ;
#6355 = VECTOR ( 'NONE', #1162, 1000.000000000000000 ) ;
#6356 = CARTESIAN_POINT ( 'NONE',  ( 3.499999999999998668, 16.60000000000000142, 2.000000000000000000 ) ) ;
#6357 = EDGE_LOOP ( 'NONE', ( #1719, #728, #4997, #6240 ) ) ;
#6358 = EDGE_LOOP ( 'NONE', ( #2110, #2480, #3902, #361, #4200, #3337 ) ) ;
#6359 = EDGE_CURVE ( 'NONE', #2189, #5452, #1979, .T. ) ;
#6360 = CARTESIAN_POINT ( 'NONE',  ( 4.899999999999997691, 16.60000000000000142, 0.5999999999999995337 ) ) ;
#6361 = DIRECTION ( 'NONE',  ( -0.000000000000000000, -0.000000000000000000, -1.000000000000000000 ) ) ;
#6362 = CIRCLE ( 'NONE', #426, 0.2999999999999999334 ) ;
#6363 = ORIENTED_EDGE ( 'NONE', *, *, #3217, .F. ) ;
#6364 = DIRECTION ( 'NONE',  ( -1.000000000000000000, -0.000000000000000000, 1.239088197126291310E-16 ) ) ;
#6365 = DIRECTION ( 'NONE',  ( 9.293161478447178046E-16, 0.000000000000000000, 1.000000000000000000 ) ) ;
#6366 = VECTOR ( 'NONE', #5739, 1000.000000000000000 ) ;
#6367 = EDGE_CURVE ( 'NONE', #5286, #2644, #6017, .T. ) ;
#6368 = CYLINDRICAL_SURFACE ( 'NONE', #2379, 0.2000000000000000944 ) ;
#6369 = DIRECTION ( 'NONE',  ( -0.000000000000000000, 1.000000000000000000, -0.000000000000000000 ) ) ;
#6370 = VECTOR ( 'NONE', #4912, 1000.000000000000000 ) ;
#6371 = EDGE_LOOP ( 'NONE', ( #5622, #6794, #695, #2801 ) ) ;
#6372 = DIRECTION ( 'NONE',  ( -1.000000000000000000, 0.000000000000000000, 1.239088197126291310E-16 ) ) ;
#6373 = CARTESIAN_POINT ( 'NONE',  ( 3.190659780604994555, -3.288897266363071559, 0.3200000000000005618 ) ) ;
#6374 = CARTESIAN_POINT ( 'NONE',  ( 2.949999999999998845, 16.60000000000000142, 2.000000000000000000 ) ) ;
#6375 = LINE ( 'NONE', #2141, #1097 ) ;
#6376 = VECTOR ( 'NONE', #4045, 1000.000000000000000 ) ;
#6377 = VECTOR ( 'NONE', #3120, 1000.000000000000000 ) ;
#6378 = VERTEX_POINT ( 'NONE', #5185 ) ;
#6379 = DIRECTION ( 'NONE',  ( 1.000000000000000000, 0.000000000000000000, -1.694065894508601171E-16 ) ) ;
#6380 = DIRECTION ( 'NONE',  ( 0.000000000000000000, -0.000000000000000000, -1.000000000000000000 ) ) ;
#6381 = VERTEX_POINT ( 'NONE', #4721 ) ;
#6382 = DIRECTION ( 'NONE',  ( -0.3236155771181827845, -0.8891264907159898145, 0.3236155771181827845 ) ) ;
#6383 = CARTESIAN_POINT ( 'NONE',  ( -3.190659780604994555, -3.288897266363071559, 0.3200000000000005618 ) ) ;
#6384 = LINE ( 'NONE', #5210, #6918 ) ;
#6385 = AXIS2_PLACEMENT_3D ( 'NONE', #2416, #6313, #2982 ) ;
#6386 = LINE ( 'NONE', #5686, #6704 ) ;
#6387 = EDGE_LOOP ( 'NONE', ( #6813, #5609, #741, #6689, #281 ) ) ;
#6388 = CARTESIAN_POINT ( 'NONE',  ( 0.000000000000000000, -3.299999999999999822, 0.1926104180068278493 ) ) ;
#6389 = CARTESIAN_POINT ( 'NONE',  ( -2.599999999999999645, 11.00000000000000000, -3.800000000000001599 ) ) ;
#6390 = ORIENTED_EDGE ( 'NONE', *, *, #877, .T. ) ;
#6391 = ORIENTED_EDGE ( 'NONE', *, *, #2118, .T. ) ;
#6392 = CARTESIAN_POINT ( 'NONE',  ( 3.510791076685687351, -1.050370056351370263, 0.3200000000000005618 ) ) ;
#6393 = FACE_OUTER_BOUND ( 'NONE', #2124, .T. ) ;
#6394 = DIRECTION ( 'NONE',  ( 0.000000000000000000, 0.000000000000000000, -1.000000000000000000 ) ) ;
#6395 = AXIS2_PLACEMENT_3D ( 'NONE', #3587, #6863, #2483 ) ;
#6396 = EDGE_CURVE ( 'NONE', #4036, #4255, #6315, .T. ) ;
#6397 = ORIENTED_EDGE ( 'NONE', *, *, #4468, .F. ) ;
#6398 = EDGE_CURVE ( 'NONE', #3840, #4002, #7039, .T. ) ;
#6399 = CARTESIAN_POINT ( 'NONE',  ( -1.250000000000000222, 16.60000000000000142, 2.200000000000000178 ) ) ;
#6400 = EDGE_LOOP ( 'NONE', ( #1802, #4651, #2741, #1932 ) ) ;
#6401 = LINE ( 'NONE', #5400, #4461 ) ;
#6402 = CARTESIAN_POINT ( 'NONE',  ( -3.319999999999999840, 16.60000000000000142, 0.3200000000000005618 ) ) ;
#6403 = DIRECTION ( 'NONE',  ( 0.000000000000000000, -1.000000000000000000, 0.000000000000000000 ) ) ;
#6404 = VERTEX_POINT ( 'NONE', #260 ) ;
#6405 = EDGE_CURVE ( 'NONE', #4552, #4671, #4876, .T. ) ;
#6406 = CARTESIAN_POINT ( 'NONE',  ( 1.599999999999999867, 14.00000000000000000, -4.800000000000002487 ) ) ;
#6407 = CARTESIAN_POINT ( 'NONE',  ( -2.749999999999999556, 4.000000000000000000, 2.499999999999999556 ) ) ;
#6408 = DIRECTION ( 'NONE',  ( -1.000000000000000000, 0.000000000000000000, 1.885568995626964533E-16 ) ) ;
#6409 = EDGE_CURVE ( 'NONE', #4688, #5962, #1946, .T. ) ;
#6410 = VECTOR ( 'NONE', #5631, 1000.000000000000000 ) ;
#6411 = ORIENTED_EDGE ( 'NONE', *, *, #3410, .F. ) ;
#6412 = CARTESIAN_POINT ( 'NONE',  ( -1.320000000000000062, 16.60000000000000142, 0.3200000000000005618 ) ) ;
#6413 = DIRECTION ( 'NONE',  ( -0.000000000000000000, 1.000000000000000000, -0.000000000000000000 ) ) ;
#6414 = PLANE ( 'NONE',  #5147 ) ;
#6415 = LINE ( 'NONE', #6383, #3081 ) ;
#6416 = ADVANCED_FACE ( 'NONE', ( #3657 ), #2047, .T. ) ;
#6417 = PLANE ( 'NONE',  #4551 ) ;
#6418 = EDGE_CURVE ( 'NONE', #501, #4380, #6386, .T. ) ;
#6419 = CARTESIAN_POINT ( 'NONE',  ( -3.499999999999998224, 16.60000000000000142, 0.5999999999999996447 ) ) ;
#6420 = EDGE_LOOP ( 'NONE', ( #46, #5483, #4180, #3830 ) ) ;
#6421 = CARTESIAN_POINT ( 'NONE',  ( -0.8275611012819393819, -3.355420793761980214, 0.1724388987180612010 ) ) ;
#6422 = LINE ( 'NONE', #536, #253 ) ;
#6423 = EDGE_CURVE ( 'NONE', #4441, #6662, #1035, .T. ) ;
#6424 = VERTEX_POINT ( 'NONE', #5309 ) ;
#6425 = PRODUCT_DEFINITION_CONTEXT ( 'detailed design', #3325, 'design' ) ;
#6426 = EDGE_CURVE ( 'NONE', #1779, #4425, #3731, .T. ) ;
#6427 = DIRECTION ( 'NONE',  ( -5.782411586589356653E-16, 0.000000000000000000, 1.000000000000000000 ) ) ;
#6428 = CARTESIAN_POINT ( 'NONE',  ( -0.6800000000000000488, 9.349999999999997868, 0.3200000000000005618 ) ) ;
#6429 = FILL_AREA_STYLE ('',( #4798 ) ) ;
#6430 = ORIENTED_EDGE ( 'NONE', *, *, #187, .F. ) ;
#6431 = CARTESIAN_POINT ( 'NONE',  ( 1.150000000000000799, 0.000000000000000000, 2.599999999999999645 ) ) ;
#6432 = ORIENTED_EDGE ( 'NONE', *, *, #1404, .F. ) ;
#6433 = CARTESIAN_POINT ( 'NONE',  ( -2.949999999999999289, 16.60000000000000142, 2.000000000000000444 ) ) ;
#6434 = CARTESIAN_POINT ( 'NONE',  ( -3.319999999999999840, 4.000000000000000000, 0.3200000000000005618 ) ) ;
#6435 = ADVANCED_FACE ( 'NONE', ( #462 ), #4300, .T. ) ;
#6436 = LINE ( 'NONE', #6012, #5888 ) ;
#6437 = VERTEX_POINT ( 'NONE', #2119 ) ;
#6438 = CARTESIAN_POINT ( 'NONE',  ( -3.200000000000000178, 9.993063673496065391, -4.801851860026686403 ) ) ;
#6439 = PLANE ( 'NONE',  #1186 ) ;
#6440 = DIRECTION ( 'NONE',  ( 0.4539904997395411979, 0.000000000000000000, -0.8910065241883707854 ) ) ;
#6441 = EDGE_CURVE ( 'NONE', #6121, #662, #5680, .T. ) ;
#6442 = ORIENTED_EDGE ( 'NONE', *, *, #540, .T. ) ;
#6443 = FACE_OUTER_BOUND ( 'NONE', #5297, .T. ) ;
#6444 = DIRECTION ( 'NONE',  ( -2.891205793294679312E-16, -0.000000000000000000, -1.000000000000000000 ) ) ;
#6445 = EDGE_CURVE ( 'NONE', #190, #2550, #3214, .T. ) ;
#6446 = ORIENTED_EDGE ( 'NONE', *, *, #71, .T. ) ;
#6447 = CARTESIAN_POINT ( 'NONE',  ( 3.319999999999999840, 0.000000000000000000, 0.3200000000000004508 ) ) ;
#6448 = DIRECTION ( 'NONE',  ( -0.000000000000000000, -1.000000000000000000, -0.000000000000000000 ) ) ;
#6449 = DIRECTION ( 'NONE',  ( 1.000000000000000000, 0.000000000000000000, 0.000000000000000000 ) ) ;
#6450 = EDGE_CURVE ( 'NONE', #474, #5267, #7023, .T. ) ;
#6451 = CARTESIAN_POINT ( 'NONE',  ( -1.600000000000000977, 14.00000000000000000, -5.500000000000001776 ) ) ;
#6452 = CIRCLE ( 'NONE', #200, 0.2000000000000000944 ) ;
#6453 = VERTEX_POINT ( 'NONE', #6451 ) ;
#6454 = EDGE_CURVE ( 'NONE', #68, #2284, #5881, .T. ) ;
#6455 = DIRECTION ( 'NONE',  ( 0.3998766018400037869, 0.8575381399957422435, 0.3236155771181815632 ) ) ;
#6456 = VECTOR ( 'NONE', #73, 1000.000000000000000 ) ;
#6457 = CARTESIAN_POINT ( 'NONE',  ( 2.850000000000000533, 0.000000000000000000, 2.899999999999999023 ) ) ;
#6458 = AXIS2_PLACEMENT_3D ( 'NONE', #2357, #1884, #2854 ) ;
#6459 = VERTEX_POINT ( 'NONE', #5385 ) ;
#6460 = ORIENTED_EDGE ( 'NONE', *, *, #71, .F. ) ;
#6461 = DIRECTION ( 'NONE',  ( 0.4539904997395411979, 0.000000000000000000, -0.8910065241883707854 ) ) ;
#6462 = LINE ( 'NONE', #3849, #5322 ) ;
#6463 = CARTESIAN_POINT ( 'NONE',  ( 0.000000000000000000, -3.299999999999999822, 0.000000000000000000 ) ) ;
#6464 = AXIS2_PLACEMENT_3D ( 'NONE', #188, #5088, #765 ) ;
#6465 = AXIS2_PLACEMENT_3D ( 'NONE', #1300, #644, #6067 ) ;
#6466 = EDGE_CURVE ( 'NONE', #97, #1813, #2723, .T. ) ;
#6467 = VECTOR ( 'NONE', #5510, 1000.000000000000000 ) ;
#6468 = ORIENTED_EDGE ( 'NONE', *, *, #1302, .T. ) ;
#6469 = LINE ( 'NONE', #45, #5928 ) ;
#6470 = ORIENTED_EDGE ( 'NONE', *, *, #646, .T. ) ;
#6471 = DIRECTION ( 'NONE',  ( 0.000000000000000000, -1.000000000000000000, 0.000000000000000000 ) ) ;
#6472 = VECTOR ( 'NONE', #853, 1000.000000000000000 ) ;
#6473 = CARTESIAN_POINT ( 'NONE',  ( 2.869649486113213133, -1.076516779175668015, 0.3200000000000005618 ) ) ;
#6474 = AXIS2_PLACEMENT_3D ( 'NONE', #1370, #3547, #5843 ) ;
#6475 = DIRECTION ( 'NONE',  ( 1.445602896647341480E-15, 0.000000000000000000, -1.000000000000000000 ) ) ;
#6476 = EDGE_LOOP ( 'NONE', ( #5590, #6501, #1490, #4275 ) ) ;
#6477 = CIRCLE ( 'NONE', #2508, 1.400000000000000355 ) ;
#6478 = DIRECTION ( 'NONE',  ( -0.000000000000000000, -1.000000000000000000, -0.000000000000000000 ) ) ;
#6479 = DIRECTION ( 'NONE',  ( -1.000000000000000000, 0.000000000000000000, 0.000000000000000000 ) ) ;
#6480 = DIRECTION ( 'NONE',  ( 0.000000000000000000, -0.000000000000000000, -1.000000000000000000 ) ) ;
#6481 = AXIS2_PLACEMENT_3D ( 'NONE', #3633, #6900, #817 ) ;
#6482 = ORIENTED_EDGE ( 'NONE', *, *, #3687, .T. ) ;
#6483 = ORIENTED_EDGE ( 'NONE', *, *, #4121, .T. ) ;
#6484 = ADVANCED_FACE ( 'NONE', ( #3769 ), #4268, .F. ) ;
#6485 = ORIENTED_EDGE ( 'NONE', *, *, #5146, .F. ) ;
#6486 = DIRECTION ( 'NONE',  ( 0.000000000000000000, 0.000000000000000000, -1.000000000000000000 ) ) ;
#6487 = CARTESIAN_POINT ( 'NONE',  ( -5.049999999999999822, -1.199999999999999956, -1.500000000000000000 ) ) ;
#6488 = AXIS2_PLACEMENT_3D ( 'NONE', #477, #1049, #1495 ) ;
#6489 = ORIENTED_EDGE ( 'NONE', *, *, #836, .T. ) ;
#6490 = LINE ( 'NONE', #378, #6850 ) ;
#6491 = LINE ( 'NONE', #5917, #1021 ) ;
#6492 = DIRECTION ( 'NONE',  ( 0.4539904997395411979, -0.000000000000000000, 0.8910065241883707854 ) ) ;
#6493 = CARTESIAN_POINT ( 'NONE',  ( 1.649999999999999467, 7.900000000000000355, 1.499999999999999112 ) ) ;
#6494 = EDGE_CURVE ( 'NONE', #6586, #5534, #496, .T. ) ;
#6495 = CIRCLE ( 'NONE', #1025, 0.7999999999999999334 ) ;
#6496 = VERTEX_POINT ( 'NONE', #2683 ) ;
#6497 = ADVANCED_FACE ( 'NONE', ( #573 ), #4853, .T. ) ;
#6498 = CYLINDRICAL_SURFACE ( 'NONE', #4773, 0.9399999999999989475 ) ;
#6499 = FACE_BOUND ( 'NONE', #5830, .T. ) ;
#6500 = EDGE_LOOP ( 'NONE', ( #149, #5567, #2229, #2889 ) ) ;
#6501 = ORIENTED_EDGE ( 'NONE', *, *, #5312, .T. ) ;
#6502 = VECTOR ( 'NONE', #1311, 1000.000000000000000 ) ;
#6503 = DIRECTION ( 'NONE',  ( 0.000000000000000000, 0.000000000000000000, -1.000000000000000000 ) ) ;
#6504 = CARTESIAN_POINT ( 'NONE',  ( 2.815755189180201068, -0.8771863862500131059, -0.3199999999999998956 ) ) ;
#6505 = DIRECTION ( 'NONE',  ( -0.000000000000000000, -0.3420201433256664925, -0.9396926207859093161 ) ) ;
#6506 = VECTOR ( 'NONE', #3330, 1000.000000000000000 ) ;
#6507 = ORIENTED_EDGE ( 'NONE', *, *, #4137, .F. ) ;
#6508 = ADVANCED_FACE ( 'NONE', ( #3180 ), #30, .F. ) ;
#6509 = CARTESIAN_POINT ( 'NONE',  ( -2.949999999999999289, 16.60000000000000142, 2.200000000000000178 ) ) ;
#6510 = ORIENTED_EDGE ( 'NONE', *, *, #2795, .F. ) ;
#6511 = DIRECTION ( 'NONE',  ( 0.000000000000000000, 1.000000000000000000, 0.000000000000000000 ) ) ;
#6512 = ADVANCED_FACE ( 'NONE', ( #2228 ), #4821, .F. ) ;
#6513 = EDGE_CURVE ( 'NONE', #4163, #4036, #965, .T. ) ;
#6514 = DIRECTION ( 'NONE',  ( 1.000000000000000000, 0.000000000000000000, 0.000000000000000000 ) ) ;
#6515 = LINE ( 'NONE', #2246, #2830 ) ;
#6516 = VERTEX_POINT ( 'NONE', #6561 ) ;
#6517 = VECTOR ( 'NONE', #3018, 1000.000000000000000 ) ;
#6518 = CARTESIAN_POINT ( 'NONE',  ( 1.320000000000000062, 9.349999999999997868, 0.3200000000000005618 ) ) ;
#6519 = CARTESIAN_POINT ( 'NONE',  ( -2.349999999999999645, 16.60000000000000142, 2.099999999999999645 ) ) ;
#6520 = EDGE_CURVE ( 'NONE', #2589, #2690, #3810, .T. ) ;
#6521 = FACE_OUTER_BOUND ( 'NONE', #104, .T. ) ;
#6522 = ORIENTED_EDGE ( 'NONE', *, *, #5437, .F. ) ;
#6523 = CARTESIAN_POINT ( 'NONE',  ( 0.000000000000000000, -3.299999999999999822, -0.1926104180068267668 ) ) ;
#6524 = EDGE_LOOP ( 'NONE', ( #463, #1780, #1295, #143 ) ) ;
#6525 = CARTESIAN_POINT ( 'NONE',  ( -3.319999999999999396, 9.349999999999997868, 0.3200000000000005618 ) ) ;
#6526 = CARTESIAN_POINT ( 'NONE',  ( 0.6800000000000000488, 16.60000000000000142, 0.3200000000000005618 ) ) ;
#6527 = ORIENTED_EDGE ( 'NONE', *, *, #187, .T. ) ;
#6528 = CARTESIAN_POINT ( 'NONE',  ( 1.320000000000000062, 9.349999999999997868, -0.3199999999999995071 ) ) ;
#6529 = DIRECTION ( 'NONE',  ( -0.000000000000000000, -1.000000000000000000, -0.000000000000000000 ) ) ;
#6530 = ORIENTED_EDGE ( 'NONE', *, *, #1885, .T. ) ;
#6531 = CARTESIAN_POINT ( 'NONE',  ( 1.320000000000000062, 16.60000000000000142, 0.3200000000000004508 ) ) ;
#6532 = FACE_OUTER_BOUND ( 'NONE', #2903, .T. ) ;
#6533 = EDGE_LOOP ( 'NONE', ( #6140, #6468, #5381, #5859 ) ) ;
#6534 = VERTEX_POINT ( 'NONE', #1071 ) ;
#6535 = CARTESIAN_POINT ( 'NONE',  ( 1.650000000000000355, 16.60000000000000142, 2.099999999999998757 ) ) ;
#6536 =( NAMED_UNIT ( * ) PLANE_ANGLE_UNIT ( ) SI_UNIT ( $, .RADIAN. ) );
#6537 = CARTESIAN_POINT ( 'NONE',  ( -3.202277744889249433, -2.938576763391016478, 0.3200000000000005618 ) ) ;
#6538 = ORIENTED_EDGE ( 'NONE', *, *, #6246, .T. ) ;
#6539 = EDGE_CURVE ( 'NONE', #5099, #4044, #5848, .T. ) ;
#6540 = ORIENTED_EDGE ( 'NONE', *, *, #4208, .T. ) ;
#6541 = CARTESIAN_POINT ( 'NONE',  ( -2.680000000000001048, 9.700000000000001066, 0.3200000000000005618 ) ) ;
#6542 = CARTESIAN_POINT ( 'NONE',  ( -1.600000000000000977, 9.799999999999998934, -5.500000000000001776 ) ) ;
#6543 = ORIENTED_EDGE ( 'NONE', *, *, #4543, .T. ) ;
#6544 = DIRECTION ( 'NONE',  ( 1.000000000000000000, 0.000000000000000000, 0.000000000000000000 ) ) ;
#6545 = DIRECTION ( 'NONE',  ( -1.000000000000000000, 0.000000000000000000, 0.000000000000000000 ) ) ;
#6546 = FACE_OUTER_BOUND ( 'NONE', #4791, .T. ) ;
#6547 = EDGE_CURVE ( 'NONE', #805, #3188, #3170, .T. ) ;
#6548 = ORIENTED_EDGE ( 'NONE', *, *, #5017, .T. ) ;
#6549 = ORIENTED_EDGE ( 'NONE', *, *, #2622, .T. ) ;
#6550 = LINE ( 'NONE', #1132, #6834 ) ;
#6551 = DIRECTION ( 'NONE',  ( 0.000000000000000000, 0.000000000000000000, 1.000000000000000000 ) ) ;
#6552 = AXIS2_PLACEMENT_3D ( 'NONE', #1591, #3222, #6427 ) ;
#6553 = PLANE ( 'NONE',  #4752 ) ;
#6554 = EDGE_CURVE ( 'NONE', #3674, #6566, #690, .T. ) ;
#6555 = ORIENTED_EDGE ( 'NONE', *, *, #5330, .F. ) ;
#6556 = CARTESIAN_POINT ( 'NONE',  ( -3.499999999999998224, 4.000000000000000000, -3.800000000000001599 ) ) ;
#6557 = ORIENTED_EDGE ( 'NONE', *, *, #2195, .T. ) ;
#6558 = LINE ( 'NONE', #3357, #3094 ) ;
#6559 = ORIENTED_EDGE ( 'NONE', *, *, #1689, .T. ) ;
#6560 = LINE ( 'NONE', #3875, #3277 ) ;
#6561 = CARTESIAN_POINT ( 'NONE',  ( -2.600000000000000089, 11.00000000000000000, -3.300000000000001155 ) ) ;
#6562 = EDGE_CURVE ( 'NONE', #4058, #1330, #5499, .T. ) ;
#6563 = ORIENTED_EDGE ( 'NONE', *, *, #6258, .F. ) ;
#6564 = LINE ( 'NONE', #5924, #553 ) ;
#6565 = LINE ( 'NONE', #5536, #5933 ) ;
#6566 = VERTEX_POINT ( 'NONE', #2263 ) ;
#6567 = ORIENTED_EDGE ( 'NONE', *, *, #5362, .F. ) ;
#6568 = CARTESIAN_POINT ( 'NONE',  ( 3.499999999999998668, 16.60000000000000142, -3.800000000000002043 ) ) ;
#6569 = VECTOR ( 'NONE', #1505, 1000.000000000000000 ) ;
#6570 = FILL_AREA_STYLE ('',( #4904 ) ) ;
#6571 = CARTESIAN_POINT ( 'NONE',  ( 2.749999999999999112, 4.000000000000000000, 2.200000000000000178 ) ) ;
#6572 = VERTEX_POINT ( 'NONE', #1726 ) ;
#6573 = ORIENTED_EDGE ( 'NONE', *, *, #2102, .T. ) ;
#6574 = VECTOR ( 'NONE', #5321, 1000.000000000000000 ) ;
#6575 = AXIS2_PLACEMENT_3D ( 'NONE', #4603, #5131, #162 ) ;
#6576 = PLANE ( 'NONE',  #2396 ) ;
#6577 = DIRECTION ( 'NONE',  ( -1.000000000000000000, 0.000000000000000000, 0.000000000000000000 ) ) ;
#6578 = EDGE_CURVE ( 'NONE', #5058, #1053, #4677, .T. ) ;
#6579 = DIRECTION ( 'NONE',  ( -8.545435842250280986E-17, -1.000000000000000000, 0.000000000000000000 ) ) ;
#6580 = DIRECTION ( 'NONE',  ( 0.000000000000000000, 0.000000000000000000, 1.000000000000000000 ) ) ;
#6582 = AXIS2_PLACEMENT_3D ( 'NONE', #4549, #1184, #5080 ) ;
#6581 = DIRECTION ( 'NONE',  ( -0.000000000000000000, -1.000000000000000000, -0.000000000000000000 ) ) ;
#6583 = AXIS2_PLACEMENT_3D ( 'NONE', #6541, #1197, #2776 ) ;
#6584 = ADVANCED_FACE ( 'NONE', ( #2465 ), #1687, .F. ) ;
#6585 = ORIENTED_EDGE ( 'NONE', *, *, #6423, .F. ) ;
#6586 = VERTEX_POINT ( 'NONE', #608 ) ;
#6587 = VECTOR ( 'NONE', #5919, 1000.000000000000000 ) ;
#6588 = EDGE_CURVE ( 'NONE', #6709, #6751, #2304, .T. ) ;
#6589 = CARTESIAN_POINT ( 'NONE',  ( 1.049999999999999822, 16.60000000000000142, 2.000000000000000000 ) ) ;
#6590 = AXIS2_PLACEMENT_3D ( 'NONE', #2374, #1304, #222 ) ;
#6591 = CYLINDRICAL_SURFACE ( 'NONE', #6196, 2.000000000000000888 ) ;
#6592 = EDGE_LOOP ( 'NONE', ( #1398, #4563, #6522, #5504 ) ) ;
#6593 = LINE ( 'NONE', #560, #1819 ) ;
#6594 = ORIENTED_EDGE ( 'NONE', *, *, #3011, .F. ) ;
#6595 = CIRCLE ( 'NONE', #1938, 0.2000000000000000944 ) ;
#6596 = ORIENTED_EDGE ( 'NONE', *, *, #528, .F. ) ;
#6597 = PLANE ( 'NONE',  #6826 ) ;
#6598 = ORIENTED_EDGE ( 'NONE', *, *, #3270, .T. ) ;
#6599 = DIRECTION ( 'NONE',  ( 0.000000000000000000, 1.000000000000000000, 0.000000000000000000 ) ) ;
#6600 = ORIENTED_EDGE ( 'NONE', *, *, #6396, .F. ) ;
#6601 = PLANE ( 'NONE',  #2384 ) ;
#6602 = VECTOR ( 'NONE', #2590, 1000.000000000000000 ) ;
#6603 = DIRECTION ( 'NONE',  ( -0.000000000000000000, -1.000000000000000000, -0.000000000000000000 ) ) ;
#6604 = ADVANCED_FACE ( 'NONE', ( #3397 ), #5574, .F. ) ;
#6605 = VECTOR ( 'NONE', #4810, 1000.000000000000000 ) ;
#6606 = ORIENTED_EDGE ( 'NONE', *, *, #7064, .F. ) ;
#6607 = DIRECTION ( 'NONE',  ( 1.445602896647341480E-15, 0.000000000000000000, -1.000000000000000000 ) ) ;
#6608 = CARTESIAN_POINT ( 'NONE',  ( -1.850000000000000533, 9.799999999999998934, -4.400000000000001243 ) ) ;
#6609 = ORIENTED_EDGE ( 'NONE', *, *, #5312, .F. ) ;
#6610 = FACE_OUTER_BOUND ( 'NONE', #672, .T. ) ;
#6611 = FACE_OUTER_BOUND ( 'NONE', #3016, .T. ) ;
#6612 = EDGE_CURVE ( 'NONE', #5915, #1980, #2501, .T. ) ;
#6613 = AXIS2_PLACEMENT_3D ( 'NONE', #1705, #4391, #3304 ) ;
#6614 = ORIENTED_EDGE ( 'NONE', *, *, #3879, .F. ) ;
#6615 = ORIENTED_EDGE ( 'NONE', *, *, #1458, .F. ) ;
#6616 = FACE_OUTER_BOUND ( 'NONE', #6669, .T. ) ;
#6617 = VECTOR ( 'NONE', #1014, 1000.000000000000227 ) ;
#6618 = DIRECTION ( 'NONE',  ( -0.000000000000000000, -1.000000000000000000, -0.000000000000000000 ) ) ;
#6619 = ORIENTED_EDGE ( 'NONE', *, *, #5557, .T. ) ;
#6620 = DIRECTION ( 'NONE',  ( 0.000000000000000000, 0.000000000000000000, 1.000000000000000000 ) ) ;
#6621 = EDGE_CURVE ( 'NONE', #2662, #6643, #4122, .T. ) ;
#6622 = EDGE_CURVE ( 'NONE', #1759, #4314, #5047, .T. ) ;
#6623 = CARTESIAN_POINT ( 'NONE',  ( -1.199999999999999734, 4.000000000000000000, -4.100000000000002309 ) ) ;
#6624 = VECTOR ( 'NONE', #3321, 1000.000000000000000 ) ;
#6625 = DIRECTION ( 'NONE',  ( -1.000000000000000000, 0.000000000000000000, -0.000000000000000000 ) ) ;
#6626 = ADVANCED_FACE ( 'NONE', ( #1397 ), #2828, .F. ) ;
#6627 = ORIENTED_EDGE ( 'NONE', *, *, #3999, .F. ) ;
#6628 = ORIENTED_EDGE ( 'NONE', *, *, #1540, .T. ) ;
#6629 = DIRECTION ( 'NONE',  ( -0.000000000000000000, -1.000000000000000000, -0.000000000000000000 ) ) ;
#6630 = COLOUR_RGB ( '',0.7921568627450980005, 0.8196078431372548767, 0.9333333333333333481 ) ;
#6631 = DIRECTION ( 'NONE',  ( -1.000000000000000000, 0.000000000000000000, 0.000000000000000000 ) ) ;
#6632 = CARTESIAN_POINT ( 'NONE',  ( 5.500000000000000000, 16.60000000000000142, -2.400000000000002576 ) ) ;
#6633 = PLANE ( 'NONE',  #5663 ) ;
#6634 = AXIS2_PLACEMENT_3D ( 'NONE', #5160, #1950, #5284 ) ;
#6635 = ADVANCED_FACE ( 'NONE', ( #1892 ), #2337, .F. ) ;
#6636 = ORIENTED_EDGE ( 'NONE', *, *, #2931, .F. ) ;
#6637 = LINE ( 'NONE', #2904, #680 ) ;
#6638 = VERTEX_POINT ( 'NONE', #6232 ) ;
#6639 = ORIENTED_EDGE ( 'NONE', *, *, #3770, .T. ) ;
#6640 = PLANE ( 'NONE',  #3753 ) ;
#6641 = CARTESIAN_POINT ( 'NONE',  ( -2.680000000000001048, 9.349999999999997868, 0.3200000000000005618 ) ) ;
#6642 = EDGE_CURVE ( 'NONE', #2932, #1563, #4515, .T. ) ;
#6643 = VERTEX_POINT ( 'NONE', #3569 ) ;
#6644 = DIRECTION ( 'NONE',  ( -0.000000000000000000, -0.000000000000000000, -1.000000000000000000 ) ) ;
#6645 = EDGE_CURVE ( 'NONE', #3482, #332, #3030, .T. ) ;
#6646 = DIRECTION ( 'NONE',  ( -0.000000000000000000, -1.000000000000000000, -0.000000000000000000 ) ) ;
#6647 = VERTEX_POINT ( 'NONE', #2499 ) ;
#6648 = CARTESIAN_POINT ( 'NONE',  ( -2.400000000000000355, 9.799999999999998934, -5.500000000000001776 ) ) ;
#6649 = DIRECTION ( 'NONE',  ( 1.000000000000000000, 0.000000000000000000, -1.885568995626964287E-16 ) ) ;
#6650 = ORIENTED_EDGE ( 'NONE', *, *, #6745, .T. ) ;
#6651 = EDGE_CURVE ( 'NONE', #5923, #2189, #3878, .T. ) ;
#6652 = DIRECTION ( 'NONE',  ( -0.000000000000000000, -1.000000000000000000, -0.000000000000000000 ) ) ;
#6653 = EDGE_LOOP ( 'NONE', ( #6221, #6573, #2732, #1553 ) ) ;
#6654 = ADVANCED_FACE ( 'NONE', ( #3326 ), #62, .T. ) ;
#6655 = VECTOR ( 'NONE', #6279, 1000.000000000000000 ) ;
#6656 = FACE_BOUND ( 'NONE', #4734, .T. ) ;
#6657 = ORIENTED_EDGE ( 'NONE', *, *, #2532, .F. ) ;
#6658 = EDGE_LOOP ( 'NONE', ( #3256, #755, #1027, #6811 ) ) ;
#6659 = DIRECTION ( 'NONE',  ( -0.000000000000000000, 0.000000000000000000, 1.000000000000000000 ) ) ;
#6660 = LINE ( 'NONE', #3266, #5773 ) ;
#6661 = PLANE ( 'NONE',  #7025 ) ;
#6662 = VERTEX_POINT ( 'NONE', #4216 ) ;
#6663 = PLANE ( 'NONE',  #574 ) ;
#6664 = DIRECTION ( 'NONE',  ( 1.000000000000000000, 0.000000000000000000, 0.000000000000000000 ) ) ;
#6665 = DIRECTION ( 'NONE',  ( -0.000000000000000000, -1.000000000000000000, -0.000000000000000000 ) ) ;
#6666 = ORIENTED_EDGE ( 'NONE', *, *, #487, .T. ) ;
#6667 = ADVANCED_FACE ( 'NONE', ( #5763 ), #1019, .T. ) ;
#6668 = FACE_OUTER_BOUND ( 'NONE', #1224, .T. ) ;
#6669 = EDGE_LOOP ( 'NONE', ( #5537, #3141, #4114, #5682 ) ) ;
#6670 = AXIS2_PLACEMENT_3D ( 'NONE', #430, #5429, #2735 ) ;
#6671 = FACE_OUTER_BOUND ( 'NONE', #2249, .T. ) ;
#6672 = ORIENTED_EDGE ( 'NONE', *, *, #2104, .F. ) ;
#6673 = PLANE ( 'NONE',  #591 ) ;
#6674 = EDGE_CURVE ( 'NONE', #2550, #4176, #1474, .T. ) ;
#6675 = VERTEX_POINT ( 'NONE', #1962 ) ;
#6676 = DIRECTION ( 'NONE',  ( -1.000000000000000000, 0.000000000000000000, 1.694065894508601171E-16 ) ) ;
#6677 = ADVANCED_FACE ( 'NONE', ( #399 ), #4155, .F. ) ;
#6678 = ORIENTED_EDGE ( 'NONE', *, *, #1711, .F. ) ;
#6679 = CARTESIAN_POINT ( 'NONE',  ( 1.320000000000000062, 4.000000000000000000, 0.3200000000000004508 ) ) ;
#6680 = DIRECTION ( 'NONE',  ( -1.000000000000000000, 0.000000000000000000, 0.000000000000000000 ) ) ;
#6681 = EDGE_CURVE ( 'NONE', #952, #1639, #3678, .T. ) ;
#6682 = PLANE ( 'NONE',  #173 ) ;
#6683 = DIRECTION ( 'NONE',  ( 1.000000000000000000, 0.000000000000000000, -0.000000000000000000 ) ) ;
#6684 = ORIENTED_EDGE ( 'NONE', *, *, #6148, .F. ) ;
#6685 = DIRECTION ( 'NONE',  ( -1.275531967630005245E-16, -1.000000000000000000, -0.000000000000000000 ) ) ;
#6686 = ORIENTED_EDGE ( 'NONE', *, *, #6861, .F. ) ;
#6687 = AXIS2_PLACEMENT_3D ( 'NONE', #5762, #6774, #4639 ) ;
#6688 = DIRECTION ( 'NONE',  ( 0.000000000000000000, 1.000000000000000000, 0.000000000000000000 ) ) ;
#6689 = ORIENTED_EDGE ( 'NONE', *, *, #1128, .T. ) ;
#6690 = ORIENTED_EDGE ( 'NONE', *, *, #5980, .F. ) ;
#6691 = CARTESIAN_POINT ( 'NONE',  ( -3.419999999999998597, -0.4500000000000000111, 0.3200000000000005618 ) ) ;
#6692 = DIRECTION ( 'NONE',  ( 0.000000000000000000, 0.000000000000000000, 1.000000000000000000 ) ) ;
#6693 = DIRECTION ( 'NONE',  ( 0.000000000000000000, 0.3420201433256653267, -0.9396926207859096492 ) ) ;
#6694 = EDGE_CURVE ( 'NONE', #1248, #3674, #317, .T. ) ;
#6695 = VECTOR ( 'NONE', #4422, 1000.000000000000000 ) ;
#6696 = AXIS2_PLACEMENT_3D ( 'NONE', #4286, #2594, #5833 ) ;
#6697 = VERTEX_POINT ( 'NONE', #5333 ) ;
#6698 = ORIENTED_EDGE ( 'NONE', *, *, #1893, .T. ) ;
#6699 = LINE ( 'NONE', #1823, #4909 ) ;
#6700 = DIRECTION ( 'NONE',  ( 0.000000000000000000, 0.000000000000000000, -1.000000000000000000 ) ) ;
#6702 = CARTESIAN_POINT ( 'NONE',  ( 4.899999999999999467, 15.59999999999999964, -2.400000000000002132 ) ) ;
#6701 = PRESENTATION_LAYER_ASSIGNMENT (  '', '', ( #84 ) ) ;
#6703 = CYLINDRICAL_SURFACE ( 'NONE', #985, 0.2000000000000000944 ) ;
#6704 = VECTOR ( 'NONE', #1103, 1000.000000000000000 ) ;
#6705 = AXIS2_PLACEMENT_3D ( 'NONE', #1677, #6128, #22 ) ;
#6706 = VECTOR ( 'NONE', #1702, 1000.000000000000000 ) ;
#6707 = VERTEX_POINT ( 'NONE', #6902 ) ;
#6708 = LINE ( 'NONE', #4057, #322 ) ;
#6709 = VERTEX_POINT ( 'NONE', #5802 ) ;
#6710 = CARTESIAN_POINT ( 'NONE',  ( -1.249999999999999556, 16.60000000000000142, 2.499999999999999556 ) ) ;
#6711 = VERTEX_POINT ( 'NONE', #5266 ) ;
#6712 = CARTESIAN_POINT ( 'NONE',  ( -1.250000000000000222, 4.000000000000000000, 2.200000000000000178 ) ) ;
#6713 = AXIS2_PLACEMENT_3D ( 'NONE', #4254, #480, #3199 ) ;
#6714 = EDGE_CURVE ( 'NONE', #4688, #5082, #2027, .T. ) ;
#6715 = EDGE_CURVE ( 'NONE', #805, #1248, #5231, .T. ) ;
#6716 = ORIENTED_EDGE ( 'NONE', *, *, #244, .F. ) ;
#6717 = PLANE ( 'NONE',  #5332 ) ;
#6718 = AXIS2_PLACEMENT_3D ( 'NONE', #2223, #4263, #4400 ) ;
#6719 = CARTESIAN_POINT ( 'NONE',  ( 2.600000000000000533, 16.60000000000000142, -4.800000000000002487 ) ) ;
#6720 = ORIENTED_EDGE ( 'NONE', *, *, #4934, .F. ) ;
#6721 = CARTESIAN_POINT ( 'NONE',  ( 2.679999999999999716, -0.4500000000000000111, 0.3200000000000005618 ) ) ;
#6722 = LINE ( 'NONE', #4523, #1003 ) ;
#6723 = EDGE_LOOP ( 'NONE', ( #2120, #368, #1155, #5759 ) ) ;
#6724 = VECTOR ( 'NONE', #2928, 1000.000000000000000 ) ;
#6725 = ADVANCED_FACE ( 'NONE', ( #6842 ), #2629, .T. ) ;
#6726 = ORIENTED_EDGE ( 'NONE', *, *, #6694, .T. ) ;
#6727 = DIRECTION ( 'NONE',  ( 0.000000000000000000, 0.000000000000000000, 1.000000000000000000 ) ) ;
#6728 = LINE ( 'NONE', #6083, #6502 ) ;
#6729 = ORIENTED_EDGE ( 'NONE', *, *, #2948, .T. ) ;
#6730 = ORIENTED_EDGE ( 'NONE', *, *, #4921, .F. ) ;
#6731 = PLANE ( 'NONE',  #4350 ) ;
#6732 = VECTOR ( 'NONE', #126, 1000.000000000000000 ) ;
#6733 = DIRECTION ( 'NONE',  ( 1.000000000000000000, 0.000000000000000000, -1.694065894508601171E-16 ) ) ;
#6734 = EDGE_CURVE ( 'NONE', #1235, #4915, #367, .T. ) ;
#6735 = DIRECTION ( 'NONE',  ( -1.000000000000000000, 0.000000000000000000, 0.000000000000000000 ) ) ;
#6736 = EDGE_CURVE ( 'NONE', #7001, #474, #776, .T. ) ;
#6737 = CIRCLE ( 'NONE', #3665, 0.9399999999999991696 ) ;
#6738 = ORIENTED_EDGE ( 'NONE', *, *, #3152, .F. ) ;
#6739 = DIRECTION ( 'NONE',  ( 1.000000000000000000, -0.000000000000000000, 0.000000000000000000 ) ) ;
#6740 = PLANE ( 'NONE',  #1264 ) ;
#6741 = EDGE_CURVE ( 'NONE', #5653, #6638, #950, .T. ) ;
#6742 = DIRECTION ( 'NONE',  ( 0.000000000000000000, 0.000000000000000000, -1.000000000000000000 ) ) ;
#6743 = CIRCLE ( 'NONE', #3317, 0.3000000000000007661 ) ;
#6744 = CARTESIAN_POINT ( 'NONE',  ( 3.319999999999999840, 16.60000000000000142, 0.3200000000000004508 ) ) ;
#6745 = EDGE_CURVE ( 'NONE', #5082, #4665, #3124, .T. ) ;
#6746 = VECTOR ( 'NONE', #5745, 1000.000000000000000 ) ;
#6747 = EDGE_LOOP ( 'NONE', ( #4401, #94, #4830, #4146 ) ) ;
#6748 = DIRECTION ( 'NONE',  ( 0.000000000000000000, 0.3420201433256664925, -0.9396926207859093161 ) ) ;
#6749 = VERTEX_POINT ( 'NONE', #4771 ) ;
#6750 = CARTESIAN_POINT ( 'NONE',  ( 3.199999999999999734, 16.60000000000000142, -5.500000000000001776 ) ) ;
#6751 = VERTEX_POINT ( 'NONE', #6331 ) ;
#6752 = CARTESIAN_POINT ( 'NONE',  ( 2.600000000000000533, 11.00000000000000000, -4.800000000000002487 ) ) ;
#6753 = ORIENTED_EDGE ( 'NONE', *, *, #392, .F. ) ;
#6754 = CARTESIAN_POINT ( 'NONE',  ( 3.319999999999999840, 4.000000000000003553, -0.3199999999999995071 ) ) ;
#6755 = DIRECTION ( 'NONE',  ( -0.000000000000000000, -0.000000000000000000, -1.000000000000000000 ) ) ;
#6756 = ORIENTED_EDGE ( 'NONE', *, *, #6951, .T. ) ;
#6757 = LINE ( 'NONE', #2945, #386 ) ;
#6758 = CARTESIAN_POINT ( 'NONE',  ( -2.599999999999999645, 11.00000000000000000, -4.800000000000002487 ) ) ;
#6759 = ORIENTED_EDGE ( 'NONE', *, *, #1777, .F. ) ;
#6760 = CARTESIAN_POINT ( 'NONE',  ( -1.600000000000000755, 9.799999999999998934, -4.400000000000001243 ) ) ;
#6761 = CARTESIAN_POINT ( 'NONE',  ( -4.899999999999997691, 16.60000000000000142, 0.5999999999999994227 ) ) ;
#6762 = ORIENTED_EDGE ( 'NONE', *, *, #3192, .T. ) ;
#6763 = ORIENTED_EDGE ( 'NONE', *, *, #3153, .F. ) ;
#6764 = CARTESIAN_POINT ( 'NONE',  ( -4.899999999999997691, 16.60000000000000142, 0.5999999999999994227 ) ) ;
#6765 = EDGE_CURVE ( 'NONE', #2158, #3612, #6940, .T. ) ;
#6766 = CARTESIAN_POINT ( 'NONE',  ( 3.150000000000000355, 16.60000000000000142, 2.899999999999999023 ) ) ;
#6767 = CARTESIAN_POINT ( 'NONE',  ( -2.749999999999999112, 16.60000000000000142, 2.199999999999999734 ) ) ;
#6768 = VECTOR ( 'NONE', #2785, 1000.000000000000000 ) ;
#6769 = ORIENTED_EDGE ( 'NONE', *, *, #5905, .F. ) ;
#6770 = CARTESIAN_POINT ( 'NONE',  ( 4.899999999999999467, 15.59999999999999964, -1.650000000000007017 ) ) ;
#6771 = FACE_OUTER_BOUND ( 'NONE', #1170, .T. ) ;
#6772 = CARTESIAN_POINT ( 'NONE',  ( 1.320000000000000062, -2.949999999999990852, 0.3200000000000005618 ) ) ;
#6773 = EDGE_CURVE ( 'NONE', #4754, #3506, #3714, .T. ) ;
#6774 = DIRECTION ( 'NONE',  ( -0.000000000000000000, -0.000000000000000000, -1.000000000000000000 ) ) ;
#6775 = CARTESIAN_POINT ( 'NONE',  ( -5.499999999999999112, 14.09999999999999964, -1.650000000000001021 ) ) ;
#6776 = ORIENTED_EDGE ( 'NONE', *, *, #856, .F. ) ;
#6777 = CARTESIAN_POINT ( 'NONE',  ( 5.499999999999998224, 0.000000000000000000, 0.5999999999999985345 ) ) ;
#6778 = VERTEX_POINT ( 'NONE', #3161 ) ;
#6779 = LINE ( 'NONE', #6407, #3944 ) ;
#6780 = ORIENTED_EDGE ( 'NONE', *, *, #2211, .T. ) ;
#6781 = CARTESIAN_POINT ( 'NONE',  ( -2.950000000000000178, 10.05000000000000071, -4.400000000000001243 ) ) ;
#6782 = EDGE_CURVE ( 'NONE', #2584, #1080, #5904, .T. ) ;
#6783 = ORIENTED_EDGE ( 'NONE', *, *, #5232, .T. ) ;
#6784 = CARTESIAN_POINT ( 'NONE',  ( 1.320000000000000062, 16.60000000000000142, -0.3199999999999995071 ) ) ;
#6785 = DIRECTION ( 'NONE',  ( -0.000000000000000000, 1.000000000000000000, -0.000000000000000000 ) ) ;
#6786 = ORIENTED_EDGE ( 'NONE', *, *, #506, .T. ) ;
#6787 = DIRECTION ( 'NONE',  ( 0.000000000000000000, 0.000000000000000000, 1.000000000000000000 ) ) ;
#6788 = VECTOR ( 'NONE', #3848, 1000.000000000000000 ) ;
#6789 = CARTESIAN_POINT ( 'NONE',  ( 0.000000000000000000, -3.299999999999999822, 0.000000000000000000 ) ) ;
#6790 = VERTEX_POINT ( 'NONE', #2101 ) ;
#6791 = CARTESIAN_POINT ( 'NONE',  ( -3.319999999999999840, 16.60000000000000142, -0.3199999999999993960 ) ) ;
#6792 = DIRECTION ( 'NONE',  ( 0.000000000000000000, 1.000000000000000000, 0.000000000000000000 ) ) ;
#6793 = ORIENTED_EDGE ( 'NONE', *, *, #3474, .F. ) ;
#6794 = ORIENTED_EDGE ( 'NONE', *, *, #3730, .F. ) ;
#6795 = DIRECTION ( 'NONE',  ( 0.000000000000000000, 0.000000000000000000, 1.000000000000000000 ) ) ;
#6796 = LINE ( 'NONE', #6766, #76 ) ;
#6797 = CARTESIAN_POINT ( 'NONE',  ( -1.320000000000000062, 4.000000000000000000, 0.3200000000000005618 ) ) ;
#6798 = ORIENTED_EDGE ( 'NONE', *, *, #892, .T. ) ;
#6799 = EDGE_CURVE ( 'NONE', #2686, #2205, #6436, .T. ) ;
#6800 = DIRECTION ( 'NONE',  ( 0.000000000000000000, 0.000000000000000000, -1.000000000000000000 ) ) ;
#6801 = CARTESIAN_POINT ( 'NONE',  ( -2.807389581993172012, 9.700000000000001066, -0.1926104180068289318 ) ) ;
#6802 = CARTESIAN_POINT ( 'NONE',  ( -1.320000000000000062, 15.80509667991878153, -0.3199999999999995071 ) ) ;
#6803 = CARTESIAN_POINT ( 'NONE',  ( 2.399999999999999911, 16.60000000000000142, -4.700000000000001066 ) ) ;
#6804 = VECTOR ( 'NONE', #3970, 1000.000000000000000 ) ;
#6805 = DIRECTION ( 'NONE',  ( 0.000000000000000000, 0.000000000000000000, -1.000000000000000000 ) ) ;
#6806 = EDGE_CURVE ( 'NONE', #6453, #1053, #6515, .T. ) ;
#6807 = ORIENTED_EDGE ( 'NONE', *, *, #6189, .F. ) ;
#6808 = VECTOR ( 'NONE', #7, 1000.000000000000000 ) ;
#6809 = CIRCLE ( 'NONE', #6458, 0.2000000000000000944 ) ;
#6810 = LINE ( 'NONE', #2438, #4448 ) ;
#6811 = ORIENTED_EDGE ( 'NONE', *, *, #6651, .T. ) ;
#6812 = CARTESIAN_POINT ( 'NONE',  ( -3.149999999999999467, 16.60000000000000142, 2.600000000000000089 ) ) ;
#6813 = ORIENTED_EDGE ( 'NONE', *, *, #586, .F. ) ;
#6814 = DIRECTION ( 'NONE',  ( 1.000000000000000000, 0.000000000000000000, -5.782411586589354681E-16 ) ) ;
#6815 =( GEOMETRIC_REPRESENTATION_CONTEXT ( 3 ) GLOBAL_UNCERTAINTY_ASSIGNED_CONTEXT ( ( #3738 ) ) GLOBAL_UNIT_ASSIGNED_CONTEXT ( ( #1986, #6262, #942 ) ) REPRESENTATION_CONTEXT ( 'NONE', 'WORKASPACE' ) );
#6816 = CIRCLE ( 'NONE', #6582, 1.400000000000000355 ) ;
#6817 = ORIENTED_EDGE ( 'NONE', *, *, #4733, .T. ) ;
#6818 = DIRECTION ( 'NONE',  ( -1.000000000000000000, 0.000000000000000000, 1.694065894508601171E-16 ) ) ;
#6819 = VECTOR ( 'NONE', #3140, 1000.000000000000000 ) ;
#6820 = CARTESIAN_POINT ( 'NONE',  ( 2.680000000000000160, 0.000000000000000000, -0.3199999999999993960 ) ) ;
#6821 = EDGE_LOOP ( 'NONE', ( #1519, #604, #486, #5677 ) ) ;
#6822 = EDGE_CURVE ( 'NONE', #5804, #4190, #6087, .T. ) ;
#6823 = CARTESIAN_POINT ( 'NONE',  ( -4.899999999999998579, 16.60000000000000142, -0.1500000000000012712 ) ) ;
#6824 = VECTOR ( 'NONE', #498, 1000.000000000000000 ) ;
#6825 = DIRECTION ( 'NONE',  ( 1.000000000000000000, -0.000000000000000000, -9.293161478447185441E-17 ) ) ;
#6826 = AXIS2_PLACEMENT_3D ( 'NONE', #2823, #3355, #3434 ) ;
#6827 = ORIENTED_EDGE ( 'NONE', *, *, #528, .T. ) ;
#6828 = CARTESIAN_POINT ( 'NONE',  ( -2.849999999999999645, 16.60000000000000142, 2.600000000000000089 ) ) ;
#6829 = PLANE ( 'NONE',  #3565 ) ;
#6830 = VERTEX_POINT ( 'NONE', #15 ) ;
#6831 = EDGE_CURVE ( 'NONE', #2975, #4006, #1088, .T. ) ;
#6832 = DIRECTION ( 'NONE',  ( 0.000000000000000000, 0.000000000000000000, 1.000000000000000000 ) ) ;
#6833 = CARTESIAN_POINT ( 'NONE',  ( 2.680000000000000160, 16.60000000000000142, 0.3200000000000005618 ) ) ;
#6834 = VECTOR ( 'NONE', #4917, 1000.000000000000000 ) ;
#6835 = ORIENTED_EDGE ( 'NONE', *, *, #2050, .F. ) ;
#6836 = VECTOR ( 'NONE', #459, 1000.000000000000000 ) ;
#6837 = LINE ( 'NONE', #5168, #4687 ) ;
#6838 = LINE ( 'NONE', #1320, #3897 ) ;
#6839 = DIRECTION ( 'NONE',  ( -0.000000000000000000, -1.000000000000000000, -0.000000000000000000 ) ) ;
#6840 = LINE ( 'NONE', #1961, #6923 ) ;
#6841 = EDGE_CURVE ( 'NONE', #51, #5627, #4464, .T. ) ;
#6842 = FACE_OUTER_BOUND ( 'NONE', #2028, .T. ) ;
#6843 = VECTOR ( 'NONE', #2431, 1000.000000000000000 ) ;
#6844 = VERTEX_POINT ( 'NONE', #85 ) ;
#6845 = VERTEX_POINT ( 'NONE', #593 ) ;
#6846 = CARTESIAN_POINT ( 'NONE',  ( -3.499999999999998224, 16.60000000000000142, 2.000000000000000000 ) ) ;
#6847 = LINE ( 'NONE', #1401, #4594 ) ;
#6848 = DIRECTION ( 'NONE',  ( 0.000000000000000000, 0.000000000000000000, -1.000000000000000000 ) ) ;
#6849 = EDGE_CURVE ( 'NONE', #2208, #192, #2137, .T. ) ;
#6850 = VECTOR ( 'NONE', #2573, 1000.000000000000000 ) ;
#6851 = ORIENTED_EDGE ( 'NONE', *, *, #3346, .T. ) ;
#6852 = LINE ( 'NONE', #2605, #2503 ) ;
#6853 = VERTEX_POINT ( 'NONE', #5975 ) ;
#6854 = CARTESIAN_POINT ( 'NONE',  ( 2.570791076685688292, -1.050370056351370263, 0.3200000000000005618 ) ) ;
#6855 = DIRECTION ( 'NONE',  ( 0.000000000000000000, 0.000000000000000000, -1.000000000000000000 ) ) ;
#6856 = EDGE_CURVE ( 'NONE', #3193, #4411, #4358, .T. ) ;
#6857 = CARTESIAN_POINT ( 'NONE',  ( 3.499999999999999112, 4.500000000000000888, 1.499999999999998890 ) ) ;
#6858 = AXIS2_PLACEMENT_3D ( 'NONE', #4697, #6792, #1914 ) ;
#6859 = EDGE_CURVE ( 'NONE', #1470, #3099, #3859, .T. ) ;
#6860 = ORIENTED_EDGE ( 'NONE', *, *, #6068, .F. ) ;
#6861 = EDGE_CURVE ( 'NONE', #1379, #1232, #201, .T. ) ;
#6862 = CARTESIAN_POINT ( 'NONE',  ( 1.249999999999999778, 4.000000000000000000, 2.499999999999999556 ) ) ;
#6863 = DIRECTION ( 'NONE',  ( 0.000000000000000000, 0.000000000000000000, -1.000000000000000000 ) ) ;
#6864 = ORIENTED_EDGE ( 'NONE', *, *, #2634, .F. ) ;
#6865 = SURFACE_STYLE_USAGE ( .BOTH. , #972 ) ;
#6866 = FACE_OUTER_BOUND ( 'NONE', #4307, .T. ) ;
#6867 =( NAMED_UNIT ( * ) PLANE_ANGLE_UNIT ( ) SI_UNIT ( $, .RADIAN. ) );
#6868 = ADVANCED_FACE ( 'NONE', ( #6546 ), #3899, .F. ) ;
#6869 = ORIENTED_EDGE ( 'NONE', *, *, #3467, .F. ) ;
#6870 = PLANE ( 'NONE',  #1498 ) ;
#6871 = DIRECTION ( 'NONE',  ( 1.000000000000000000, 0.000000000000000000, -5.782411586589356653E-16 ) ) ;
#6872 = FACE_OUTER_BOUND ( 'NONE', #6106, .T. ) ;
#6873 = CARTESIAN_POINT ( 'NONE',  ( 3.499999999999998224, 16.60000000000000142, 0.5999999999999987566 ) ) ;
#6874 = EDGE_LOOP ( 'NONE', ( #2440, #3802 ) ) ;
#6875 = DIRECTION ( 'NONE',  ( 0.000000000000000000, 1.000000000000000000, 0.000000000000000000 ) ) ;
#6876 = CARTESIAN_POINT ( 'NONE',  ( -3.499999999999998224, 4.000000000000000000, 2.000000000000000000 ) ) ;
#6877 = CARTESIAN_POINT ( 'NONE',  ( -3.499999999999999556, 16.60000000000000142, 2.000000000000000000 ) ) ;
#6878 = LINE ( 'NONE', #3543, #4763 ) ;
#6879 = ORIENTED_EDGE ( 'NONE', *, *, #586, .T. ) ;
#6880 = EDGE_CURVE ( 'NONE', #6424, #870, #1671, .T. ) ;
#6881 = LINE ( 'NONE', #2004, #6142 ) ;
#6882 = ORIENTED_EDGE ( 'NONE', *, *, #2142, .T. ) ;
#6883 = LINE ( 'NONE', #2006, #1395 ) ;
#6884 = DIRECTION ( 'NONE',  ( 1.445602896647341480E-15, 0.000000000000000000, -1.000000000000000000 ) ) ;
#6885 = CARTESIAN_POINT ( 'NONE',  ( 2.949999999999998845, 9.799999999999998934, -5.500000000000001776 ) ) ;
#6886 = CARTESIAN_POINT ( 'NONE',  ( -2.570791076685688292, -1.050370056351370263, -0.3199999999999998956 ) ) ;
#6887 = EDGE_CURVE ( 'NONE', #4817, #906, #1127, .T. ) ;
#6888 = EDGE_CURVE ( 'NONE', #6208, #2325, #5481, .T. ) ;
#6889 = VERTEX_POINT ( 'NONE', #3382 ) ;
#6890 = EDGE_CURVE ( 'NONE', #5356, #6206, #7008, .T. ) ;
#6891 = VERTEX_POINT ( 'NONE', #2701 ) ;
#6892 = CARTESIAN_POINT ( 'NONE',  ( -2.749999999999999556, 16.60000000000000142, 2.499999999999999556 ) ) ;
#6893 = CARTESIAN_POINT ( 'NONE',  ( 1.049999999999999822, 16.60000000000000142, 2.200000000000000178 ) ) ;
#6894 = ORIENTED_EDGE ( 'NONE', *, *, #388, .F. ) ;
#6895 = ORIENTED_EDGE ( 'NONE', *, *, #1862, .T. ) ;
#6896 = CARTESIAN_POINT ( 'NONE',  ( 5.500000000000001776, 14.09999999999999964, -0.1500000000000074885 ) ) ;
#6897 = CARTESIAN_POINT ( 'NONE',  ( 0.6800000000000000488, -2.949999999999990852, 0.3200000000000005618 ) ) ;
#6898 = ORIENTED_EDGE ( 'NONE', *, *, #6426, .F. ) ;
#6899 = FACE_OUTER_BOUND ( 'NONE', #4150, .T. ) ;
#6900 = DIRECTION ( 'NONE',  ( 0.000000000000000000, 0.000000000000000000, -1.000000000000000000 ) ) ;
#6901 = PLANE ( 'NONE',  #5104 ) ;
#6902 = CARTESIAN_POINT ( 'NONE',  ( 2.680000000000000160, 4.000000000000003553, -0.3199999999999993960 ) ) ;
#6903 = ORIENTED_EDGE ( 'NONE', *, *, #5442, .F. ) ;
#6904 = ORIENTED_EDGE ( 'NONE', *, *, #2448, .F. ) ;
#6905 = FACE_BOUND ( 'NONE', #5935, .T. ) ;
#6907 = CARTESIAN_POINT ( 'NONE',  ( 3.202277744889249433, -2.938576763391016478, 0.3200000000000005618 ) ) ;
#6906 = VECTOR ( 'NONE', #987, 1000.000000000000000 ) ;
#6908 = PLANE ( 'NONE',  #2394 ) ;
#6909 = VECTOR ( 'NONE', #4873, 1000.000000000000000 ) ;
#6910 = EDGE_LOOP ( 'NONE', ( #4439, #4478, #584, #2011 ) ) ;
#6911 = DIRECTION ( 'NONE',  ( 1.694065894508601171E-16, -0.000000000000000000, 1.000000000000000000 ) ) ;
#6912 = DIRECTION ( 'NONE',  ( -1.000000000000000000, -0.000000000000000000, 5.782411586589356653E-16 ) ) ;
#6913 = ORIENTED_EDGE ( 'NONE', *, *, #5533, .T. ) ;
#6914 = DIRECTION ( 'NONE',  ( -0.000000000000000000, -0.000000000000000000, 1.000000000000000000 ) ) ;
#6915 = CARTESIAN_POINT ( 'NONE',  ( 4.899999999999999467, 4.000000000000000000, -2.400000000000002132 ) ) ;
#6916 = LINE ( 'NONE', #1408, #99 ) ;
#6917 = MECHANICAL_DESIGN_GEOMETRIC_PRESENTATION_REPRESENTATION (  '', ( #6011 ), #781 ) ;
#6918 = VECTOR ( 'NONE', #1978, 1000.000000000000000 ) ;
#6919 = DIRECTION ( 'NONE',  ( -0.3236155771181827845, 0.8891264907159898145, 0.3236155771181826735 ) ) ;
#6920 = ADVANCED_FACE ( 'NONE', ( #4950 ), #50, .T. ) ;
#6921 = ORIENTED_EDGE ( 'NONE', *, *, #6025, .F. ) ;
#6922 = VECTOR ( 'NONE', #3042, 1000.000000000000000 ) ;
#6923 = VECTOR ( 'NONE', #2930, 1000.000000000000000 ) ;
#6924 = LINE ( 'NONE', #4174, #1825 ) ;
#6925 = CIRCLE ( 'NONE', #3880, 0.2500000000000000000 ) ;
#6926 = DIRECTION ( 'NONE',  ( -5.782411586589354681E-16, 0.000000000000000000, -1.000000000000000000 ) ) ;
#6927 = ORIENTED_EDGE ( 'NONE', *, *, #814, .T. ) ;
#6928 = ORIENTED_EDGE ( 'NONE', *, *, #2684, .T. ) ;
#6929 = ADVANCED_FACE ( 'NONE', ( #3827 ), #4318, .F. ) ;
#6930 = CARTESIAN_POINT ( 'NONE',  ( -2.599999999999999645, 11.00000000000000000, -3.300000000000002043 ) ) ;
#6931 = CARTESIAN_POINT ( 'NONE',  ( -4.899999999999998579, 15.59999999999999964, -1.650000000000001243 ) ) ;
#6932 = ADVANCED_FACE ( 'NONE', ( #2812 ), #4983, .T. ) ;
#6933 = AXIS2_PLACEMENT_3D ( 'NONE', #5751, #5215, #1005 ) ;
#6934 = ORIENTED_EDGE ( 'NONE', *, *, #6554, .T. ) ;
#6935 = CARTESIAN_POINT ( 'NONE',  ( 3.419999999999998597, -0.4500000000000000111, -0.3199999999999998956 ) ) ;
#6936 = VERTEX_POINT ( 'NONE', #129 ) ;
#6937 = CARTESIAN_POINT ( 'NONE',  ( -3.499999999999998224, 16.60000000000000142, 2.499999999999999556 ) ) ;
#6938 = VECTOR ( 'NONE', #4681, 1000.000000000000000 ) ;
#6939 = LINE ( 'NONE', #5902, #4198 ) ;
#6940 = LINE ( 'NONE', #2068, #2145 ) ;
#6941 = EDGE_CURVE ( 'NONE', #6751, #4411, #1783, .T. ) ;
#6942 = COLOUR_RGB ( '',0.7921568627450980005, 0.8196078431372548767, 0.9333333333333333481 ) ;
#6943 = ORIENTED_EDGE ( 'NONE', *, *, #1984, .F. ) ;
#6944 = ADVANCED_FACE ( 'NONE', ( #4112 ), #1818, .F. ) ;
#6945 = CARTESIAN_POINT ( 'NONE',  ( -1.320000000000000062, 16.60000000000000142, -0.3199999999999993960 ) ) ;
#6946 = FILL_AREA_STYLE ('',( #4395 ) ) ;
#6947 = DIRECTION ( 'NONE',  ( -1.000000000000000000, -0.000000000000000000, -0.000000000000000000 ) ) ;
#6948 = DIRECTION ( 'NONE',  ( -1.000000000000000000, 0.000000000000000000, 0.000000000000000000 ) ) ;
#6949 = VECTOR ( 'NONE', #4234, 1000.000000000000000 ) ;
#6950 = ADVANCED_FACE ( 'NONE', ( #2961 ), #3526, .F. ) ;
#6951 = EDGE_CURVE ( 'NONE', #947, #6844, #1388, .T. ) ;
#6952 = AXIS2_PLACEMENT_3D ( 'NONE', #5227, #1922, #2588 ) ;
#6953 = EDGE_LOOP ( 'NONE', ( #4491, #5951, #6628, #4366 ) ) ;
#6954 = DIRECTION ( 'NONE',  ( 0.000000000000000000, -0.000000000000000000, -1.000000000000000000 ) ) ;
#6955 = DIRECTION ( 'NONE',  ( -0.000000000000000000, -1.000000000000000000, -0.000000000000000000 ) ) ;
#6956 = ORIENTED_EDGE ( 'NONE', *, *, #635, .F. ) ;
#6957 = LINE ( 'NONE', #2680, #3676 ) ;
#6958 = DIRECTION ( 'NONE',  ( -0.000000000000000000, -1.000000000000000000, -0.000000000000000000 ) ) ;
#6959 = DIRECTION ( 'NONE',  ( 7.228014483236698528E-16, 0.000000000000000000, -1.000000000000000000 ) ) ;
#6960 = VECTOR ( 'NONE', #1833, 1000.000000000000000 ) ;
#6961 = DIRECTION ( 'NONE',  ( -0.3236155771181817298, 0.8891264907159904807, -0.3236155771181817298 ) ) ;
#6962 = ORIENTED_EDGE ( 'NONE', *, *, #1045, .F. ) ;
#6963 = VERTEX_POINT ( 'NONE', #2322 ) ;
#6964 = CARTESIAN_POINT ( 'NONE',  ( -2.570791076685688292, -1.050370056351370263, 0.3200000000000005618 ) ) ;
#6965 = DIRECTION ( 'NONE',  ( 1.281815376337542148E-16, 1.000000000000000000, 0.000000000000000000 ) ) ;
#6966 = ORIENTED_EDGE ( 'NONE', *, *, #2492, .F. ) ;
#6967 = ORIENTED_EDGE ( 'NONE', *, *, #400, .F. ) ;
#6968 = CARTESIAN_POINT ( 'NONE',  ( -1.320000000000000062, 4.000000000000000000, 0.3200000000000005618 ) ) ;
#6969 = DIRECTION ( 'NONE',  ( 1.000000000000000000, 0.000000000000000000, -7.885106708985496922E-16 ) ) ;
#6970 = DIRECTION ( 'NONE',  ( -0.000000000000000000, 1.000000000000000000, -0.000000000000000000 ) ) ;
#6971 = VECTOR ( 'NONE', #1518, 1000.000000000000000 ) ;
#6972 = ORIENTED_EDGE ( 'NONE', *, *, #4514, .F. ) ;
#6973 = DIRECTION ( 'NONE',  ( -1.000000000000000000, 0.000000000000000000, 1.694065894508601171E-16 ) ) ;
#6974 = ADVANCED_FACE ( 'NONE', ( #5098 ), #6119, .F. ) ;
#6975 = ORIENTED_EDGE ( 'NONE', *, *, #165, .T. ) ;
#6976 = DIRECTION ( 'NONE',  ( 0.000000000000000000, 0.000000000000000000, 1.000000000000000000 ) ) ;
#6977 = CARTESIAN_POINT ( 'NONE',  ( 1.599999999999999867, 10.05000000000000071, -4.400000000000001243 ) ) ;
#6978 = DIRECTION ( 'NONE',  ( -5.782411586589354681E-16, 0.000000000000000000, -1.000000000000000000 ) ) ;
#6979 = ORIENTED_EDGE ( 'NONE', *, *, #3990, .F. ) ;
#6980 = CARTESIAN_POINT ( 'NONE',  ( 1.320000000000000062, 9.349999999999997868, -0.3199999999999995071 ) ) ;
#6981 = EDGE_CURVE ( 'NONE', #4780, #5597, #5064, .T. ) ;
#6982 = DIRECTION ( 'NONE',  ( 0.000000000000000000, 0.000000000000000000, 1.000000000000000000 ) ) ;
#6983 = DIRECTION ( 'NONE',  ( -0.000000000000000000, -1.000000000000000000, -0.000000000000000000 ) ) ;
#6984 = CARTESIAN_POINT ( 'NONE',  ( -0.6800000000000000488, 16.60000000000000142, 0.3200000000000004508 ) ) ;
#6985 = VECTOR ( 'NONE', #5670, 1000.000000000000000 ) ;
#6986 = VERTEX_POINT ( 'NONE', #745 ) ;
#6987 = DIRECTION ( 'NONE',  ( 0.000000000000000000, 0.000000000000000000, -1.000000000000000000 ) ) ;
#6988 = LINE ( 'NONE', #993, #4571 ) ;
#6989 = DIRECTION ( 'NONE',  ( 0.000000000000000000, 0.000000000000000000, -1.000000000000000000 ) ) ;
#6990 = CARTESIAN_POINT ( 'NONE',  ( 3.499999999999999112, 4.500000000000000888, 1.499999999999998890 ) ) ;
#6991 = DIRECTION ( 'NONE',  ( -0.000000000000000000, -1.000000000000000000, -0.000000000000000000 ) ) ;
#6992 = DIRECTION ( 'NONE',  ( -0.000000000000000000, 1.000000000000000000, -0.000000000000000000 ) ) ;
#6993 = ORIENTED_EDGE ( 'NONE', *, *, #845, .F. ) ;
#6994 = CARTESIAN_POINT ( 'NONE',  ( 3.036345751719858210, 9.799999999999997158, -5.199201452093458187 ) ) ;
#6995 = DIRECTION ( 'NONE',  ( 0.000000000000000000, 1.000000000000000000, 0.000000000000000000 ) ) ;
#6996 = EDGE_LOOP ( 'NONE', ( #4529, #757, #6144, #2232 ) ) ;
#6997 = ORIENTED_EDGE ( 'NONE', *, *, #1346, .F. ) ;
#6998 = DIRECTION ( 'NONE',  ( 1.000000000000000000, 0.000000000000000000, 0.000000000000000000 ) ) ;
#6999 = SURFACE_SIDE_STYLE ('',( #1556 ) ) ;
#7000 = DIRECTION ( 'NONE',  ( 1.000000000000000000, 0.000000000000000000, -7.885106708985496922E-16 ) ) ;
#7001 = VERTEX_POINT ( 'NONE', #6767 ) ;
#7002 = CARTESIAN_POINT ( 'NONE',  ( 2.749999999999999112, 4.000000000000000000, 2.200000000000000178 ) ) ;
#7003 = ORIENTED_EDGE ( 'NONE', *, *, #4284, .T. ) ;
#7004 = ORIENTED_EDGE ( 'NONE', *, *, #3216, .F. ) ;
#7005 = DIRECTION ( 'NONE',  ( 1.000000000000000000, 0.000000000000000000, -0.000000000000000000 ) ) ;
#7006 = DIRECTION ( 'NONE',  ( -0.000000000000000000, -1.000000000000000000, -0.000000000000000000 ) ) ;
#7007 = AXIS2_PLACEMENT_3D ( 'NONE', #3779, #7036, #6998 ) ;
#7008 = LINE ( 'NONE', #1638, #4657 ) ;
#7009 = EDGE_CURVE ( 'NONE', #6211, #1865, #2923, .T. ) ;
#7010 = EDGE_LOOP ( 'NONE', ( #1996, #1046, #5015, #3369 ) ) ;
#7011 = FACE_OUTER_BOUND ( 'NONE', #2579, .T. ) ;
#7012 = EDGE_CURVE ( 'NONE', #6284, #3659, #6265, .T. ) ;
#7013 = LINE ( 'NONE', #5947, #4540 ) ;
#7014 = ADVANCED_FACE ( 'NONE', ( #3562 ), #6661, .F. ) ;
#7015 = EDGE_LOOP ( 'NONE', ( #6650, #1195, #3945, #5158 ) ) ;
#7016 = VERTEX_POINT ( 'NONE', #2393 ) ;
#7017 = LINE ( 'NONE', #4815, #5241 ) ;
#7018 = CARTESIAN_POINT ( 'NONE',  ( -2.680000000000000160, 4.500000000000003553, 0.3200000000000004508 ) ) ;
#7019 = ORIENTED_EDGE ( 'NONE', *, *, #2840, .T. ) ;
#7020 = CARTESIAN_POINT ( 'NONE',  ( -3.499999999999998224, 16.60000000000000142, 0.5999999999999996447 ) ) ;
#7021 = DIRECTION ( 'NONE',  ( -0.000000000000000000, 1.000000000000000000, -0.000000000000000000 ) ) ;
#7022 = DIRECTION ( 'NONE',  ( 0.000000000000000000, 1.000000000000000000, 0.000000000000000000 ) ) ;
#7023 = LINE ( 'NONE', #2610, #4213 ) ;
#7024 = AXIS2_PLACEMENT_3D ( 'NONE', #811, #873, #6733 ) ;
#7025 = AXIS2_PLACEMENT_3D ( 'NONE', #1244, #3490, #3423 ) ;
#7026 = EDGE_CURVE ( 'NONE', #4416, #163, #713, .T. ) ;
#7027 = ORIENTED_EDGE ( 'NONE', *, *, #5345, .F. ) ;
#7028 = LINE ( 'NONE', #613, #3883 ) ;
#7029 = EDGE_CURVE ( 'NONE', #5378, #5821, #2893, .T. ) ;
#7030 = COLOUR_RGB ( '',1.000000000000000000, 1.000000000000000000, 1.000000000000000000 ) ;
#7031 = DIRECTION ( 'NONE',  ( -0.000000000000000000, 1.000000000000000000, -0.000000000000000000 ) ) ;
#7032 = PRESENTATION_LAYER_ASSIGNMENT (  '', '', ( #4101 ) ) ;
#7033 = ORIENTED_EDGE ( 'NONE', *, *, #5148, .T. ) ;
#7034 = ORIENTED_EDGE ( 'NONE', *, *, #871, .F. ) ;
#7035 = EDGE_CURVE ( 'NONE', #2957, #4441, #5656, .T. ) ;
#7036 = DIRECTION ( 'NONE',  ( 0.000000000000000000, -0.000000000000000000, -1.000000000000000000 ) ) ;
#7037 = SURFACE_STYLE_USAGE ( .BOTH. , #6999 ) ;
#7038 = CYLINDRICAL_SURFACE ( 'NONE', #4317, 0.2499999999999997780 ) ;
#7039 = CIRCLE ( 'NONE', #786, 0.9399999999999991696 ) ;
#7040 = AXIS2_PLACEMENT_3D ( 'NONE', #3510, #3551, #5779 ) ;
#7041 = ORIENTED_EDGE ( 'NONE', *, *, #3055, .T. ) ;
#7042 = DIRECTION ( 'NONE',  ( -0.000000000000000000, -1.000000000000000000, -0.000000000000000000 ) ) ;
#7043 = ORIENTED_EDGE ( 'NONE', *, *, #2488, .F. ) ;
#7044 = ORIENTED_EDGE ( 'NONE', *, *, #311, .T. ) ;
#7045 = PLANE ( 'NONE',  #2977 ) ;
#7046 = VECTOR ( 'NONE', #645, 1000.000000000000000 ) ;
#7047 = CARTESIAN_POINT ( 'NONE',  ( 2.949999999999999289, 16.60000000000000142, 2.200000000000000178 ) ) ;
#7048 = VECTOR ( 'NONE', #1472, 1000.000000000000227 ) ;
#7049 = CARTESIAN_POINT ( 'NONE',  ( -1.199999999999999734, 16.60000000000000142, -4.100000000000002309 ) ) ;
#7050 = VERTEX_POINT ( 'NONE', #237 ) ;
#7051 = VECTOR ( 'NONE', #5380, 1000.000000000000000 ) ;
#7052 = CARTESIAN_POINT ( 'NONE',  ( 0.6800000000000000488, 4.000000000000003553, -0.3199999999999993960 ) ) ;
#7053 = DIRECTION ( 'NONE',  ( -0.9961946980917455452, 0.08715574274765794383, 0.000000000000000000 ) ) ;
#7054 = EDGE_CURVE ( 'NONE', #2641, #2679, #6809, .T. ) ;
#7055 = DIRECTION ( 'NONE',  ( -0.000000000000000000, -1.000000000000000000, -0.000000000000000000 ) ) ;
#7056 = VECTOR ( 'NONE', #5070, 1000.000000000000000 ) ;
#7057 = VECTOR ( 'NONE', #652, 1000.000000000000000 ) ;
#7058 = ORIENTED_EDGE ( 'NONE', *, *, #101, .F. ) ;
#7059 = DIRECTION ( 'NONE',  ( 0.000000000000000000, 0.000000000000000000, -1.000000000000000000 ) ) ;
#7060 = CIRCLE ( 'NONE', #2296, 1.400000000000000355 ) ;
#7061 = EDGE_LOOP ( 'NONE', ( #37, #476, #1856, #1664 ) ) ;
#7062 = DIRECTION ( 'NONE',  ( 0.3236155771181817298, -0.8891264907159904807, -0.3236155771181817298 ) ) ;
#7063 = DIRECTION ( 'NONE',  ( -0.000000000000000000, 0.000000000000000000, -1.000000000000000000 ) ) ;
#7064 = EDGE_CURVE ( 'NONE', #2956, #5075, #2708, .T. ) ;
#7065 = EDGE_CURVE ( 'NONE', #3066, #3006, #6224, .T. ) ;
#7066 = ORIENTED_EDGE ( 'NONE', *, *, #2116, .T. ) ;
#7067 = LINE ( 'NONE', #4336, #891 ) ;
#7068 = CARTESIAN_POINT ( 'NONE',  ( 3.199999999999998845, 10.05000000000000071, -5.500000000000001776 ) ) ;
#7069 = VECTOR ( 'NONE', #240, 1000.000000000000000 ) ;
#7070 = ADVANCED_FACE ( 'NONE', ( #5697 ), #812, .T. ) ;
#7071 = ORIENTED_EDGE ( 'NONE', *, *, #6336, .T. ) ;
ENDSEC;
END-ISO-10303-21;
