ISO-10303-21;
HEADER;
FILE_DESCRIPTION (( 'STEP AP203' ),
    '1' );
FILE_NAME ('KRTB_DWLM32_32_20250507_geometry.STEP',
    '2025-05-07T13:26:20',
    ( '' ),
    ( '' ),
    'SwSTEP 2.0',
    'SolidWorks 2022',
    '' );
FILE_SCHEMA (( 'CONFIG_CONTROL_DESIGN' ));
ENDSEC;

DATA;
#1 = VECTOR ( 'NONE', #1456, 1000.000000000000000 ) ;
#2 = DIRECTION ( 'NONE',  ( 0.000000000000000000, 2.220446049250310123E-16, -1.000000000000000000 ) ) ;
#3 = CARTESIAN_POINT ( 'NONE',  ( 0.9749999999999350297, 6.083862687778889869E-16, -0.5999999999999999778 ) ) ;
#4 = CARTESIAN_POINT ( 'NONE',  ( 1.074999999999940004, -0.7499999999999982236, -0.7000000000000009548 ) ) ;
#5 = DIRECTION ( 'NONE',  ( 0.000000000000000000, 2.220446049250310123E-16, -1.000000000000000000 ) ) ;
#6 = DIRECTION ( 'NONE',  ( 0.000000000000000000, -1.000000000000000000, 0.000000000000000000 ) ) ;
#7 = ORIENTED_EDGE ( 'NONE', *, *, #3649, .F. ) ;
#8 = CARTESIAN_POINT ( 'NONE',  ( 1.068649169971229940, -1.349999999375729898, -0.6979999999999999538 ) ) ;
#9 = ORIENTED_EDGE ( 'NONE', *, *, #3671, .T. ) ;
#10 = PLANE ( 'NONE',  #1570 ) ;
#11 = CARTESIAN_POINT ( 'NONE',  ( 1.075000000000029932, -0.04999999999999662353, -0.5999999999999999778 ) ) ;
#12 = ORIENTED_EDGE ( 'NONE', *, *, #1406, .T. ) ;
#13 = ADVANCED_FACE ( 'NONE', ( #3319 ), #681, .T. ) ;
#14 = CARTESIAN_POINT ( 'NONE',  ( 0.8000000000000000444, 1.320000000000000062, 0.002000000000000000042 ) ) ;
#15 = DIRECTION ( 'NONE',  ( 0.000000000000000000, 1.000000000000000000, 0.000000000000000000 ) ) ;
#16 = ORIENTED_EDGE ( 'NONE', *, *, #1544, .F. ) ;
#17 = EDGE_CURVE ( 'NONE', #1161, #552, #2164, .T. ) ;
#18 = ORIENTED_EDGE ( 'NONE', *, *, #2126, .T. ) ;
#19 = PLANE ( 'NONE',  #1705 ) ;
#20 = CARTESIAN_POINT ( 'NONE',  ( -3.252606517456509851E-16, 1.250000000000000000, -0.5000000000000000000 ) ) ;
#21 = DIRECTION ( 'NONE',  ( 0.000000000000000000, 2.220446049250310123E-16, -1.000000000000000000 ) ) ;
#22 = ORIENTED_EDGE ( 'NONE', *, *, #136, .F. ) ;
#23 = DIRECTION ( 'NONE',  ( 1.000000000000000000, 0.000000000000000000, 0.000000000000000000 ) ) ;
#24 = ORIENTED_EDGE ( 'NONE', *, *, #1503, .T. ) ;
#25 = DIRECTION ( 'NONE',  ( 0.000000000000000000, 0.000000000000000000, 1.000000000000000000 ) ) ;
#26 = FACE_OUTER_BOUND ( 'NONE', #3489, .T. ) ;
#27 = EDGE_LOOP ( 'NONE', ( #1231, #788, #2157, #1554 ) ) ;
#28 = VECTOR ( 'NONE', #1698, 1000.000000000000000 ) ;
#29 = EDGE_CURVE ( 'NONE', #3290, #210, #1596, .T. ) ;
#30 = LINE ( 'NONE', #1219, #911 ) ;
#31 = CYLINDRICAL_SURFACE ( 'NONE', #351, 0.1000000000000079575 ) ;
#32 = ORIENTED_EDGE ( 'NONE', *, *, #820, .F. ) ;
#33 = LINE ( 'NONE', #1502, #471 ) ;
#34 = EDGE_CURVE ( 'NONE', #2982, #184, #2108, .T. ) ;
#35 = AXIS2_PLACEMENT_3D ( 'NONE', #3557, #1479, #3222 ) ;
#36 = VECTOR ( 'NONE', #594, 1000.000000000000000 ) ;
#37 = VECTOR ( 'NONE', #3036, 1000.000000000000000 ) ;
#38 = ORIENTED_EDGE ( 'NONE', *, *, #1555, .F. ) ;
#39 = CIRCLE ( 'NONE', #1821, 0.09999999999998031297 ) ;
#40 = AXIS2_PLACEMENT_3D ( 'NONE', #2058, #2024, #219 ) ;
#41 = DIRECTION ( 'NONE',  ( 0.000000000000000000, 1.000000000000000000, 0.000000000000000000 ) ) ;
#42 = FACE_OUTER_BOUND ( 'NONE', #2004, .T. ) ;
#43 = EDGE_CURVE ( 'NONE', #507, #3657, #2473, .T. ) ;
#44 = ORIENTED_EDGE ( 'NONE', *, *, #2267, .T. ) ;
#45 = DIRECTION ( 'NONE',  ( -1.445602896647559995E-15, 1.000000000000000000, 2.220446049250310123E-16 ) ) ;
#46 = AXIS2_PLACEMENT_3D ( 'NONE', #131, #3665, #2485 ) ;
#47 = LINE ( 'NONE', #837, #2067 ) ;
#48 = DIRECTION ( 'NONE',  ( 0.000000000000000000, -1.000000000000000000, 0.000000000000000000 ) ) ;
#49 = VECTOR ( 'NONE', #1306, 1000.000000000000000 ) ;
#50 = ORIENTED_EDGE ( 'NONE', *, *, #2811, .F. ) ;
#51 = AXIS2_PLACEMENT_3D ( 'NONE', #2280, #1087, #1360 ) ;
#52 = VECTOR ( 'NONE', #1118, 1000.000000000000000 ) ;
#53 = VERTEX_POINT ( 'NONE', #495 ) ;
#54 = DIRECTION ( 'NONE',  ( -7.228014483237799975E-16, 1.000000000000000000, 2.220446049250310123E-16 ) ) ;
#55 = EDGE_CURVE ( 'NONE', #3552, #1493, #1057, .T. ) ;
#56 = LINE ( 'NONE', #2408, #1274 ) ;
#57 = CARTESIAN_POINT ( 'NONE',  ( -5000.000000000000000, -0.2649999999997376676, -0.6979999999999999538 ) ) ;
#58 = VERTEX_POINT ( 'NONE', #3084 ) ;
#59 = DIRECTION ( 'NONE',  ( 0.000000000000000000, 1.000000000000000000, 0.000000000000000000 ) ) ;
#60 = CARTESIAN_POINT ( 'NONE',  ( -0.9750000000000229594, -0.8499999999999939826, -0.7000000000000009548 ) ) ;
#61 = CARTESIAN_POINT ( 'NONE',  ( 0.2749999999999879208, 1.300000000000005151, -0.6999999999999998446 ) ) ;
#62 = ORIENTED_EDGE ( 'NONE', *, *, #2045, .F. ) ;
#63 = VERTEX_POINT ( 'NONE', #1630 ) ;
#64 = DIRECTION ( 'NONE',  ( -0.000000000000000000, -1.000000000000000000, -0.000000000000000000 ) ) ;
#65 = ORIENTED_EDGE ( 'NONE', *, *, #926, .T. ) ;
#66 = EDGE_CURVE ( 'NONE', #267, #3327, #2492, .T. ) ;
#67 = EDGE_CURVE ( 'NONE', #2382, #2106, #2559, .T. ) ;
#68 = DIRECTION ( 'NONE',  ( 0.000000000000000000, -1.000000000000000000, -2.220446049250310123E-16 ) ) ;
#69 = DIRECTION ( 'NONE',  ( 1.000000000000000000, 0.000000000000000000, 0.000000000000000000 ) ) ;
#70 = ORIENTED_EDGE ( 'NONE', *, *, #2033, .F. ) ;
#71 = PLANE ( 'NONE',  #529 ) ;
#72 = DIRECTION ( 'NONE',  ( 0.000000000000000000, 1.000000000000000000, 0.000000000000000000 ) ) ;
#73 = LINE ( 'NONE', #953, #1591 ) ;
#74 = ORIENTED_EDGE ( 'NONE', *, *, #2729, .T. ) ;
#75 = ORIENTED_EDGE ( 'NONE', *, *, #307, .T. ) ;
#76 = EDGE_CURVE ( 'NONE', #1830, #1430, #137, .T. ) ;
#77 = ORGANIZATION ( 'UNSPECIFIED', 'UNSPECIFIED', '' ) ;
#78 = ORIENTED_EDGE ( 'NONE', *, *, #3724, .T. ) ;
#79 = DIRECTION ( 'NONE',  ( -0.000000000000000000, 0.000000000000000000, 1.000000000000000000 ) ) ;
#80 = VECTOR ( 'NONE', #531, 1000.000000000000000 ) ;
#81 = ORIENTED_EDGE ( 'NONE', *, *, #2472, .F. ) ;
#82 = DIRECTION ( 'NONE',  ( 0.000000000000000000, -1.000000000000000000, -0.000000000000000000 ) ) ;
#83 = CARTESIAN_POINT ( 'NONE',  ( -1.125000207992334245, 1.249999999999917177, -0.6979999999999999538 ) ) ;
#84 = AXIS2_PLACEMENT_3D ( 'NONE', #3081, #446, #1627 ) ;
#85 = EDGE_LOOP ( 'NONE', ( #954, #2171, #699, #3642 ) ) ;
#86 = EDGE_CURVE ( 'NONE', #391, #58, #2735, .T. ) ;
#87 = LINE ( 'NONE', #1279, #3800 ) ;
#88 = VERTEX_POINT ( 'NONE', #2184 ) ;
#89 = DIRECTION ( 'NONE',  ( 0.000000000000000000, 2.220446049250310123E-16, -1.000000000000000000 ) ) ;
#90 = DIRECTION ( 'NONE',  ( -1.000000000000000000, -0.000000000000000000, -0.000000000000000000 ) ) ;
#91 = VECTOR ( 'NONE', #1127, 1000.000000000000000 ) ;
#92 = DIRECTION ( 'NONE',  ( 0.000000000000000000, 0.000000000000000000, 1.000000000000000000 ) ) ;
#93 = LINE ( 'NONE', #1285, #1712 ) ;
#94 = ORIENTED_EDGE ( 'NONE', *, *, #3592, .F. ) ;
#95 = EDGE_CURVE ( 'NONE', #2608, #428, #3357, .T. ) ;
#96 = VECTOR ( 'NONE', #1271, 1000.000000000000000 ) ;
#97 = VECTOR ( 'NONE', #3077, 1000.000000000000000 ) ;
#98 = VERTEX_POINT ( 'NONE', #1652 ) ;
#99 = VECTOR ( 'NONE', #3126, 1000.000000000000000 ) ;
#100 = DIRECTION ( 'NONE',  ( 0.000000000000000000, 0.000000000000000000, -1.000000000000000000 ) ) ;
#101 = CARTESIAN_POINT ( 'NONE',  ( 0.08499999999976290410, -0.1999999999999990119, -0.6999999999999999556 ) ) ;
#102 = VECTOR ( 'NONE', #2087, 1000.000000000000000 ) ;
#103 = EDGE_CURVE ( 'NONE', #1825, #3542, #3378, .T. ) ;
#104 = CARTESIAN_POINT ( 'NONE',  ( -0.4249999999754384139, 133707.5969977267669, 499000.0000000000000 ) ) ;
#105 = VECTOR ( 'NONE', #3749, 1000.000000000000000 ) ;
#106 = VERTEX_POINT ( 'NONE', #2860 ) ;
#107 = CARTESIAN_POINT ( 'NONE',  ( 0.9749999999999350297, 0.8500000000000069722, -0.5999999999999998668 ) ) ;
#108 = CARTESIAN_POINT ( 'NONE',  ( -1.125000311988479940, -1.650000000312159987, -0.7000000000000009548 ) ) ;
#109 = ORIENTED_EDGE ( 'NONE', *, *, #1290, .T. ) ;
#110 = DIRECTION ( 'NONE',  ( -5.247538514829213401E-13, 1.000000000000000000, 0.000000000000000000 ) ) ;
#111 = ORIENTED_EDGE ( 'NONE', *, *, #639, .F. ) ;
#112 = CARTESIAN_POINT ( 'NONE',  ( 0.5350000000000996181, -0.1649999999999985922, -0.6979999999999999538 ) ) ;
#113 = DIRECTION ( 'NONE',  ( 0.000000000000000000, 1.000000000000000000, -0.000000000000000000 ) ) ;
#114 = DIRECTION ( 'NONE',  ( 7.228014483237790114E-16, -1.000000000000000000, -2.220446049250310123E-16 ) ) ;
#115 = DIRECTION ( 'NONE',  ( -1.000000000000000000, -0.000000000000000000, -0.000000000000000000 ) ) ;
#116 = ORIENTED_EDGE ( 'NONE', *, *, #1071, .F. ) ;
#117 = EDGE_CURVE ( 'NONE', #946, #3652, #3396, .T. ) ;
#118 = ORIENTED_EDGE ( 'NONE', *, *, #649, .F. ) ;
#119 = ORIENTED_EDGE ( 'NONE', *, *, #2672, .F. ) ;
#120 = DIRECTION ( 'NONE',  ( 0.000000000000000000, 1.000000000000000000, -0.000000000000000000 ) ) ;
#121 = ORIENTED_EDGE ( 'NONE', *, *, #262, .T. ) ;
#122 = DIRECTION ( 'NONE',  ( 0.000000000000000000, -1.000000000000000000, 0.000000000000000000 ) ) ;
#123 = ORIENTED_EDGE ( 'NONE', *, *, #738, .T. ) ;
#124 = LINE ( 'NONE', #243, #3673 ) ;
#125 = CARTESIAN_POINT ( 'NONE',  ( -0.07499999999997450373, -0.3999999999999909739, -0.6999999999999999556 ) ) ;
#126 = ORIENTED_EDGE ( 'NONE', *, *, #1071, .T. ) ;
#127 = ADVANCED_FACE ( 'NONE', ( #3146 ), #429, .F. ) ;
#128 = CARTESIAN_POINT ( 'NONE',  ( 0.9222951042912503894, 0.4500000000000000666, -0.009999999999999918676 ) ) ;
#129 = EDGE_LOOP ( 'NONE', ( #2174, #1499, #1221, #2149 ) ) ;
#130 = CARTESIAN_POINT ( 'NONE',  ( 1.075000000000029932, -0.04999999999999660272, -0.6999999999999999556 ) ) ;
#131 = CARTESIAN_POINT ( 'NONE',  ( 1.068649170051870323, 0.5500000006241260175, -0.6999999999999999556 ) ) ;
#132 = DIRECTION ( 'NONE',  ( 0.000000000000000000, 0.000000000000000000, -1.000000000000000000 ) ) ;
#133 = LINE ( 'NONE', #367, #2026 ) ;
#134 = VERTEX_POINT ( 'NONE', #1073 ) ;
#135 = EDGE_LOOP ( 'NONE', ( #814, #2671, #2977, #1052 ) ) ;
#136 = EDGE_CURVE ( 'NONE', #3202, #1303, #1396, .T. ) ;
#137 = LINE ( 'NONE', #3675, #1945 ) ;
#138 = DIRECTION ( 'NONE',  ( 0.000000000000000000, 1.000000000000000000, 0.000000000000000000 ) ) ;
#139 = EDGE_CURVE ( 'NONE', #1727, #3697, #2515, .T. ) ;
#140 = DIRECTION ( 'NONE',  ( 0.000000000000000000, 0.000000000000000000, 1.000000000000000000 ) ) ;
#141 = VERTEX_POINT ( 'NONE', #2208 ) ;
#142 = CIRCLE ( 'NONE', #329, 0.1000000000000119682 ) ;
#143 = DIRECTION ( 'NONE',  ( -0.000000000000000000, -2.220446049250310123E-16, 1.000000000000000000 ) ) ;
#144 = PLANE ( 'NONE',  #1039 ) ;
#145 = VECTOR ( 'NONE', #421, 1000.000000000000000 ) ;
#146 = CARTESIAN_POINT ( 'NONE',  ( -1.125000311988479940, 0.2650000000000009015, -0.6979999999999999538 ) ) ;
#147 = PLANE ( 'NONE',  #2330 ) ;
#148 = VECTOR ( 'NONE', #2970, 1000.000000000000000 ) ;
#149 = EDGE_CURVE ( 'NONE', #3630, #2313, #3106, .T. ) ;
#150 = DIRECTION ( 'NONE',  ( -0.000000000000000000, 2.220446049250310123E-16, -1.000000000000000000 ) ) ;
#151 = ORIENTED_EDGE ( 'NONE', *, *, #1775, .T. ) ;
#152 = CIRCLE ( 'NONE', #2319, 0.1000000000000230288 ) ;
#153 = AXIS2_PLACEMENT_3D ( 'NONE', #1355, #2520, #747 ) ;
#154 = CARTESIAN_POINT ( 'NONE',  ( 0.3750000000000000000, -1.299999999999980060, -0.7000000000000009548 ) ) ;
#155 = AXIS2_PLACEMENT_3D ( 'NONE', #1142, #2, #3477 ) ;
#156 = ORIENTED_EDGE ( 'NONE', *, *, #1937, .T. ) ;
#157 = LINE ( 'NONE', #3730, #1765 ) ;
#158 = CARTESIAN_POINT ( 'NONE',  ( 1.125000311988479940, 1.650000000312159987, -0.6979999999999999538 ) ) ;
#159 = VECTOR ( 'NONE', #519, 1000.000000000000000 ) ;
#160 = CIRCLE ( 'NONE', #290, 0.09999999999999999167 ) ;
#161 = DIRECTION ( 'NONE',  ( 1.000000000000000000, 0.000000000000000000, -0.000000000000000000 ) ) ;
#162 = ORIENTED_EDGE ( 'NONE', *, *, #1986, .F. ) ;
#163 = VECTOR ( 'NONE', #1657, 1000.000000000000000 ) ;
#164 = DIRECTION ( 'NONE',  ( -1.084202172485504434E-15, 1.000000000000000000, 0.000000000000000000 ) ) ;
#165 = EDGE_CURVE ( 'NONE', #2840, #582, #741, .T. ) ;
#166 = ORIENTED_EDGE ( 'NONE', *, *, #2688, .T. ) ;
#167 = AXIS2_PLACEMENT_3D ( 'NONE', #3273, #2381, #1796 ) ;
#168 = CARTESIAN_POINT ( 'NONE',  ( -0.9249999999999890532, 0.3650000000000009903, -1.307058521919900240 ) ) ;
#169 = EDGE_LOOP ( 'NONE', ( #3160, #2726, #3301, #2886 ) ) ;
#170 = FACE_OUTER_BOUND ( 'NONE', #740, .T. ) ;
#171 = DIRECTION ( 'NONE',  ( 0.000000000000000000, 2.220446049250310123E-16, -1.000000000000000000 ) ) ;
#172 = CARTESIAN_POINT ( 'NONE',  ( 0.000000000000000000, 1.120000000000000107, 0.002000000000000000042 ) ) ;
#173 = EDGE_CURVE ( 'NONE', #3115, #850, #157, .T. ) ;
#174 = VERTEX_POINT ( 'NONE', #1961 ) ;
#175 = CARTESIAN_POINT ( 'NONE',  ( 0.8750000025804340886, -0.4999999999998373523, -0.6979999999999999538 ) ) ;
#176 = DIRECTION ( 'NONE',  ( -1.000000000000000000, -0.000000000000000000, -0.000000000000000000 ) ) ;
#177 = ORIENTED_EDGE ( 'NONE', *, *, #2315, .T. ) ;
#178 = DIRECTION ( 'NONE',  ( -0.000000000000000000, 1.000000000000000000, 2.220446049250310123E-16 ) ) ;
#179 = CARTESIAN_POINT ( 'NONE',  ( -0.4249999999999999889, -0.8159999999999999476, -0.5000000000000000000 ) ) ;
#180 = ORIENTED_EDGE ( 'NONE', *, *, #3423, .T. ) ;
#181 = DIRECTION ( 'NONE',  ( -1.000000000000000000, -0.000000000000000000, -0.000000000000000000 ) ) ;
#182 = ORIENTED_EDGE ( 'NONE', *, *, #1664, .T. ) ;
#183 = DIRECTION ( 'NONE',  ( -0.000000000000000000, -2.220446049250310123E-16, 1.000000000000000000 ) ) ;
#184 = VERTEX_POINT ( 'NONE', #1097 ) ;
#185 = CARTESIAN_POINT ( 'NONE',  ( -0.7750000000000001332, -1.649999999999999911, 0.000000000000000000 ) ) ;
#186 = ADVANCED_FACE ( 'NONE', ( #2269 ), #3549, .F. ) ;
#187 = EDGE_LOOP ( 'NONE', ( #625, #1068, #2155, #1501 ) ) ;
#188 = CARTESIAN_POINT ( 'NONE',  ( -0.1749999999999549971, -1.150000000000009903, -0.6999999999999999556 ) ) ;
#189 = ADVANCED_FACE ( 'NONE', ( #512 ), #3523, .T. ) ;
#190 = DIRECTION ( 'NONE',  ( 4.770489558936030183E-14, -1.000000000000000000, -2.220446049250310123E-16 ) ) ;
#191 = CARTESIAN_POINT ( 'NONE',  ( 0.1849999999997749833, 0.2000000000000005107, -0.7000000000000000666 ) ) ;
#192 = ORIENTED_EDGE ( 'NONE', *, *, #252, .T. ) ;
#193 = EDGE_CURVE ( 'NONE', #411, #2705, #276, .T. ) ;
#194 = CARTESIAN_POINT ( 'NONE',  ( -0.9750000000001369793, 0.8500000000000240696, -0.5999999999999998668 ) ) ;
#195 = CARTESIAN_POINT ( 'NONE',  ( 1.125000311988479940, -0.2649999999999989586, -0.6999999999999999556 ) ) ;
#196 = ORIENTED_EDGE ( 'NONE', *, *, #893, .F. ) ;
#197 = CARTESIAN_POINT ( 'NONE',  ( -0.9250000000000540012, -1.149999999999979927, -0.7000000000000002887 ) ) ;
#198 = DIRECTION ( 'NONE',  ( 1.000000000000000000, -0.000000000000000000, 0.000000000000000000 ) ) ;
#199 = ADVANCED_FACE ( 'NONE', ( #1422 ), #3226, .F. ) ;
#200 = CARTESIAN_POINT ( 'NONE',  ( -1.125000000000042633, 5000.000000000000000, -0.6979999999999999538 ) ) ;
#201 = ORIENTED_EDGE ( 'NONE', *, *, #1262, .T. ) ;
#202 = CARTESIAN_POINT ( 'NONE',  ( -0.9250000000000609957, 0.6500000000000205613, -0.6999999999999999556 ) ) ;
#203 = CIRCLE ( 'NONE', #2855, 0.1000000000000120237 ) ;
#204 = APPLICATION_PROTOCOL_DEFINITION ( 'international standard', 'config_control_design', 1994, #999 ) ;
#205 = ORIENTED_EDGE ( 'NONE', *, *, #314, .T. ) ;
#206 = CARTESIAN_POINT ( 'NONE',  ( 0.4249999999918127047, -133707.5969977267669, 499000.0000000000000 ) ) ;
#207 = LINE ( 'NONE', #3078, #1085 ) ;
#208 = DIRECTION ( 'NONE',  ( 1.000000000000000000, 0.000000000000000000, 0.000000000000000000 ) ) ;
#209 = EDGE_CURVE ( 'NONE', #3522, #1364, #1439, .T. ) ;
#210 = VERTEX_POINT ( 'NONE', #3793 ) ;
#211 = ORIENTED_EDGE ( 'NONE', *, *, #1788, .T. ) ;
#212 = CYLINDRICAL_SURFACE ( 'NONE', #2143, 0.1000000000000080685 ) ;
#213 = VECTOR ( 'NONE', #2201, 1000.000000000000000 ) ;
#214 = CARTESIAN_POINT ( 'NONE',  ( 0.2749999999999879763, -1.300000000000000266, -0.7000000000000009548 ) ) ;
#215 = CARTESIAN_POINT ( 'NONE',  ( -1.075000000000039924, -1.149999999999979927, -0.6000000000000009770 ) ) ;
#216 = EDGE_CURVE ( 'NONE', #1072, #2096, #1164, .T. ) ;
#217 = VERTEX_POINT ( 'NONE', #589 ) ;
#218 = AXIS2_PLACEMENT_3D ( 'NONE', #2338, #3464, #1445 ) ;
#219 = DIRECTION ( 'NONE',  ( 0.000000000000000000, 0.000000000000000000, 1.000000000000000000 ) ) ;
#220 = DIRECTION ( 'NONE',  ( 0.000000000000000000, 2.220446049250310123E-16, -1.000000000000000000 ) ) ;
#221 = PERSON_AND_ORGANIZATION ( #1319, #77 ) ;
#222 = VECTOR ( 'NONE', #333, 1000.000000000000000 ) ;
#223 = DIRECTION ( 'NONE',  ( 0.000000000000000000, 2.220446049250310123E-16, -1.000000000000000000 ) ) ;
#224 = PLANE ( 'NONE',  #2075 ) ;
#225 = ORIENTED_EDGE ( 'NONE', *, *, #2033, .T. ) ;
#226 = VECTOR ( 'NONE', #2265, 1000.000000000000000 ) ;
#227 = CARTESIAN_POINT ( 'NONE',  ( -0.9250000000000540012, 0.7500000000000009992, -0.6999999999999999556 ) ) ;
#228 = EDGE_CURVE ( 'NONE', #2975, #2914, #843, .T. ) ;
#229 = VECTOR ( 'NONE', #3365, 1000.000000000000114 ) ;
#230 = ORIENTED_EDGE ( 'NONE', *, *, #165, .T. ) ;
#231 = DIRECTION ( 'NONE',  ( -1.000000000000000000, -0.000000000000000000, -0.000000000000000000 ) ) ;
#232 = CARTESIAN_POINT ( 'NONE',  ( 0.8750000024996701375, -1.299999999999980060, -0.7000000000000009548 ) ) ;
#233 = AXIS2_PLACEMENT_3D ( 'NONE', #2836, #3098, #505 ) ;
#234 = ORIENTED_EDGE ( 'NONE', *, *, #2729, .F. ) ;
#235 = DIRECTION ( 'NONE',  ( -0.000000000000000000, 1.000000000000000000, 0.000000000000000000 ) ) ;
#236 = DIRECTION ( 'NONE',  ( -0.000000000000000000, 2.220446049250310123E-16, -1.000000000000000000 ) ) ;
#237 = LINE ( 'NONE', #1420, #1773 ) ;
#238 = ORIENTED_EDGE ( 'NONE', *, *, #1463, .T. ) ;
#239 = PLANE ( 'NONE',  #3408 ) ;
#240 = CARTESIAN_POINT ( 'NONE',  ( -1.125000311988479940, 0.7500000000000011102, -0.5999999999999998668 ) ) ;
#241 = PERSON_AND_ORGANIZATION ( #1319, #77 ) ;
#242 = EDGE_CURVE ( 'NONE', #1724, #2106, #2043, .T. ) ;
#243 = CARTESIAN_POINT ( 'NONE',  ( -0.8250000000000460298, 0.5500000000000260236, -0.6999999999999999556 ) ) ;
#244 = ORIENTED_EDGE ( 'NONE', *, *, #2619, .T. ) ;
#245 = PLANE ( 'NONE',  #218 ) ;
#246 = VERTEX_POINT ( 'NONE', #1728 ) ;
#247 = ADVANCED_FACE ( 'NONE', ( #2610 ), #239, .F. ) ;
#248 = LINE ( 'NONE', #3780, #1263 ) ;
#249 = EDGE_LOOP ( 'NONE', ( #1551, #3266, #459, #3019 ) ) ;
#250 = DIRECTION ( 'NONE',  ( -0.000000000000000000, -0.000000000000000000, 1.000000000000000000 ) ) ;
#251 = CARTESIAN_POINT ( 'NONE',  ( 0.000000000000000000, 0.000000000000000000, -0.1000000000000000056 ) ) ;
#252 = EDGE_CURVE ( 'NONE', #2635, #3702, #3507, .T. ) ;
#253 = VERTEX_POINT ( 'NONE', #1482 ) ;
#254 = DIRECTION ( 'NONE',  ( 0.000000000000000000, -1.000000000000000000, 0.000000000000000000 ) ) ;
#255 = EDGE_LOOP ( 'NONE', ( #561, #9, #1361, #873 ) ) ;
#256 = LINE ( 'NONE', #609, #1019 ) ;
#257 = CARTESIAN_POINT ( 'NONE',  ( -5000.000000000000000, 0.6500000006237627304, -0.6979999999999999538 ) ) ;
#258 = ORIENTED_EDGE ( 'NONE', *, *, #1010, .F. ) ;
#259 = CARTESIAN_POINT ( 'NONE',  ( 1.068649172471000330, 1.249999999821990615, -0.5000000000000000000 ) ) ;
#260 = DIRECTION ( 'NONE',  ( 0.000000000000000000, 1.000000000000000000, 0.000000000000000000 ) ) ;
#261 = DIRECTION ( 'NONE',  ( 0.000000000000000000, 0.9659258262890682012, -0.2588190451025210725 ) ) ;
#262 = EDGE_CURVE ( 'NONE', #987, #2961, #3755, .T. ) ;
#263 = ORIENTED_EDGE ( 'NONE', *, *, #1447, .F. ) ;
#264 = CARTESIAN_POINT ( 'NONE',  ( -3.252606517456509851E-16, 6.083862687778889869E-16, -0.5999999999999999778 ) ) ;
#265 = EDGE_CURVE ( 'NONE', #2705, #270, #1766, .T. ) ;
#266 = DIRECTION ( 'NONE',  ( -0.000000000000000000, -2.220446049250310123E-16, 1.000000000000000000 ) ) ;
#267 = VERTEX_POINT ( 'NONE', #1747 ) ;
#268 = DIRECTION ( 'NONE',  ( 0.000000000000000000, 2.220446049250310123E-16, -1.000000000000000000 ) ) ;
#269 = DIRECTION ( 'NONE',  ( 0.000000000000000000, -2.220446049250310123E-16, 1.000000000000000000 ) ) ;
#270 = VERTEX_POINT ( 'NONE', #2920 ) ;
#271 = ORIENTED_EDGE ( 'NONE', *, *, #3375, .T. ) ;
#272 = DIRECTION ( 'NONE',  ( 0.000000000000000000, 2.220446049250310123E-16, -1.000000000000000000 ) ) ;
#273 = LINE ( 'NONE', #883, #3360 ) ;
#274 = ORIENTED_EDGE ( 'NONE', *, *, #1454, .F. ) ;
#275 = VECTOR ( 'NONE', #2193, 1000.000000000000000 ) ;
#276 = LINE ( 'NONE', #259, #715 ) ;
#277 = CARTESIAN_POINT ( 'NONE',  ( 1.074999999999920020, -0.8500000000000069722, -0.7000000000000009548 ) ) ;
#278 = AXIS2_PLACEMENT_3D ( 'NONE', #2402, #2468, #1011 ) ;
#279 = ORIENTED_EDGE ( 'NONE', *, *, #503, .T. ) ;
#280 = VERTEX_POINT ( 'NONE', #3460 ) ;
#281 = LINE ( 'NONE', #872, #2252 ) ;
#282 = AXIS2_PLACEMENT_3D ( 'NONE', #2673, #1229, #982 ) ;
#283 = VECTOR ( 'NONE', #1310, 1000.000000000000000 ) ;
#284 = VECTOR ( 'NONE', #3188, 1000.000000000000000 ) ;
#285 = CIRCLE ( 'NONE', #1824, 0.1000000000000080130 ) ;
#286 = EDGE_CURVE ( 'NONE', #3155, #2454, #2685, .T. ) ;
#287 = DIRECTION ( 'NONE',  ( 0.000000000000000000, -1.000000000000000000, 0.000000000000000000 ) ) ;
#288 = CARTESIAN_POINT ( 'NONE',  ( 1.125000155994239970, -1.650000000078039930, 0.000000000000000000 ) ) ;
#289 = ORIENTED_EDGE ( 'NONE', *, *, #3105, .F. ) ;
#290 = AXIS2_PLACEMENT_3D ( 'NONE', #555, #1726, #3437 ) ;
#291 = FACE_OUTER_BOUND ( 'NONE', #2139, .T. ) ;
#292 = ORIENTED_EDGE ( 'NONE', *, *, #3783, .T. ) ;
#293 = AXIS2_PLACEMENT_3D ( 'NONE', #1051, #3390, #772 ) ;
#294 = EDGE_CURVE ( 'NONE', #3647, #1789, #1187, .T. ) ;
#295 = DIRECTION ( 'NONE',  ( 1.000000000000000000, 0.000000000000000000, 0.000000000000000000 ) ) ;
#296 = DIRECTION ( 'NONE',  ( 0.000000000000000000, 1.000000000000000000, 2.220446049250310123E-16 ) ) ;
#297 = ORIENTED_EDGE ( 'NONE', *, *, #2521, .T. ) ;
#298 = VECTOR ( 'NONE', #2853, 1000.000000000000000 ) ;
#299 = DIRECTION ( 'NONE',  ( -0.000000000000000000, -2.220446049250310123E-16, 1.000000000000000000 ) ) ;
#300 = CARTESIAN_POINT ( 'NONE',  ( 1.075000000000029932, 0.04999999999996940225, -0.6999999999999999556 ) ) ;
#301 = EDGE_CURVE ( 'NONE', #1665, #2518, #2306, .T. ) ;
#302 = ORIENTED_EDGE ( 'NONE', *, *, #1053, .F. ) ;
#303 = DIRECTION ( 'NONE',  ( 1.000000000000000000, 5.421010862427829826E-16, 1.203706215242090065E-31 ) ) ;
#304 = DIRECTION ( 'NONE',  ( 0.000000000000000000, -2.220446049250310123E-16, 1.000000000000000000 ) ) ;
#305 = DIRECTION ( 'NONE',  ( 0.000000000000000000, 2.220446049250310123E-16, -1.000000000000000000 ) ) ;
#306 = ORIENTED_EDGE ( 'NONE', *, *, #1823, .F. ) ;
#307 = EDGE_CURVE ( 'NONE', #2042, #1197, #557, .T. ) ;
#308 = CARTESIAN_POINT ( 'NONE',  ( -1.125000311988479940, 1.650000000312159987, -0.6979999999999999538 ) ) ;
#309 = ORIENTED_EDGE ( 'NONE', *, *, #2418, .T. ) ;
#310 = EDGE_CURVE ( 'NONE', #1913, #3276, #2573, .T. ) ;
#311 = DIRECTION ( 'NONE',  ( 0.000000000000000000, 2.220446049250310123E-16, -1.000000000000000000 ) ) ;
#312 = CARTESIAN_POINT ( 'NONE',  ( -1.075000000000095213, -0.1500000000000049905, -0.6999999999999999556 ) ) ;
#313 = ORIENTED_EDGE ( 'NONE', *, *, #2370, .T. ) ;
#314 = EDGE_CURVE ( 'NONE', #1605, #3779, #821, .T. ) ;
#315 = FACE_OUTER_BOUND ( 'NONE', #3635, .T. ) ;
#316 = ORIENTED_EDGE ( 'NONE', *, *, #1478, .T. ) ;
#317 = ORIENTED_EDGE ( 'NONE', *, *, #3707, .T. ) ;
#318 = LINE ( 'NONE', #3302, #3296 ) ;
#319 = EDGE_CURVE ( 'NONE', #2110, #1840, #3076, .T. ) ;
#320 = ORIENTED_EDGE ( 'NONE', *, *, #559, .T. ) ;
#321 = CARTESIAN_POINT ( 'NONE',  ( 1.074999999999960210, 0.7499999999999841238, -0.5999999999999998668 ) ) ;
#322 = FACE_OUTER_BOUND ( 'NONE', #993, .T. ) ;
#323 = ORIENTED_EDGE ( 'NONE', *, *, #643, .T. ) ;
#324 = CARTESIAN_POINT ( 'NONE',  ( 0.5350000000000250111, -0.1649999999999985922, -0.6999999999999999556 ) ) ;
#325 = ORIENTED_EDGE ( 'NONE', *, *, #2200, .F. ) ;
#326 = CARTESIAN_POINT ( 'NONE',  ( -0.8250000000000460298, 0.5500000000000260236, -0.6999999999999999556 ) ) ;
#327 = CARTESIAN_POINT ( 'NONE',  ( 1.075000000000049916, -0.1500000000000049905, -0.6999999999999999556 ) ) ;
#328 = ORIENTED_EDGE ( 'NONE', *, *, #1358, .T. ) ;
#329 = AXIS2_PLACEMENT_3D ( 'NONE', #2156, #3328, #110 ) ;
#330 = LINE ( 'NONE', #3561, #2500 ) ;
#331 = VERTEX_POINT ( 'NONE', #692 ) ;
#332 = ORIENTED_EDGE ( 'NONE', *, *, #1126, .F. ) ;
#333 = DIRECTION ( 'NONE',  ( 0.000000000000000000, 1.000000000000000000, 0.000000000000000000 ) ) ;
#334 = CIRCLE ( 'NONE', #2125, 0.1000000000000130507 ) ;
#335 = VECTOR ( 'NONE', #1257, 1000.000000000000000 ) ;
#336 = AXIS2_PLACEMENT_3D ( 'NONE', #2551, #1613, #781 ) ;
#337 = VECTOR ( 'NONE', #2713, 1000.000000000000000 ) ;
#338 = AXIS2_PLACEMENT_3D ( 'NONE', #101, #3107, #430 ) ;
#339 = VECTOR ( 'NONE', #3587, 1000.000000000000000 ) ;
#340 = LINE ( 'NONE', #671, #2071 ) ;
#341 = PLANE ( 'NONE',  #1174 ) ;
#342 = ORIENTED_EDGE ( 'NONE', *, *, #713, .F. ) ;
#343 = FACE_OUTER_BOUND ( 'NONE', #517, .T. ) ;
#344 = VECTOR ( 'NONE', #1801, 1000.000000000000000 ) ;
#345 = DIRECTION ( 'NONE',  ( -1.000000000000000000, -0.000000000000000000, -0.000000000000000000 ) ) ;
#346 = CARTESIAN_POINT ( 'NONE',  ( -0.9750000000000800249, 0.04999999999998350209, -0.6999999999999999556 ) ) ;
#347 = AXIS2_PLACEMENT_3D ( 'NONE', #1687, #818, #776 ) ;
#348 = EDGE_LOOP ( 'NONE', ( #16, #3170, #438, #1135 ) ) ;
#349 = CALENDAR_DATE ( 2025, 7, 5 ) ;
#350 = AXIS2_PLACEMENT_3D ( 'NONE', #125, #1846, #672 ) ;
#351 = AXIS2_PLACEMENT_3D ( 'NONE', #1205, #2390, #3563 ) ;
#352 = EDGE_CURVE ( 'NONE', #3467, #3351, #652, .T. ) ;
#353 = VERTEX_POINT ( 'NONE', #441 ) ;
#354 = DIRECTION ( 'NONE',  ( -0.000000000000000000, -2.220446049250310123E-16, 1.000000000000000000 ) ) ;
#355 = ADVANCED_FACE ( 'NONE', ( #1547 ), #3687, .T. ) ;
#356 = ADVANCED_FACE ( 'NONE', ( #1008 ), #676, .T. ) ;
#357 = EDGE_CURVE ( 'NONE', #246, #456, #2175, .T. ) ;
#358 = ORIENTED_EDGE ( 'NONE', *, *, #310, .T. ) ;
#359 = LINE ( 'NONE', #3003, #648 ) ;
#360 = PLANE ( 'NONE',  #3500 ) ;
#361 = ORIENTED_EDGE ( 'NONE', *, *, #307, .F. ) ;
#362 = LINE ( 'NONE', #3006, #337 ) ;
#363 = EDGE_LOOP ( 'NONE', ( #2466, #3369, #2823, #894 ) ) ;
#364 = PLANE ( 'NONE',  #3791 ) ;
#365 = EDGE_CURVE ( 'NONE', #2690, #2776, #3607, .T. ) ;
#366 = DIRECTION ( 'NONE',  ( -0.000000000000000000, -0.000000000000000000, -1.000000000000000000 ) ) ;
#367 = CARTESIAN_POINT ( 'NONE',  ( 0.2749999999999879763, -1.300000000000000266, -0.7000000000000009548 ) ) ;
#368 = ORIENTED_EDGE ( 'NONE', *, *, #414, .F. ) ;
#369 = ORIENTED_EDGE ( 'NONE', *, *, #117, .T. ) ;
#370 = ORIENTED_EDGE ( 'NONE', *, *, #3058, .T. ) ;
#371 = CARTESIAN_POINT ( 'NONE',  ( 0.9718245867451811293, 1.324999999776802717, -0.5000000000000000000 ) ) ;
#372 = ADVANCED_FACE ( 'NONE', ( #3631 ), #364, .F. ) ;
#373 = CC_DESIGN_PERSON_AND_ORGANIZATION_ASSIGNMENT ( #1719, #2049, ( #3599 ) ) ;
#374 = ADVANCED_FACE ( 'NONE', ( #1606 ), #711, .F. ) ;
#375 = DIRECTION ( 'NONE',  ( -0.000000000000000000, -0.000000000000000000, 1.000000000000000000 ) ) ;
#376 = PLANE ( 'NONE',  #2748 ) ;
#377 = VERTEX_POINT ( 'NONE', #112 ) ;
#378 = DIRECTION ( 'NONE',  ( -0.000000000000000000, 1.000000000000000000, 0.000000000000000000 ) ) ;
#379 = EDGE_LOOP ( 'NONE', ( #928, #2867, #3694, #323 ) ) ;
#380 = DIRECTION ( 'NONE',  ( -0.000000000000000000, -0.000000000000000000, -1.000000000000000000 ) ) ;
#381 = FACE_OUTER_BOUND ( 'NONE', #1410, .T. ) ;
#382 = ORIENTED_EDGE ( 'NONE', *, *, #1115, .T. ) ;
#383 = EDGE_CURVE ( 'NONE', #2114, #938, #1261, .T. ) ;
#384 = ORIENTED_EDGE ( 'NONE', *, *, #1629, .T. ) ;
#385 = LOCAL_TIME ( 15, 26, 20.00000000000000000, #2289 ) ;
#386 = ORIENTED_EDGE ( 'NONE', *, *, #55, .F. ) ;
#387 = CARTESIAN_POINT ( 'NONE',  ( 1.074999999999920020, -0.8500000000000069722, -0.7000000000000009548 ) ) ;
#388 = ORIENTED_EDGE ( 'NONE', *, *, #55, .T. ) ;
#389 = CARTESIAN_POINT ( 'NONE',  ( 0.9718245867451765774, 1.324999999776801607, -0.6979999999999998428 ) ) ;
#390 = VECTOR ( 'NONE', #3349, 1000.000000000000000 ) ;
#391 = VERTEX_POINT ( 'NONE', #3062 ) ;
#392 = DIRECTION ( 'NONE',  ( -1.000000000000000000, 0.000000000000000000, 0.000000000000000000 ) ) ;
#393 = CARTESIAN_POINT ( 'NONE',  ( -1.125000000000042633, 5000.000000000000000, -0.6979999999999999538 ) ) ;
#394 = VECTOR ( 'NONE', #2850, 1000.000000000000000 ) ;
#395 = ORIENTED_EDGE ( 'NONE', *, *, #1775, .F. ) ;
#396 = CARTESIAN_POINT ( 'NONE',  ( 1.075000000000029932, 0.04999999999996938144, -0.5999999999999999778 ) ) ;
#397 = VERTEX_POINT ( 'NONE', #2484 ) ;
#398 = CARTESIAN_POINT ( 'NONE',  ( -1.125000000000000222, 0.000000000000000000, 0.000000000000000000 ) ) ;
#399 = CARTESIAN_POINT ( 'NONE',  ( 0.9749999999999126032, -0.8499999999999996447, -0.6000000000000009770 ) ) ;
#400 = EDGE_CURVE ( 'NONE', #3311, #1813, #2626, .T. ) ;
#401 = CONICAL_SURFACE ( 'NONE', #1095, 0.4999745962025372581, 0.2617993889548879127 ) ;
#402 = VECTOR ( 'NONE', #1381, 1000.000000000000000 ) ;
#403 = LINE ( 'NONE', #3650, #1218 ) ;
#404 = CARTESIAN_POINT ( 'NONE',  ( 1.125000311988479940, 1.650000000312159987, -0.6979999999999999538 ) ) ;
#405 = ORIENTED_EDGE ( 'NONE', *, *, #3209, .F. ) ;
#406 = VECTOR ( 'NONE', #3622, 1000.000000000000000 ) ;
#407 = ADVANCED_FACE ( 'NONE', ( #3658 ), #2335, .T. ) ;
#408 = CIRCLE ( 'NONE', #914, 0.09999999999999982514 ) ;
#409 = ORIENTED_EDGE ( 'NONE', *, *, #798, .F. ) ;
#410 = AXIS2_PLACEMENT_3D ( 'NONE', #1012, #1323, #1851 ) ;
#411 = VERTEX_POINT ( 'NONE', #1125 ) ;
#412 = CARTESIAN_POINT ( 'NONE',  ( -3.252606517456509851E-16, 1.150000000000009903, -0.5999999999999997558 ) ) ;
#413 = VECTOR ( 'NONE', #1883, 1000.000000000000000 ) ;
#414 = EDGE_CURVE ( 'NONE', #679, #1190, #2594, .T. ) ;
#415 = DIRECTION ( 'NONE',  ( -1.610814656264169902E-14, -1.000000000000000000, 0.000000000000000000 ) ) ;
#416 = LINE ( 'NONE', #2309, #2937 ) ;
#417 = DIRECTION ( 'NONE',  ( 0.000000000000000000, 1.000000000000000000, 0.000000000000000000 ) ) ;
#418 = ORIENTED_EDGE ( 'NONE', *, *, #3207, .F. ) ;
#419 = LINE ( 'NONE', #1885, #435 ) ;
#420 = ORIENTED_EDGE ( 'NONE', *, *, #998, .F. ) ;
#421 = DIRECTION ( 'NONE',  ( -0.000000000000000000, -0.000000000000000000, -1.000000000000000000 ) ) ;
#422 = FACE_OUTER_BOUND ( 'NONE', #1318, .T. ) ;
#423 = DIRECTION ( 'NONE',  ( -0.000000000000000000, -2.220446049250310123E-16, 1.000000000000000000 ) ) ;
#424 = DIRECTION ( 'NONE',  ( -0.000000000000000000, -2.220446049250310123E-16, 1.000000000000000000 ) ) ;
#425 = EDGE_CURVE ( 'NONE', #3239, #106, #3774, .T. ) ;
#426 = ORIENTED_EDGE ( 'NONE', *, *, #1053, .T. ) ;
#427 = EDGE_CURVE ( 'NONE', #3702, #2703, #515, .T. ) ;
#428 = VERTEX_POINT ( 'NONE', #1904 ) ;
#429 = PLANE ( 'NONE',  #336 ) ;
#430 = DIRECTION ( 'NONE',  ( 0.000000000000000000, 1.000000000000000000, 0.000000000000000000 ) ) ;
#431 = ADVANCED_BREP_SHAPE_REPRESENTATION ( 'KRTB_DWLM32_32_20250507_geometry', ( #3750, #2375 ), #1075 ) ;
#432 = DIRECTION ( 'NONE',  ( 0.2588190451025213501, 0.000000000000000000, -0.9659258262890680902 ) ) ;
#433 = ADVANCED_FACE ( 'NONE', ( #1314 ), #1693, .F. ) ;
#434 = VERTEX_POINT ( 'NONE', #3758 ) ;
#435 = VECTOR ( 'NONE', #2482, 1000.000000000000000 ) ;
#436 = DIRECTION ( 'NONE',  ( 1.000000000000000000, 0.000000000000000000, 0.000000000000000000 ) ) ;
#437 = CARTESIAN_POINT ( 'NONE',  ( -0.9250000000000540012, 0.6500000000000349942, -0.6999999999999999556 ) ) ;
#438 = ORIENTED_EDGE ( 'NONE', *, *, #3506, .F. ) ;
#439 = CARTESIAN_POINT ( 'NONE',  ( 1.068649170051819919, -1.349999999375750104, -0.7000000000000009548 ) ) ;
#440 = ORIENTED_EDGE ( 'NONE', *, *, #2950, .T. ) ;
#441 = CARTESIAN_POINT ( 'NONE',  ( 1.125000272989919781, 0.2650000000000004574, -0.6999999999999999556 ) ) ;
#442 = DIRECTION ( 'NONE',  ( 0.000000000000000000, 1.000000000000000000, 0.000000000000000000 ) ) ;
#443 = CARTESIAN_POINT ( 'NONE',  ( 0.9249745962155617729, -0.4500000000000000666, 0.000000000000000000 ) ) ;
#444 = FACE_OUTER_BOUND ( 'NONE', #187, .T. ) ;
#445 = EDGE_LOOP ( 'NONE', ( #3438, #1703, #2846, #316 ) ) ;
#446 = DIRECTION ( 'NONE',  ( 0.000000000000000000, -1.000000000000000000, -2.220446049250310123E-16 ) ) ;
#447 = ORIENTED_EDGE ( 'NONE', *, *, #3082, .T. ) ;
#448 = DIRECTION ( 'NONE',  ( 1.000000000000000000, 0.000000000000000000, -0.000000000000000000 ) ) ;
#449 = CARTESIAN_POINT ( 'NONE',  ( -1.125000311988479940, 0.6500000000000349942, -0.6999999999999999556 ) ) ;
#450 = APPLICATION_CONTEXT ( 'configuration controlled 3d designs of mechanical parts and assemblies' ) ;
#451 = EDGE_CURVE ( 'NONE', #3657, #1840, #416, .T. ) ;
#452 = CARTESIAN_POINT ( 'NONE',  ( -1.125000311988479940, -1.149999999999979927, -0.7000000000000006217 ) ) ;
#453 = ORIENTED_EDGE ( 'NONE', *, *, #1583, .F. ) ;
#454 = ADVANCED_FACE ( 'NONE', ( #745 ), #705, .T. ) ;
#455 = CARTESIAN_POINT ( 'NONE',  ( 1.125000000000000222, 0.000000000000000000, 0.000000000000000000 ) ) ;
#456 = VERTEX_POINT ( 'NONE', #1407 ) ;
#457 = VECTOR ( 'NONE', #3462, 1000.000000000000000 ) ;
#458 = DIRECTION ( 'NONE',  ( 0.000000000000000000, -2.220446049250310123E-16, 1.000000000000000000 ) ) ;
#459 = ORIENTED_EDGE ( 'NONE', *, *, #974, .T. ) ;
#460 = DIRECTION ( 'NONE',  ( -1.000000000000000000, -0.000000000000000000, 0.000000000000000000 ) ) ;
#461 = VECTOR ( 'NONE', #3501, 1000.000000000000000 ) ;
#462 = LINE ( 'NONE', #1991, #2863 ) ;
#463 = CARTESIAN_POINT ( 'NONE',  ( 0.9750000000000229594, 0.04999999999998350209, -0.6999999999999999556 ) ) ;
#464 = VECTOR ( 'NONE', #378, 1000.000000000000000 ) ;
#465 = ORIENTED_EDGE ( 'NONE', *, *, #530, .F. ) ;
#466 = ORIENTED_EDGE ( 'NONE', *, *, #3636, .F. ) ;
#467 = AXIS2_PLACEMENT_3D ( 'NONE', #580, #2035, #2637 ) ;
#468 = AXIS2_PLACEMENT_3D ( 'NONE', #2797, #2778, #758 ) ;
#469 = CARTESIAN_POINT ( 'NONE',  ( 1.068649169971229940, -1.249999999375730031, -0.5000000000000009992 ) ) ;
#470 = LINE ( 'NONE', #2822, #2568 ) ;
#471 = VECTOR ( 'NONE', #3014, 1000.000000000000000 ) ;
#472 = AXIS2_PLACEMENT_3D ( 'NONE', #3664, #1865, #1564 ) ;
#473 = ORIENTED_EDGE ( 'NONE', *, *, #2700, .T. ) ;
#474 = CARTESIAN_POINT ( 'NONE',  ( -0.9750000000001369793, 0.8500000000000240696, -0.6999999999999999556 ) ) ;
#475 = CARTESIAN_POINT ( 'NONE',  ( -1.125000311988479940, 1.650000000312159987, -0.6999999999999999556 ) ) ;
#476 = CIRCLE ( 'NONE', #2566, 0.1000000000000079575 ) ;
#477 = EDGE_CURVE ( 'NONE', #2454, #2182, #124, .T. ) ;
#478 = AXIS2_PLACEMENT_3D ( 'NONE', #2663, #1798, #1480 ) ;
#479 = ADVANCED_FACE ( 'NONE', ( #1021 ), #1601, .F. ) ;
#480 = LINE ( 'NONE', #3029, #662 ) ;
#481 = EDGE_LOOP ( 'NONE', ( #1393, #567, #2437, #3669, #2660, #2470 ) ) ;
#482 = AXIS2_PLACEMENT_3D ( 'NONE', #2321, #2622, #269 ) ;
#483 = LINE ( 'NONE', #746, #3505 ) ;
#484 = ORIENTED_EDGE ( 'NONE', *, *, #1500, .F. ) ;
#485 = VECTOR ( 'NONE', #1442, 1000.000000000000000 ) ;
#486 = LINE ( 'NONE', #185, #2063 ) ;
#487 = VERTEX_POINT ( 'NONE', #2904 ) ;
#488 = LINE ( 'NONE', #1889, #600 ) ;
#489 = DIRECTION ( 'NONE',  ( 1.000000000000000000, 0.000000000000000000, 0.000000000000000000 ) ) ;
#490 = CYLINDRICAL_SURFACE ( 'NONE', #2572, 0.1000000003569491147 ) ;
#491 = ORIENTED_EDGE ( 'NONE', *, *, #1010, .T. ) ;
#492 = CARTESIAN_POINT ( 'NONE',  ( -0.4249999999999999889, -0.9499745962155619061, 0.000000000000000000 ) ) ;
#493 = CARTESIAN_POINT ( 'NONE',  ( 1.075000000000029932, 0.1499999999999780120, -0.6999999999999999556 ) ) ;
#494 = ORIENTED_EDGE ( 'NONE', *, *, #1497, .F. ) ;
#495 = CARTESIAN_POINT ( 'NONE',  ( -0.9222951042763896101, -0.4500000000000000111, -0.01000000000948600941 ) ) ;
#496 = LINE ( 'NONE', #2532, #1579 ) ;
#497 = CALENDAR_DATE ( 2025, 7, 5 ) ;
#498 = CARTESIAN_POINT ( 'NONE',  ( -3.252606517456509851E-16, -0.6500000006242440120, -0.5000000000000000000 ) ) ;
#499 = ORIENTED_EDGE ( 'NONE', *, *, #2803, .F. ) ;
#500 = ADVANCED_FACE ( 'NONE', ( #2612 ), #2501, .T. ) ;
#501 = DIRECTION ( 'NONE',  ( 1.084202172485504434E-15, 1.000000000000000000, 0.000000000000000000 ) ) ;
#502 = DIRECTION ( 'NONE',  ( 0.000000000000000000, 0.000000000000000000, -1.000000000000000000 ) ) ;
#503 = EDGE_CURVE ( 'NONE', #1014, #1628, #823, .T. ) ;
#504 = DIRECTION ( 'NONE',  ( 0.000000000000000000, -1.000000000000000000, -2.220446049250310123E-16 ) ) ;
#505 = DIRECTION ( 'NONE',  ( 0.000000000000000000, 0.000000000000000000, 1.000000000000000000 ) ) ;
#506 = ORIENTED_EDGE ( 'NONE', *, *, #1692, .T. ) ;
#507 = VERTEX_POINT ( 'NONE', #2002 ) ;
#508 = CARTESIAN_POINT ( 'NONE',  ( 0.9718245862757561859, 0.5750000001558324136, -0.6979999999999999538 ) ) ;
#509 = CARTESIAN_POINT ( 'NONE',  ( -0.8000000000000000444, 1.120000000000000107, 0.001000000000000000021 ) ) ;
#510 = CARTESIAN_POINT ( 'NONE',  ( 1.125000311988479940, -0.6500000006241981598, -0.6999999999999999556 ) ) ;
#511 = VERTEX_POINT ( 'NONE', #3166 ) ;
#512 = FACE_OUTER_BOUND ( 'NONE', #2962, .T. ) ;
#513 = DIRECTION ( 'NONE',  ( 0.000000000000000000, 1.000000000000000000, 2.220446049250310123E-16 ) ) ;
#514 = ADVANCED_FACE ( 'NONE', ( #729 ), #535, .F. ) ;
#515 = LINE ( 'NONE', #1145, #2804 ) ;
#516 = DIRECTION ( 'NONE',  ( 0.000000000000000000, -2.220446049250310123E-16, 1.000000000000000000 ) ) ;
#517 = EDGE_LOOP ( 'NONE', ( #2008, #3048, #1695, #12 ) ) ;
#518 = DIRECTION ( 'NONE',  ( -0.000000000000000000, 1.000000000000000000, 2.220446049250310123E-16 ) ) ;
#519 = DIRECTION ( 'NONE',  ( 0.000000000000000000, -1.000000000000000000, -0.000000000000000000 ) ) ;
#520 = LINE ( 'NONE', #1951, #3232 ) ;
#521 = DIRECTION ( 'NONE',  ( -0.000000000000000000, 2.220446049250310123E-16, -1.000000000000000000 ) ) ;
#522 = ORIENTED_EDGE ( 'NONE', *, *, #2740, .T. ) ;
#523 = DIRECTION ( 'NONE',  ( 0.000000000000000000, -1.000000000000000000, -2.220446049250310123E-16 ) ) ;
#524 = EDGE_CURVE ( 'NONE', #2386, #2362, #560, .T. ) ;
#525 = FACE_OUTER_BOUND ( 'NONE', #3175, .T. ) ;
#526 = LINE ( 'NONE', #1070, #2136 ) ;
#527 = EDGE_LOOP ( 'NONE', ( #2658, #1722, #2655, #332 ) ) ;
#528 = VECTOR ( 'NONE', #2153, 1000.000000000000000 ) ;
#529 = AXIS2_PLACEMENT_3D ( 'NONE', #2401, #1832, #3553 ) ;
#530 = EDGE_CURVE ( 'NONE', #1332, #2538, #3364, .T. ) ;
#531 = DIRECTION ( 'NONE',  ( 1.000000000000000000, 0.000000000000000000, 0.000000000000000000 ) ) ;
#532 = LINE ( 'NONE', #2883, #2739 ) ;
#533 = APPROVAL_ROLE ( '' ) ;
#534 = AXIS2_PLACEMENT_3D ( 'NONE', #3527, #2997, #632 ) ;
#535 = CYLINDRICAL_SURFACE ( 'NONE', #644, 0.09999999999999982514 ) ;
#536 = AXIS2_PLACEMENT_3D ( 'NONE', #2199, #2788, #1373 ) ;
#537 = ORIENTED_EDGE ( 'NONE', *, *, #1297, .F. ) ;
#538 = CARTESIAN_POINT ( 'NONE',  ( 1.074999999999950218, 1.149999999999989919, -0.5999999999999999778 ) ) ;
#539 = ORIENTED_EDGE ( 'NONE', *, *, #3380, .T. ) ;
#540 = EDGE_CURVE ( 'NONE', #2093, #2818, #3297, .T. ) ;
#541 = AXIS2_PLACEMENT_3D ( 'NONE', #3634, #991, #1868 ) ;
#542 = CARTESIAN_POINT ( 'NONE',  ( 0.3750000000000000000, -0.5999999999999939826, -0.6999999999999999556 ) ) ;
#543 = VERTEX_POINT ( 'NONE', #2046 ) ;
#544 = CARTESIAN_POINT ( 'NONE',  ( 0.000000000000000000, 0.000000000000000000, 0.000000000000000000 ) ) ;
#545 = AXIS2_PLACEMENT_3D ( 'NONE', #3691, #2563, #3746 ) ;
#546 = ORIENTED_EDGE ( 'NONE', *, *, #2927, .T. ) ;
#547 = LINE ( 'NONE', #1720, #1335 ) ;
#548 = FACE_OUTER_BOUND ( 'NONE', #3151, .T. ) ;
#549 = VECTOR ( 'NONE', #764, 1000.000000000000000 ) ;
#550 = ORIENTED_EDGE ( 'NONE', *, *, #1463, .F. ) ;
#551 = LINE ( 'NONE', #2282, #298 ) ;
#552 = VERTEX_POINT ( 'NONE', #3509 ) ;
#553 = EDGE_CURVE ( 'NONE', #1303, #53, #574, .T. ) ;
#554 = DIRECTION ( 'NONE',  ( -0.000000000000000000, -0.000000000000000000, 1.000000000000000000 ) ) ;
#555 = CARTESIAN_POINT ( 'NONE',  ( -0.9249999999999890532, -0.3649999999999991029, -0.6999999999999999556 ) ) ;
#556 = EDGE_LOOP ( 'NONE', ( #2422, #703, #1735, #3343 ) ) ;
#557 = LINE ( 'NONE', #659, #1810 ) ;
#558 = DIRECTION ( 'NONE',  ( -0.000000000000000000, 1.000000000000000000, 2.220446049250310123E-16 ) ) ;
#559 = EDGE_CURVE ( 'NONE', #918, #1020, #754, .T. ) ;
#560 = LINE ( 'NONE', #2479, #275 ) ;
#561 = ORIENTED_EDGE ( 'NONE', *, *, #228, .F. ) ;
#562 = CARTESIAN_POINT ( 'NONE',  ( -1.075000000000160050, 0.7500000000000011102, -0.6999999999999999556 ) ) ;
#563 = ORIENTED_EDGE ( 'NONE', *, *, #2759, .F. ) ;
#564 = LINE ( 'NONE', #1449, #28 ) ;
#565 = LINE ( 'NONE', #2341, #3108 ) ;
#566 = CARTESIAN_POINT ( 'NONE',  ( -0.07499999999998165079, -0.2999999999999424793, -0.6999999999999999556 ) ) ;
#567 = ORIENTED_EDGE ( 'NONE', *, *, #1450, .F. ) ;
#568 = CARTESIAN_POINT ( 'NONE',  ( -0.07499999999997450373, -0.3999999999999909739, -0.6999999999999999556 ) ) ;
#569 = ORIENTED_EDGE ( 'NONE', *, *, #2907, .T. ) ;
#570 = DIRECTION ( 'NONE',  ( 0.000000000000000000, -1.000000000000000000, -2.220446049250310123E-16 ) ) ;
#571 = DIRECTION ( 'NONE',  ( -1.000000000000000000, -0.000000000000000000, 0.000000000000000000 ) ) ;
#572 = EDGE_LOOP ( 'NONE', ( #2565, #3329, #2947, #2664 ) ) ;
#573 = DIRECTION ( 'NONE',  ( 1.000000000000000000, 0.000000000000000000, 0.000000000000000000 ) ) ;
#574 = LINE ( 'NONE', #1749, #1756 ) ;
#575 = DIRECTION ( 'NONE',  ( -0.000000000000000000, -2.220446049250310123E-16, 1.000000000000000000 ) ) ;
#576 = EDGE_CURVE ( 'NONE', #2446, #397, #2221, .T. ) ;
#577 =( NAMED_UNIT ( * ) PLANE_ANGLE_UNIT ( ) SI_UNIT ( $, .RADIAN. ) );
#578 = ADVANCED_FACE ( 'NONE', ( #1706 ), #3393, .F. ) ;
#579 = ORIENTED_EDGE ( 'NONE', *, *, #3792, .F. ) ;
#580 = CARTESIAN_POINT ( 'NONE',  ( -0.9249999999999890532, 0.3650000000000008793, -0.6999999999999999556 ) ) ;
#581 = FACE_OUTER_BOUND ( 'NONE', #1246, .T. ) ;
#582 = VERTEX_POINT ( 'NONE', #194 ) ;
#583 = CC_DESIGN_APPROVAL ( #3317, ( #2237 ) ) ;
#584 = DIRECTION ( 'NONE',  ( -1.000000000000000000, -0.000000000000000000, -0.000000000000000000 ) ) ;
#585 = CYLINDRICAL_SURFACE ( 'NONE', #3287, 0.09999999999999982514 ) ;
#586 = DIRECTION ( 'NONE',  ( 0.000000000000000000, -2.220446049250310123E-16, 1.000000000000000000 ) ) ;
#587 = ORIENTED_EDGE ( 'NONE', *, *, #2122, .T. ) ;
#588 = CIRCLE ( 'NONE', #1822, 0.1000000000000079575 ) ;
#589 = CARTESIAN_POINT ( 'NONE',  ( 0.9749999999999140465, -1.049999999999974953, -0.7000000000000009548 ) ) ;
#590 = DIRECTION ( 'NONE',  ( -0.000000000000000000, -2.220446049250310123E-16, 1.000000000000000000 ) ) ;
#591 = DIRECTION ( 'NONE',  ( -0.000000000000000000, -1.000000000000000000, -0.000000000000000000 ) ) ;
#592 = CIRCLE ( 'NONE', #2928, 0.1000000000000079992 ) ;
#593 = ORIENTED_EDGE ( 'NONE', *, *, #601, .F. ) ;
#594 = DIRECTION ( 'NONE',  ( -0.000000000000000000, 2.220446049250310123E-16, -1.000000000000000000 ) ) ;
#595 = AXIS2_PLACEMENT_3D ( 'NONE', #1792, #1541, #1504 ) ;
#596 = VECTOR ( 'NONE', #2761, 1000.000000000000000 ) ;
#597 = EDGE_CURVE ( 'NONE', #53, #1491, #2792, .T. ) ;
#598 = ADVANCED_FACE ( 'NONE', ( #817 ), #1686, .T. ) ;
#599 = AXIS2_PLACEMENT_3D ( 'NONE', #2061, #354, #3231 ) ;
#600 = VECTOR ( 'NONE', #460, 1000.000000000000000 ) ;
#601 = EDGE_CURVE ( 'NONE', #757, #1161, #2569, .T. ) ;
#602 = DIRECTION ( 'NONE',  ( -0.000000000000000000, -2.220446049250310123E-16, 1.000000000000000000 ) ) ;
#603 = DIRECTION ( 'NONE',  ( 0.000000000000000000, -2.220446049250310123E-16, 1.000000000000000000 ) ) ;
#604 = ORIENTED_EDGE ( 'NONE', *, *, #310, .F. ) ;
#605 = VECTOR ( 'NONE', #2548, 1000.000000000000000 ) ;
#606 = CARTESIAN_POINT ( 'NONE',  ( 0.9222951042946329059, -0.4500000000000000666, -0.009999999987376198898 ) ) ;
#607 = ORIENTED_EDGE ( 'NONE', *, *, #1138, .F. ) ;
#608 = AXIS2_PLACEMENT_3D ( 'NONE', #3326, #3018, #1258 ) ;
#609 = CARTESIAN_POINT ( 'NONE',  ( -1.125000311988479940, -0.7499999999999981126, -0.6999999999999999556 ) ) ;
#610 = CARTESIAN_POINT ( 'NONE',  ( 1.125000311988479940, -0.7499999999999981126, -0.6999999999999999556 ) ) ;
#611 = ORIENTED_EDGE ( 'NONE', *, *, #1151, .F. ) ;
#612 = AXIS2_PLACEMENT_3D ( 'NONE', #900, #2141, #674 ) ;
#613 = ADVANCED_FACE ( 'NONE', ( #3708 ), #3101, .T. ) ;
#614 = CARTESIAN_POINT ( 'NONE',  ( 0.3750000000000000000, -1.299999999999980060, -0.6979999999999999538 ) ) ;
#615 = ORIENTED_EDGE ( 'NONE', *, *, #3207, .T. ) ;
#616 = ORIENTED_EDGE ( 'NONE', *, *, #1308, .F. ) ;
#617 = FACE_OUTER_BOUND ( 'NONE', #1677, .T. ) ;
#618 = EDGE_CURVE ( 'NONE', #2914, #2608, #765, .T. ) ;
#619 = ORIENTED_EDGE ( 'NONE', *, *, #2950, .F. ) ;
#620 = CARTESIAN_POINT ( 'NONE',  ( 0.9718245863162187081, -0.5750000003120986358, -0.6999999999999998446 ) ) ;
#621 = CARTESIAN_POINT ( 'NONE',  ( -0.9250000000000679901, 0.6500000000000060174, -0.5000000000000000000 ) ) ;
#622 = VERTEX_POINT ( 'NONE', #2878 ) ;
#623 = CC_DESIGN_PERSON_AND_ORGANIZATION_ASSIGNMENT ( #221, #3415, ( #3412 ) ) ;
#624 = CARTESIAN_POINT ( 'NONE',  ( -0.9249999999999890532, -0.2649999999998683964, -0.6979999999999999538 ) ) ;
#625 = ORIENTED_EDGE ( 'NONE', *, *, #2543, .T. ) ;
#626 = DIRECTION ( 'NONE',  ( 0.000000000000000000, -1.000000000000000000, 0.000000000000000000 ) ) ;
#627 = LINE ( 'NONE', #3536, #720 ) ;
#628 = ORIENTED_EDGE ( 'NONE', *, *, #1615, .T. ) ;
#629 = CARTESIAN_POINT ( 'NONE',  ( 1.074999999999920020, -1.049999999999970068, -0.7000000000000009548 ) ) ;
#630 = ORIENTED_EDGE ( 'NONE', *, *, #1328, .F. ) ;
#631 = VERTEX_POINT ( 'NONE', #175 ) ;
#632 = DIRECTION ( 'NONE',  ( 0.000000000000000000, 1.000000000000000000, 0.000000000000000000 ) ) ;
#633 = DIRECTION ( 'NONE',  ( 0.000000000000000000, 1.000000000000000000, 0.000000000000000000 ) ) ;
#634 = VERTEX_POINT ( 'NONE', #492 ) ;
#635 = DIRECTION ( 'NONE',  ( 0.000000000000000000, 2.220446049250310123E-16, -1.000000000000000000 ) ) ;
#636 = CARTESIAN_POINT ( 'NONE',  ( -1.125000311988479940, -0.1500000000000050182, -0.5999999999999999778 ) ) ;
#637 = ORIENTED_EDGE ( 'NONE', *, *, #1986, .T. ) ;
#638 = CARTESIAN_POINT ( 'NONE',  ( 0.4249999999999999889, 0.4500000000000000666, 0.000000000000000000 ) ) ;
#639 = EDGE_CURVE ( 'NONE', #2969, #1332, #3490, .T. ) ;
#640 = LINE ( 'NONE', #1284, #1814 ) ;
#641 = PLANE ( 'NONE',  #1102 ) ;
#642 = VERTEX_POINT ( 'NONE', #2239 ) ;
#643 = EDGE_CURVE ( 'NONE', #3007, #434, #588, .T. ) ;
#644 = AXIS2_PLACEMENT_3D ( 'NONE', #1713, #2767, #3191 ) ;
#645 = ORIENTED_EDGE ( 'NONE', *, *, #2619, .F. ) ;
#646 = LINE ( 'NONE', #3267, #3110 ) ;
#647 = CIRCLE ( 'NONE', #905, 0.4999745962185839776 ) ;
#648 = VECTOR ( 'NONE', #82, 1000.000000000000000 ) ;
#649 = EDGE_CURVE ( 'NONE', #174, #411, #2838, .T. ) ;
#650 = ORIENTED_EDGE ( 'NONE', *, *, #1130, .F. ) ;
#651 = VECTOR ( 'NONE', #2244, 1000.000000000000000 ) ;
#652 = CIRCLE ( 'NONE', #1167, 0.1000000000000079992 ) ;
#653 = FACE_OUTER_BOUND ( 'NONE', #966, .T. ) ;
#654 = DIRECTION ( 'NONE',  ( 0.000000000000000000, 2.220446049250310123E-16, -1.000000000000000000 ) ) ;
#655 = ORIENTED_EDGE ( 'NONE', *, *, #3448, .T. ) ;
#656 = CARTESIAN_POINT ( 'NONE',  ( -1.125000311988479940, -0.6499999999999869216, -0.7000000000000005107 ) ) ;
#657 = ORIENTED_EDGE ( 'NONE', *, *, #1970, .F. ) ;
#658 = VECTOR ( 'NONE', #2477, 1000.000000000000000 ) ;
#659 = CARTESIAN_POINT ( 'NONE',  ( -1.125000311988479940, 1.150000000000009903, -0.6999999999999999556 ) ) ;
#660 = FACE_OUTER_BOUND ( 'NONE', #2828, .T. ) ;
#661 = DIRECTION ( 'NONE',  ( 1.496198998029862328E-13, 1.000000000000000000, 0.000000000000000000 ) ) ;
#662 = VECTOR ( 'NONE', #2827, 1000.000000000000000 ) ;
#663 = EDGE_LOOP ( 'NONE', ( #696, #522, #2623, #797 ) ) ;
#664 = EDGE_CURVE ( 'NONE', #2397, #3630, #3158, .T. ) ;
#665 = EDGE_LOOP ( 'NONE', ( #1771, #1603, #263, #1959, #563, #2301, #650, #3787, #992, #3710, #3356, #2852, #1150, #3566, #1746, #3282, #3407, #890, #3594, #1316, #38, #1146, #62, #3765, #1268, #2578, #2400, #3645, #697, #1196, #2743, #1997, #744, #981, #342, #1280, #3476, #3295, #1799, #3612, #949, #688, #3540, #763 ) ) ;
#666 = VECTOR ( 'NONE', #1545, 1000.000000000000000 ) ;
#667 = VERTEX_POINT ( 'NONE', #1979 ) ;
#668 = DIRECTION ( 'NONE',  ( 0.000000000000000000, 0.000000000000000000, 1.000000000000000000 ) ) ;
#669 = EDGE_CURVE ( 'NONE', #1913, #2417, #1419, .T. ) ;
#670 = EDGE_LOOP ( 'NONE', ( #3503, #980, #2197, #1540, #785, #2355 ) ) ;
#671 = CARTESIAN_POINT ( 'NONE',  ( 0.08499999999976290410, 0.3000000000001259992, -0.5000000000000000000 ) ) ;
#672 = DIRECTION ( 'NONE',  ( 0.000000000000000000, 1.000000000000000000, 0.000000000000000000 ) ) ;
#673 = EDGE_LOOP ( 'NONE', ( #1844, #3339, #3278 ) ) ;
#674 = DIRECTION ( 'NONE',  ( 0.000000000000000000, -2.220446049250310123E-16, 1.000000000000000000 ) ) ;
#675 = ORIENTED_EDGE ( 'NONE', *, *, #3792, .T. ) ;
#676 = PLANE ( 'NONE',  #472 ) ;
#677 = CARTESIAN_POINT ( 'NONE',  ( 0.3750000000000169864, -0.4999999999999519829, -0.5000000000000000000 ) ) ;
#678 = DIRECTION ( 'NONE',  ( 1.000000000000000000, 0.000000000000000000, 0.000000000000000000 ) ) ;
#679 = VERTEX_POINT ( 'NONE', #1119 ) ;
#680 = ORIENTED_EDGE ( 'NONE', *, *, #1978, .F. ) ;
#681 = PLANE ( 'NONE',  #2076 ) ;
#682 = CARTESIAN_POINT ( 'NONE',  ( -1.125000311988479940, 1.650000000312159987, -0.7000000000000009548 ) ) ;
#683 = EDGE_CURVE ( 'NONE', #938, #2806, #2284, .T. ) ;
#684 = CARTESIAN_POINT ( 'NONE',  ( 0.5350000000000249001, 0.1650000000000011735, -1.307058521919900240 ) ) ;
#685 = EDGE_LOOP ( 'NONE', ( #2129, #2054, #3402, #2070, #1972, #2714 ) ) ;
#686 = CARTESIAN_POINT ( 'NONE',  ( -0.9222951042763896101, 0.4500000000000000666, -0.01000000000948600941 ) ) ;
#687 = DIRECTION ( 'NONE',  ( -1.000000000000000000, -0.000000000000000000, -0.000000000000000000 ) ) ;
#688 = ORIENTED_EDGE ( 'NONE', *, *, #2220, .F. ) ;
#689 = ADVANCED_FACE ( 'NONE', ( #525 ), #739, .T. ) ;
#690 = CYLINDRICAL_SURFACE ( 'NONE', #842, 0.09999999999999999167 ) ;
#691 = ORIENTED_EDGE ( 'NONE', *, *, #1734, .T. ) ;
#692 = CARTESIAN_POINT ( 'NONE',  ( -0.8249999999999889644, -0.3649999999999990474, -0.7000000000000000666 ) ) ;
#693 = CARTESIAN_POINT ( 'NONE',  ( 0.9750000000000229594, 6.083862687778889869E-16, -0.5999999999999999778 ) ) ;
#694 = DIRECTION ( 'NONE',  ( 1.000000000000000000, 0.000000000000000000, 0.000000000000000000 ) ) ;
#695 = DIRECTION ( 'NONE',  ( 0.000000000000000000, 1.000000000000000000, 0.000000000000000000 ) ) ;
#696 = ORIENTED_EDGE ( 'NONE', *, *, #830, .T. ) ;
#697 = ORIENTED_EDGE ( 'NONE', *, *, #3093, .F. ) ;
#698 = VECTOR ( 'NONE', #1737, 1000.000000000000000 ) ;
#699 = ORIENTED_EDGE ( 'NONE', *, *, #1675, .F. ) ;
#700 = LINE ( 'NONE', #412, #2326 ) ;
#701 = CARTESIAN_POINT ( 'NONE',  ( 0.000000000000000000, 1.320000000000000062, 0.002000000000000000042 ) ) ;
#702 = VECTOR ( 'NONE', #694, 1000.000000000000000 ) ;
#703 = ORIENTED_EDGE ( 'NONE', *, *, #1565, .T. ) ;
#704 = ADVANCED_FACE ( 'NONE', ( #3436 ), #3142, .T. ) ;
#705 = PLANE ( 'NONE',  #2327 ) ;
#706 = CARTESIAN_POINT ( 'NONE',  ( 0.9718245861976270161, -1.324999999834358677, -0.7000000000000009548 ) ) ;
#707 = AXIS2_PLACEMENT_3D ( 'NONE', #825, #2273, #1469 ) ;
#708 = ORIENTED_EDGE ( 'NONE', *, *, #1225, .F. ) ;
#709 = FACE_OUTER_BOUND ( 'NONE', #2405, .T. ) ;
#710 = ORIENTED_EDGE ( 'NONE', *, *, #2433, .F. ) ;
#711 = CYLINDRICAL_SURFACE ( 'NONE', #3615, 0.1000000000000079992 ) ;
#712 = CARTESIAN_POINT ( 'NONE',  ( -0.8000000000000000444, 1.320000000000000062, 0.001000000000000000021 ) ) ;
#713 = EDGE_CURVE ( 'NONE', #3099, #3630, #3104, .T. ) ;
#714 = VECTOR ( 'NONE', #3639, 1000.000000000000000 ) ;
#715 = VECTOR ( 'NONE', #1710, 1000.000000000000000 ) ;
#716 = CARTESIAN_POINT ( 'NONE',  ( 0.8750000024996701375, -1.299999999999980060, -0.5000000000000009992 ) ) ;
#717 = DIRECTION ( 'NONE',  ( -3.576727039576139812E-30, -5.761444336805387591E-44, 1.000000000000000000 ) ) ;
#718 = ORIENTED_EDGE ( 'NONE', *, *, #2188, .F. ) ;
#719 = VECTOR ( 'NONE', #90, 1000.000000000000000 ) ;
#720 = VECTOR ( 'NONE', #2646, 1000.000000000000000 ) ;
#721 = ORIENTED_EDGE ( 'NONE', *, *, #1107, .F. ) ;
#722 = EDGE_CURVE ( 'NONE', #3099, #1751, #3788, .T. ) ;
#723 = CIRCLE ( 'NONE', #51, 0.1000000000000080685 ) ;
#724 = DIRECTION ( 'NONE',  ( -0.000000000000000000, -1.000000000000000000, 0.000000000000000000 ) ) ;
#725 = LINE ( 'NONE', #742, #1949 ) ;
#726 = CIRCLE ( 'NONE', #1350, 0.1000000000000119682 ) ;
#727 = LINE ( 'NONE', #104, #1708 ) ;
#728 = ORIENTED_EDGE ( 'NONE', *, *, #2884, .T. ) ;
#729 = FACE_OUTER_BOUND ( 'NONE', #3262, .T. ) ;
#730 = CARTESIAN_POINT ( 'NONE',  ( 1.074999999999960210, 0.8500000000000069722, -0.6999999999999999556 ) ) ;
#731 = ORIENTED_EDGE ( 'NONE', *, *, #2811, .T. ) ;
#732 = LINE ( 'NONE', #1906, #37 ) ;
#733 = ORIENTED_EDGE ( 'NONE', *, *, #173, .F. ) ;
#734 = DIRECTION ( 'NONE',  ( -1.000000000000000000, 0.000000000000000000, -0.000000000000000000 ) ) ;
#735 = CARTESIAN_POINT ( 'NONE',  ( 1.125000311988479940, -0.2649999999999989586, -0.7000000000000000666 ) ) ;
#736 = CARTESIAN_POINT ( 'NONE',  ( -0.9249999999999689582, -0.6500000000000050182, -0.6979999999999999538 ) ) ;
#737 = ORIENTED_EDGE ( 'NONE', *, *, #1290, .F. ) ;
#738 = EDGE_CURVE ( 'NONE', #3007, #2454, #2365, .T. ) ;
#739 = PLANE ( 'NONE',  #84 ) ;
#740 = EDGE_LOOP ( 'NONE', ( #302, #1380, #2324, #1953, #2097, #864, #1148, #274, #1428, #1993, #118, #1433, #1826, #1741, #3806, #3638, #3044, #3258 ) ) ;
#741 = LINE ( 'NONE', #474, #3418 ) ;
#742 = CARTESIAN_POINT ( 'NONE',  ( -1.125000311988479940, 1.250000000000000000, -0.6999999999999999556 ) ) ;
#743 = CARTESIAN_POINT ( 'NONE',  ( 0.000000000000000000, 1.520000000000000018, 0.002000000000000000042 ) ) ;
#744 = ORIENTED_EDGE ( 'NONE', *, *, #1397, .F. ) ;
#745 = FACE_OUTER_BOUND ( 'NONE', #3433, .T. ) ;
#746 = CARTESIAN_POINT ( 'NONE',  ( 1.075000000000029932, -0.1500000000000049905, -0.6999999999999999556 ) ) ;
#747 = DIRECTION ( 'NONE',  ( 0.000000000000000000, -1.000000000000000000, 0.000000000000000000 ) ) ;
#748 = CARTESIAN_POINT ( 'NONE',  ( 1.075000000000029932, 0.04999999999996940225, -0.6999999999999999556 ) ) ;
#749 = DIRECTION ( 'NONE',  ( 1.000000000000000000, -1.442359183134839984E-13, 0.000000000000000000 ) ) ;
#750 = FACE_OUTER_BOUND ( 'NONE', #1864, .T. ) ;
#751 = ORIENTED_EDGE ( 'NONE', *, *, #3568, .T. ) ;
#752 = CC_DESIGN_PERSON_AND_ORGANIZATION_ASSIGNMENT ( #3479, #3757, ( #3717 ) ) ;
#753 = ADVANCED_FACE ( 'NONE', ( #2645 ), #10, .F. ) ;
#754 = LINE ( 'NONE', #3125, #2615 ) ;
#755 = DIRECTION ( 'NONE',  ( 0.000000000000000000, 2.220446049250310123E-16, -1.000000000000000000 ) ) ;
#756 = EDGE_CURVE ( 'NONE', #2967, #3522, #2662, .T. ) ;
#757 = VERTEX_POINT ( 'NONE', #882 ) ;
#758 = DIRECTION ( 'NONE',  ( 0.000000000000000000, 1.000000000000000000, 0.000000000000000000 ) ) ;
#759 = LINE ( 'NONE', #682, #3488 ) ;
#760 = ADVANCED_FACE ( 'NONE', ( #1744 ), #3815, .T. ) ;
#761 = AXIS2_PLACEMENT_3D ( 'NONE', #2048, #829, #1149 ) ;
#762 = FACE_OUTER_BOUND ( 'NONE', #1036, .T. ) ;
#763 = ORIENTED_EDGE ( 'NONE', *, *, #1593, .F. ) ;
#764 = DIRECTION ( 'NONE',  ( -1.000000000000000000, -0.000000000000000000, -0.000000000000000000 ) ) ;
#765 = CIRCLE ( 'NONE', #2925, 0.09999999999998020195 ) ;
#766 = ADVANCED_FACE ( 'NONE', ( #3535 ), #585, .F. ) ;
#767 = DIRECTION ( 'NONE',  ( 0.000000000000000000, 1.000000000000000000, 0.000000000000000000 ) ) ;
#768 = ORIENTED_EDGE ( 'NONE', *, *, #597, .T. ) ;
#769 = CARTESIAN_POINT ( 'NONE',  ( 0.3749999999999890088, 0.5999999999999949818, -0.6979999999999999538 ) ) ;
#770 = VECTOR ( 'NONE', #2681, 1000.000000000000000 ) ;
#771 = DIRECTION ( 'NONE',  ( -0.000000000000000000, 0.000000000000000000, 1.000000000000000000 ) ) ;
#772 = DIRECTION ( 'NONE',  ( 1.000000000000000000, 0.000000000000000000, 0.000000000000000000 ) ) ;
#773 = ORIENTED_EDGE ( 'NONE', *, *, #365, .T. ) ;
#774 = VECTOR ( 'NONE', #2824, 1000.000000000000000 ) ;
#775 = DIRECTION ( 'NONE',  ( 0.000000000000000000, 2.220446049250310123E-16, -1.000000000000000000 ) ) ;
#776 = DIRECTION ( 'NONE',  ( 2.168404344971012812E-15, -1.000000000000000000, 0.000000000000000000 ) ) ;
#777 = AXIS2_PLACEMENT_3D ( 'NONE', #822, #2825, #1440 ) ;
#778 = VECTOR ( 'NONE', #1425, 1000.000000000000000 ) ;
#779 = ORIENTED_EDGE ( 'NONE', *, *, #1583, .T. ) ;
#780 = EDGE_CURVE ( 'NONE', #2518, #3653, #334, .T. ) ;
#781 = DIRECTION ( 'NONE',  ( 0.000000000000000000, -0.000000000000000000, -1.000000000000000000 ) ) ;
#782 = CARTESIAN_POINT ( 'NONE',  ( 0.4249999999999999889, -0.4500000000000000666, -1.136868377216160297E-10 ) ) ;
#783 = VECTOR ( 'NONE', #1640, 1000.000000000000000 ) ;
#784 = AXIS2_PLACEMENT_3D ( 'NONE', #3475, #755, #1933 ) ;
#785 = ORIENTED_EDGE ( 'NONE', *, *, #3229, .F. ) ;
#786 = EDGE_CURVE ( 'NONE', #1491, #1371, #1494, .T. ) ;
#787 = PLANE ( 'NONE',  #1023 ) ;
#788 = ORIENTED_EDGE ( 'NONE', *, *, #365, .F. ) ;
#789 = DIRECTION ( 'NONE',  ( 0.000000000000000000, -2.220446049250310123E-16, 1.000000000000000000 ) ) ;
#790 = VERTEX_POINT ( 'NONE', #3260 ) ;
#791 = VECTOR ( 'NONE', #591, 1000.000000000000000 ) ;
#792 = CARTESIAN_POINT ( 'NONE',  ( -0.07499999999994631794, 0.3000000000001005196, -0.6979999999999999538 ) ) ;
#793 = CARTESIAN_POINT ( 'NONE',  ( 0.9750000000000229594, 0.04999999999996940225, -0.6999999999999999556 ) ) ;
#794 = CARTESIAN_POINT ( 'NONE',  ( -0.9750000000000229594, 0.5500000000000260236, -0.6999999999999999556 ) ) ;
#795 = CARTESIAN_POINT ( 'NONE',  ( 1.075000000000029932, -0.1500000000000049905, -0.5999999999999999778 ) ) ;
#796 = VERTEX_POINT ( 'NONE', #1159 ) ;
#797 = ORIENTED_EDGE ( 'NONE', *, *, #301, .F. ) ;
#798 = EDGE_CURVE ( 'NONE', #2231, #1475, #256, .T. ) ;
#799 = CARTESIAN_POINT ( 'NONE',  ( -1.075000000000049916, -1.149999999999979927, -0.7000000000000009548 ) ) ;
#800 = CARTESIAN_POINT ( 'NONE',  ( 1.125000077997120096, 1.650000000156079949, 0.000000000000000000 ) ) ;
#801 = ORIENTED_EDGE ( 'NONE', *, *, #357, .F. ) ;
#802 = DIRECTION ( 'NONE',  ( -0.000000000000000000, 0.000000000000000000, 1.000000000000000000 ) ) ;
#803 = DIRECTION ( 'NONE',  ( -0.000000000000000000, -2.220446049250310123E-16, 1.000000000000000000 ) ) ;
#804 = APPROVAL_ROLE ( '' ) ;
#805 = ORIENTED_EDGE ( 'NONE', *, *, #649, .T. ) ;
#806 = LINE ( 'NONE', #3193, #1516 ) ;
#807 = ORIENTED_EDGE ( 'NONE', *, *, #1557, .F. ) ;
#808 = CARTESIAN_POINT ( 'NONE',  ( 1.074999999999960210, 1.149999999999989919, -0.6999999999999999556 ) ) ;
#809 = EDGE_CURVE ( 'NONE', #2982, #2771, #2917, .T. ) ;
#810 = CARTESIAN_POINT ( 'NONE',  ( -1.125000311988479940, 1.650000000312159987, -0.5999999999999999778 ) ) ;
#811 = DIRECTION ( 'NONE',  ( 1.000000000000000000, 0.000000000000000000, 0.000000000000000000 ) ) ;
#812 = PLANE ( 'NONE',  #233 ) ;
#813 = EDGE_CURVE ( 'NONE', #1179, #1656, #2384, .T. ) ;
#814 = ORIENTED_EDGE ( 'NONE', *, *, #3355, .T. ) ;
#815 = VERTEX_POINT ( 'NONE', #3184 ) ;
#816 = DIRECTION ( 'NONE',  ( -0.000000000000000000, 1.000000000000000000, 0.000000000000000000 ) ) ;
#817 = FACE_OUTER_BOUND ( 'NONE', #663, .T. ) ;
#818 = DIRECTION ( 'NONE',  ( -0.000000000000000000, 2.220446049250310123E-16, -1.000000000000000000 ) ) ;
#819 = ORIENTED_EDGE ( 'NONE', *, *, #3707, .F. ) ;
#820 = EDGE_CURVE ( 'NONE', #3037, #3471, #2328, .T. ) ;
#821 = LINE ( 'NONE', #1998, #80 ) ;
#822 = CARTESIAN_POINT ( 'NONE',  ( 0.7910000000000000364, 0.4500000000000000666, -0.5000000000000000000 ) ) ;
#823 = LINE ( 'NONE', #2290, #457 ) ;
#824 = ORIENTED_EDGE ( 'NONE', *, *, #1235, .T. ) ;
#825 = CARTESIAN_POINT ( 'NONE',  ( 0.4249999999999999889, -0.4500000000000000666, 0.000000000000000000 ) ) ;
#826 = ORIENTED_EDGE ( 'NONE', *, *, #2017, .T. ) ;
#827 = DIRECTION ( 'NONE',  ( 0.000000000000000000, 2.220446049250310123E-16, -1.000000000000000000 ) ) ;
#828 = EDGE_CURVE ( 'NONE', #1193, #1020, #47, .T. ) ;
#829 = DIRECTION ( 'NONE',  ( 0.000000000000000000, 2.220446049250310123E-16, -1.000000000000000000 ) ) ;
#830 = EDGE_CURVE ( 'NONE', #1665, #391, #1725, .T. ) ;
#831 = LINE ( 'NONE', #2010, #2986 ) ;
#832 = CARTESIAN_POINT ( 'NONE',  ( 0.3749999999999890643, 0.4999999999999850675, -0.6999999999999999556 ) ) ;
#833 = ORIENTED_EDGE ( 'NONE', *, *, #2534, .T. ) ;
#834 = DIRECTION ( 'NONE',  ( 0.000000000000000000, 1.000000000000000000, 0.000000000000000000 ) ) ;
#835 = ORIENTED_EDGE ( 'NONE', *, *, #2854, .F. ) ;
#836 = AXIS2_PLACEMENT_3D ( 'NONE', #1345, #3693, #1436 ) ;
#837 = CARTESIAN_POINT ( 'NONE',  ( 1.125000311988479940, -1.149999999999970157, -0.6999999999999999556 ) ) ;
#838 = DIRECTION ( 'NONE',  ( -1.604941620322939436E-31, 2.220446049250310123E-16, -1.000000000000000000 ) ) ;
#839 = EDGE_LOOP ( 'NONE', ( #805, #3211, #2074, #1898 ) ) ;
#840 = AXIS2_PLACEMENT_3D ( 'NONE', #20, #1209, #916 ) ;
#841 = VECTOR ( 'NONE', #2531, 1000.000000000000000 ) ;
#842 = AXIS2_PLACEMENT_3D ( 'NONE', #168, #1025, #1302 ) ;
#843 = LINE ( 'NONE', #2350, #2991 ) ;
#844 = FACE_OUTER_BOUND ( 'NONE', #2281, .T. ) ;
#845 = AXIS2_PLACEMENT_3D ( 'NONE', #2762, #138, #1936 ) ;
#846 = AXIS2_PLACEMENT_3D ( 'NONE', #3683, #3383, #3210 ) ;
#847 = ADVANCED_FACE ( 'NONE', ( #862 ), #2040, .T. ) ;
#848 = DIRECTION ( 'NONE',  ( 0.000000000000000000, 2.220446049250310123E-16, -1.000000000000000000 ) ) ;
#849 = AXIS2_PLACEMENT_3D ( 'NONE', #3403, #2814, #3388 ) ;
#850 = VERTEX_POINT ( 'NONE', #1459 ) ;
#851 = DIRECTION ( 'NONE',  ( 0.000000000000000000, 0.000000000000000000, -1.000000000000000000 ) ) ;
#852 = ORIENTED_EDGE ( 'NONE', *, *, #3391, .T. ) ;
#853 = VECTOR ( 'NONE', #1721, 1000.000000000000000 ) ;
#854 = CARTESIAN_POINT ( 'NONE',  ( -133707.5719977267727, 0.4500000000000000666, 499000.0000000000000 ) ) ;
#855 = CIRCLE ( 'NONE', #3183, 0.09999999999998031297 ) ;
#856 = CARTESIAN_POINT ( 'NONE',  ( -1.125000311988479940, 1.650000000312159987, -0.6999999999999999556 ) ) ;
#857 = CARTESIAN_POINT ( 'NONE',  ( -0.8249999999999018119, 0.5499999999999212186, -0.6979999999999999538 ) ) ;
#858 = VECTOR ( 'NONE', #1247, 1000.000000000000000 ) ;
#859 = ORIENTED_EDGE ( 'NONE', *, *, #86, .F. ) ;
#860 = CARTESIAN_POINT ( 'NONE',  ( 1.068649170051819919, -0.4999999999999910072, -0.7000000000000007327 ) ) ;
#861 = EDGE_LOOP ( 'NONE', ( #824, #3080, #126, #2190 ) ) ;
#862 = FACE_OUTER_BOUND ( 'NONE', #964, .T. ) ;
#863 = FACE_OUTER_BOUND ( 'NONE', #1854, .T. ) ;
#864 = ORIENTED_EDGE ( 'NONE', *, *, #2246, .F. ) ;
#865 = ADVANCED_FACE ( 'NONE', ( #2628 ), #2120, .T. ) ;
#866 = DIRECTION ( 'NONE',  ( 0.000000000000000000, -2.220446049250310123E-16, 1.000000000000000000 ) ) ;
#867 = CARTESIAN_POINT ( 'NONE',  ( -5000.000000000000000, 5000.000000000000000, -0.6979999999999999538 ) ) ;
#868 = DATE_AND_TIME ( #3163, #385 ) ;
#869 = DIRECTION ( 'NONE',  ( -0.000000000000000000, -1.000000000000000000, -0.000000000000000000 ) ) ;
#870 = ADVANCED_FACE ( 'NONE', ( #660 ), #1867, .T. ) ;
#871 = EDGE_LOOP ( 'NONE', ( #891, #1853, #447, #3699 ) ) ;
#872 = CARTESIAN_POINT ( 'NONE',  ( 0.1849999999997750388, -0.1999999999999990119, -0.6999999999999999556 ) ) ;
#873 = ORIENTED_EDGE ( 'NONE', *, *, #1200, .T. ) ;
#874 = DIRECTION ( 'NONE',  ( -0.2588190451025212946, 3.169619151431772337E-17, -0.9659258262890680902 ) ) ;
#875 = ORIENTED_EDGE ( 'NONE', *, *, #2627, .F. ) ;
#876 = LINE ( 'NONE', #1415, #3729 ) ;
#877 = DIRECTION ( 'NONE',  ( -0.000000000000000000, -2.220446049250310123E-16, 1.000000000000000000 ) ) ;
#878 = ORIENTED_EDGE ( 'NONE', *, *, #2379, .F. ) ;
#879 = ORIENTED_EDGE ( 'NONE', *, *, #2942, .F. ) ;
#880 = DIRECTION ( 'NONE',  ( -0.000000000000000000, 1.000000000000000000, 2.220446049250310123E-16 ) ) ;
#881 = ORIENTED_EDGE ( 'NONE', *, *, #3416, .F. ) ;
#882 = CARTESIAN_POINT ( 'NONE',  ( 1.068649169971229940, -1.249999999375545956, -0.6979999999999999538 ) ) ;
#883 = CARTESIAN_POINT ( 'NONE',  ( -0.9250000000000540012, 0.3000000000000120348, -0.7000000000000000666 ) ) ;
#884 = ORIENTED_EDGE ( 'NONE', *, *, #2151, .T. ) ;
#885 = DIRECTION ( 'NONE',  ( 1.000000000000000000, 0.000000000000000000, 0.000000000000000000 ) ) ;
#886 = ADVANCED_FACE ( 'NONE', ( #2144 ), #1608, .T. ) ;
#887 = CYLINDRICAL_SURFACE ( 'NONE', #3046, 0.1000000000000079575 ) ;
#888 = CARTESIAN_POINT ( 'NONE',  ( -0.8000000000000000444, 0.000000000000000000, 0.000000000000000000 ) ) ;
#889 = EDGE_CURVE ( 'NONE', #667, #2313, #1850, .T. ) ;
#890 = ORIENTED_EDGE ( 'NONE', *, *, #2583, .F. ) ;
#891 = ORIENTED_EDGE ( 'NONE', *, *, #3741, .F. ) ;
#892 = CARTESIAN_POINT ( 'NONE',  ( 0.4249999999999999889, -0.4500000000000000666, -0.009999999974752427079 ) ) ;
#893 = EDGE_CURVE ( 'NONE', #3697, #1656, #3293, .T. ) ;
#894 = ORIENTED_EDGE ( 'NONE', *, *, #2740, .F. ) ;
#895 = DIRECTION ( 'NONE',  ( 0.000000000000000000, 1.000000000000000000, 0.000000000000000000 ) ) ;
#896 = FACE_OUTER_BOUND ( 'NONE', #135, .T. ) ;
#897 = EDGE_LOOP ( 'NONE', ( #74, #2955, #3217 ) ) ;
#898 = ORIENTED_EDGE ( 'NONE', *, *, #1267, .F. ) ;
#899 = LOCAL_TIME ( 15, 26, 20.00000000000000000, #2862 ) ;
#900 = CARTESIAN_POINT ( 'NONE',  ( -3.252606517456509851E-16, -0.2999999999998739786, -0.5000000000000000000 ) ) ;
#901 = EDGE_LOOP ( 'NONE', ( #1061, #313, #3306, #3118 ) ) ;
#902 = CARTESIAN_POINT ( 'NONE',  ( 1.068649170052000219, -0.5500000006242440342, -0.5000000000000000000 ) ) ;
#903 = DIRECTION ( 'NONE',  ( -0.000000000000000000, 0.000000000000000000, 1.000000000000000000 ) ) ;
#904 = ORIENTED_EDGE ( 'NONE', *, *, #352, .F. ) ;
#905 = AXIS2_PLACEMENT_3D ( 'NONE', #2562, #771, #811 ) ;
#906 = DIRECTION ( 'NONE',  ( 0.000000000000000000, -1.000000000000000000, -2.220446049250310123E-16 ) ) ;
#907 = AXIS2_PLACEMENT_3D ( 'NONE', #264, #516, #3798 ) ;
#908 = EDGE_CURVE ( 'NONE', #790, #1475, #640, .T. ) ;
#909 = VERTEX_POINT ( 'NONE', #1236 ) ;
#910 = CARTESIAN_POINT ( 'NONE',  ( 0.8000000000000000444, 0.000000000000000000, 0.000000000000000000 ) ) ;
#911 = VECTOR ( 'NONE', #1748, 1000.000000000000000 ) ;
#912 = VECTOR ( 'NONE', #1326, 1000.000000000000000 ) ;
#913 = EDGE_CURVE ( 'NONE', #3471, #3399, #2378, .T. ) ;
#914 = AXIS2_PLACEMENT_3D ( 'NONE', #3070, #1296, #2498 ) ;
#915 = AXIS2_PLACEMENT_3D ( 'NONE', #701, #140, #161 ) ;
#916 = DIRECTION ( 'NONE',  ( 0.000000000000000000, -2.220446049250310123E-16, 1.000000000000000000 ) ) ;
#917 = CARTESIAN_POINT ( 'NONE',  ( 0.8000000000000000444, 1.120000000000000107, 0.001000000000000000021 ) ) ;
#918 = VERTEX_POINT ( 'NONE', #2452 ) ;
#919 = CIRCLE ( 'NONE', #3559, 0.1000000000000119960 ) ;
#920 = LINE ( 'NONE', #2727, #666 ) ;
#921 = ORIENTED_EDGE ( 'NONE', *, *, #2876, .F. ) ;
#922 = VECTOR ( 'NONE', #687, 1000.000000000000000 ) ;
#923 = DIRECTION ( 'NONE',  ( 0.000000000000000000, 2.220446049250310123E-16, -1.000000000000000000 ) ) ;
#924 = DIRECTION ( 'NONE',  ( -2.891205793294679805E-16, 1.000000000000000000, 0.000000000000000000 ) ) ;
#925 = ORIENTED_EDGE ( 'NONE', *, *, #2998, .F. ) ;
#926 = EDGE_CURVE ( 'NONE', #184, #1103, #592, .T. ) ;
#927 = CYLINDRICAL_SURFACE ( 'NONE', #1468, 0.09999999999998356037 ) ;
#928 = ORIENTED_EDGE ( 'NONE', *, *, #2927, .F. ) ;
#929 = LINE ( 'NONE', #1820, #2187 ) ;
#930 = EDGE_CURVE ( 'NONE', #2818, #3737, #936, .T. ) ;
#931 = CARTESIAN_POINT ( 'NONE',  ( -5000.000000000000000, 1.400000000000289901, -0.6979999999999999538 ) ) ;
#932 = CARTESIAN_POINT ( 'NONE',  ( -3.252606517456509851E-16, 6.083862687778889869E-16, -0.5999999999999999778 ) ) ;
#933 = ORIENTED_EDGE ( 'NONE', *, *, #2472, .T. ) ;
#934 = LINE ( 'NONE', #2115, #1234 ) ;
#935 = EDGE_CURVE ( 'NONE', #3702, #1830, #2491, .T. ) ;
#936 = LINE ( 'NONE', #1264, #1513 ) ;
#937 = LINE ( 'NONE', #610, #3811 ) ;
#938 = VERTEX_POINT ( 'NONE', #3313 ) ;
#939 = ORIENTED_EDGE ( 'NONE', *, *, #669, .T. ) ;
#940 = EDGE_CURVE ( 'NONE', #2647, #3202, #2160, .T. ) ;
#941 = CARTESIAN_POINT ( 'NONE',  ( -5000.000000000000000, -0.2649999999997376676, -0.6979999999999999538 ) ) ;
#942 = DIRECTION ( 'NONE',  ( 0.000000000000000000, 1.000000000000000000, 2.220446049250310123E-16 ) ) ;
#943 = ORIENTED_EDGE ( 'NONE', *, *, #3661, .F. ) ;
#944 = DIRECTION ( 'NONE',  ( 0.000000000000000000, -1.000000000000000000, 0.000000000000000000 ) ) ;
#945 = DIRECTION ( 'NONE',  ( 0.000000000000000000, 1.000000000000000000, 0.000000000000000000 ) ) ;
#946 = VERTEX_POINT ( 'NONE', #3609 ) ;
#947 = EDGE_CURVE ( 'NONE', #2818, #3399, #3331, .T. ) ;
#948 = FACE_OUTER_BOUND ( 'NONE', #3784, .T. ) ;
#949 = ORIENTED_EDGE ( 'NONE', *, *, #1629, .F. ) ;
#950 = CARTESIAN_POINT ( 'NONE',  ( 0.2749999999999870326, -0.5999999999999650058, -0.7000000000000009548 ) ) ;
#951 = VECTOR ( 'NONE', #2034, 1000.000000000000114 ) ;
#952 = PLANE ( 'NONE',  #2553 ) ;
#953 = CARTESIAN_POINT ( 'NONE',  ( -1.125000311988479940, 1.650000000312159987, -0.6999999999999999556 ) ) ;
#954 = ORIENTED_EDGE ( 'NONE', *, *, #3337, .F. ) ;
#955 = EDGE_CURVE ( 'NONE', #1293, #3653, #3274, .T. ) ;
#956 = ORIENTED_EDGE ( 'NONE', *, *, #1528, .F. ) ;
#957 = LINE ( 'NONE', #2109, #1768 ) ;
#958 = AXIS2_PLACEMENT_3D ( 'NONE', #2701, #969, #3023 ) ;
#959 = AXIS2_PLACEMENT_3D ( 'NONE', #3307, #2169, #2710 ) ;
#960 = ORIENTED_EDGE ( 'NONE', *, *, #3526, .F. ) ;
#961 = AXIS2_PLACEMENT_3D ( 'NONE', #1143, #803, #2574 ) ;
#962 = PLANE ( 'NONE',  #2435 ) ;
#963 = DIRECTION ( 'NONE',  ( 0.000000000000000000, 2.220446049250310123E-16, -1.000000000000000000 ) ) ;
#964 = EDGE_LOOP ( 'NONE', ( #2760, #271, #3485, #361 ) ) ;
#965 = CARTESIAN_POINT ( 'NONE',  ( -5000.000000000000000, -0.4999999999997228883, -0.6979999999999999538 ) ) ;
#966 = EDGE_LOOP ( 'NONE', ( #1715, #833, #1709, #1013 ) ) ;
#967 = AXIS2_PLACEMENT_3D ( 'NONE', #3713, #1018, #1902 ) ;
#968 = DIRECTION ( 'NONE',  ( 0.000000000000000000, 2.220446049250310123E-16, -1.000000000000000000 ) ) ;
#969 = DIRECTION ( 'NONE',  ( 0.000000000000000000, 1.000000000000000000, 2.220446049250310123E-16 ) ) ;
#970 = CARTESIAN_POINT ( 'NONE',  ( -5000.000000000000000, -1.249999999375361881, -0.6979999999999999538 ) ) ;
#971 = AXIS2_PLACEMENT_3D ( 'NONE', #2988, #1216, #924 ) ;
#972 = ORIENTED_EDGE ( 'NONE', *, *, #400, .T. ) ;
#973 = VECTOR ( 'NONE', #521, 1000.000000000000000 ) ;
#974 = EDGE_CURVE ( 'NONE', #1288, #2961, #403, .T. ) ;
#975 = ORIENTED_EDGE ( 'NONE', *, *, #1377, .T. ) ;
#976 = AXIS2_PLACEMENT_3D ( 'NONE', #542, #1092, #633 ) ;
#977 = VERTEX_POINT ( 'NONE', #2731 ) ;
#978 = DIRECTION ( 'NONE',  ( 0.000000000000000000, 2.220446049250310123E-16, -1.000000000000000000 ) ) ;
#979 = ADVANCED_FACE ( 'NONE', ( #1589 ), #2755, .T. ) ;
#980 = ORIENTED_EDGE ( 'NONE', *, *, #1912, .F. ) ;
#981 = ORIENTED_EDGE ( 'NONE', *, *, #149, .F. ) ;
#982 = DIRECTION ( 'NONE',  ( 1.000000000000000000, 0.000000000000000000, 0.000000000000000000 ) ) ;
#983 = CARTESIAN_POINT ( 'NONE',  ( -3.252606517456509851E-16, 6.083862687778889869E-16, -0.5999999999999999778 ) ) ;
#984 = ORIENTED_EDGE ( 'NONE', *, *, #828, .F. ) ;
#985 = EDGE_CURVE ( 'NONE', #3066, #1332, #1811, .T. ) ;
#986 = DIRECTION ( 'NONE',  ( -0.000000000000000000, -0.000000000000000000, -1.000000000000000000 ) ) ;
#987 = VERTEX_POINT ( 'NONE', #1891 ) ;
#988 = CARTESIAN_POINT ( 'NONE',  ( -0.7750000000000001332, -1.650000000000000133, -0.1000000000000000056 ) ) ;
#989 = DIRECTION ( 'NONE',  ( 0.000000000000000000, 2.220446049250310123E-16, -1.000000000000000000 ) ) ;
#990 = DIRECTION ( 'NONE',  ( -0.000000000000000000, -2.220446049250310123E-16, 1.000000000000000000 ) ) ;
#991 = DIRECTION ( 'NONE',  ( 0.000000000000000000, 2.220446049250310123E-16, -1.000000000000000000 ) ) ;
#992 = ORIENTED_EDGE ( 'NONE', *, *, #1180, .F. ) ;
#993 = EDGE_LOOP ( 'NONE', ( #2016, #1907, #1438, #3192 ) ) ;
#994 = ADVANCED_FACE ( 'NONE', ( #3589 ), #952, .F. ) ;
#995 = EDGE_CURVE ( 'NONE', #3817, #3099, #3704, .T. ) ;
#996 = ORIENTED_EDGE ( 'NONE', *, *, #76, .T. ) ;
#997 = CARTESIAN_POINT ( 'NONE',  ( -1.125000207992334245, 0.6500000000001245892, -0.6979999999999999538 ) ) ;
#998 = EDGE_CURVE ( 'NONE', #3075, #634, #647, .T. ) ;
#999 = APPLICATION_CONTEXT ( 'configuration controlled 3d designs of mechanical parts and assemblies' ) ;
#1000 = ADVANCED_FACE ( 'NONE', ( #3137 ), #3429, .F. ) ;
#1001 = DIRECTION ( 'NONE',  ( 0.000000000000000000, -1.000000000000000000, -2.220446049250310123E-16 ) ) ;
#1002 = ORIENTED_EDGE ( 'NONE', *, *, #2238, .F. ) ;
#1003 = CYLINDRICAL_SURFACE ( 'NONE', #3670, 0.1000000000000000056 ) ;
#1004 = LINE ( 'NONE', #3627, #413 ) ;
#1005 = ORIENTED_EDGE ( 'NONE', *, *, #1571, .F. ) ;
#1006 = LINE ( 'NONE', #2173, #3225 ) ;
#1007 = EDGE_LOOP ( 'NONE', ( #292, #2728, #2442, #773 ) ) ;
#1008 = FACE_OUTER_BOUND ( 'NONE', #839, .T. ) ;
#1009 = LINE ( 'NONE', #793, #1523 ) ;
#1010 = EDGE_CURVE ( 'NONE', #3264, #1116, #207, .T. ) ;
#1011 = DIRECTION ( 'NONE',  ( 0.000000000000000000, 1.000000000000000000, 0.000000000000000000 ) ) ;
#1012 = CARTESIAN_POINT ( 'NONE',  ( 0.8750000025803470471, 0.6000000000000109690, -0.6999999999999999556 ) ) ;
#1013 = ORIENTED_EDGE ( 'NONE', *, *, #2998, .T. ) ;
#1014 = VERTEX_POINT ( 'NONE', #443 ) ;
#1015 = APPROVAL_PERSON_ORGANIZATION ( #1691, #3317, #533 ) ;
#1016 = CARTESIAN_POINT ( 'NONE',  ( -0.1749999999999547751, 0.4000000000000200062, -0.6999999999999999556 ) ) ;
#1017 = CARTESIAN_POINT ( 'NONE',  ( 0.5350000000001742251, 5000.000000000000000, -0.6979999999999999538 ) ) ;
#1018 = DIRECTION ( 'NONE',  ( 0.000000000000000000, 2.220446049250310123E-16, -1.000000000000000000 ) ) ;
#1019 = VECTOR ( 'NONE', #25, 1000.000000000000000 ) ;
#1020 = VERTEX_POINT ( 'NONE', #2217 ) ;
#1021 = FACE_OUTER_BOUND ( 'NONE', #3140, .T. ) ;
#1022 = FACE_OUTER_BOUND ( 'NONE', #249, .T. ) ;
#1023 = AXIS2_PLACEMENT_3D ( 'NONE', #498, #1171, #3510 ) ;
#1024 = ORIENTED_EDGE ( 'NONE', *, *, #139, .T. ) ;
#1025 = DIRECTION ( 'NONE',  ( 0.000000000000000000, 2.220446049250310123E-16, -1.000000000000000000 ) ) ;
#1026 = ORIENTED_EDGE ( 'NONE', *, *, #3145, .T. ) ;
#1027 = CARTESIAN_POINT ( 'NONE',  ( -1.075000000000150058, 1.050000000000000044, -0.6999999999999999556 ) ) ;
#1028 = CARTESIAN_POINT ( 'NONE',  ( -1.075000000000154943, 1.150000000000009903, -0.5999999999999998668 ) ) ;
#1029 = AXIS2_PLACEMENT_3D ( 'NONE', #1900, #79, #1349 ) ;
#1030 = VECTOR ( 'NONE', #2287, 1000.000000000000000 ) ;
#1031 = CARTESIAN_POINT ( 'NONE',  ( -0.9750000000000811351, -0.05000000000000362488, -0.5999999999999999778 ) ) ;
#1032 = DIRECTION ( 'NONE',  ( 0.000000000000000000, -2.220446049250310123E-16, 1.000000000000000000 ) ) ;
#1033 = ORIENTED_EDGE ( 'NONE', *, *, #3394, .T. ) ;
#1034 = AXIS2_PLACEMENT_3D ( 'NONE', #3323, #2167, #3361 ) ;
#1035 = VECTOR ( 'NONE', #115, 1000.000000000000000 ) ;
#1036 = EDGE_LOOP ( 'NONE', ( #3453, #1779, #2556, #177 ) ) ;
#1037 = DIRECTION ( 'NONE',  ( 1.000000000000000000, 0.000000000000000000, 0.000000000000000000 ) ) ;
#1038 = CARTESIAN_POINT ( 'NONE',  ( 1.075000000000039924, 0.1499999999999780120, -0.6999999999999999556 ) ) ;
#1039 = AXIS2_PLACEMENT_3D ( 'NONE', #808, #1619, #1923 ) ;
#1040 = DIRECTION ( 'NONE',  ( 0.000000000000000000, -1.000000000000000000, -2.220446049250310123E-16 ) ) ;
#1041 = ORIENTED_EDGE ( 'NONE', *, *, #17, .F. ) ;
#1042 = CARTESIAN_POINT ( 'NONE',  ( -0.4249999999999999889, 0.8159999999999999476, -0.5000000000000000000 ) ) ;
#1043 = DIRECTION ( 'NONE',  ( 0.000000000000000000, 1.000000000000000000, 0.000000000000000000 ) ) ;
#1044 = ORIENTED_EDGE ( 'NONE', *, *, #2082, .F. ) ;
#1045 = ADVANCED_FACE ( 'NONE', ( #2541 ), #3153, .F. ) ;
#1046 = DIRECTION ( 'NONE',  ( -1.000000000000000000, -0.000000000000000000, -0.000000000000000000 ) ) ;
#1047 = DIRECTION ( 'NONE',  ( -0.9659258262890682012, 0.000000000000000000, -0.2588190451025210725 ) ) ;
#1048 = DIRECTION ( 'NONE',  ( 0.000000000000000000, -1.000000000000000000, -2.220446049250310123E-16 ) ) ;
#1049 = EDGE_CURVE ( 'NONE', #411, #3446, #1331, .T. ) ;
#1050 = DIRECTION ( 'NONE',  ( 0.000000000000000000, -1.000000000000000000, -2.220446049250310123E-16 ) ) ;
#1051 = CARTESIAN_POINT ( 'NONE',  ( -0.4249999999999999889, -0.4500000000000000666, -1.136868377216160297E-10 ) ) ;
#1052 = ORIENTED_EDGE ( 'NONE', *, *, #889, .F. ) ;
#1053 = EDGE_CURVE ( 'NONE', #2718, #2362, #520, .T. ) ;
#1054 = ADVANCED_FACE ( 'NONE', ( #1391 ), #1701, .T. ) ;
#1055 = CARTESIAN_POINT ( 'NONE',  ( -0.4249999999999999889, -0.4500000000000000666, -0.009999999974752427079 ) ) ;
#1056 = ORIENTED_EDGE ( 'NONE', *, *, #2283, .T. ) ;
#1057 = LINE ( 'NONE', #3695, #912 ) ;
#1058 = CARTESIAN_POINT ( 'NONE',  ( 1.074999999999960210, 0.7499999999999841238, -0.6999999999999999556 ) ) ;
#1059 = EDGE_CURVE ( 'NONE', #3552, #2242, #462, .T. ) ;
#1060 = DIRECTION ( 'NONE',  ( -0.000000000000000000, -2.220446049250310123E-16, 1.000000000000000000 ) ) ;
#1061 = ORIENTED_EDGE ( 'NONE', *, *, #1970, .T. ) ;
#1062 = CARTESIAN_POINT ( 'NONE',  ( -0.9249999999999890532, -0.3649999999999991029, -0.6979999999999999538 ) ) ;
#1063 = DIRECTION ( 'NONE',  ( 0.000000000000000000, -1.000000000000000000, -2.220446049250310123E-16 ) ) ;
#1064 = PLANE ( 'NONE',  #3359 ) ;
#1065 = DIRECTION ( 'NONE',  ( -0.000000000000000000, 2.220446049250310123E-16, -1.000000000000000000 ) ) ;
#1066 = DIRECTION ( 'NONE',  ( 0.000000000000000000, -2.220446049250310123E-16, 1.000000000000000000 ) ) ;
#1067 = ADVANCED_FACE ( 'NONE', ( #1322 ), #2789, .T. ) ;
#1068 = ORIENTED_EDGE ( 'NONE', *, *, #2126, .F. ) ;
#1069 = CARTESIAN_POINT ( 'NONE',  ( 0.6350000000000249889, 0.1650000000000008682, -0.6979999999999999538 ) ) ;
#1070 = CARTESIAN_POINT ( 'NONE',  ( 1.125000311988479940, -0.1500000000000049349, -0.6999999999999999556 ) ) ;
#1071 = EDGE_CURVE ( 'NONE', #1916, #2250, #3041, .T. ) ;
#1072 = VERTEX_POINT ( 'NONE', #3720 ) ;
#1073 = CARTESIAN_POINT ( 'NONE',  ( -0.4249999999999999334, 0.9499745962125512033, 0.000000000000000000 ) ) ;
#1074 = DIRECTION ( 'NONE',  ( 0.000000000000000000, 1.000000000000000000, -0.000000000000000000 ) ) ;
#1075 =( GEOMETRIC_REPRESENTATION_CONTEXT ( 3 ) GLOBAL_UNCERTAINTY_ASSIGNED_CONTEXT ( ( #2226 ) ) GLOBAL_UNIT_ASSIGNED_CONTEXT ( ( #3512, #577, #1389 ) ) REPRESENTATION_CONTEXT ( 'NONE', 'WORKASPACE' ) );
#1076 = ORIENTED_EDGE ( 'NONE', *, *, #294, .F. ) ;
#1077 = FACE_OUTER_BOUND ( 'NONE', #2526, .T. ) ;
#1078 = ORIENTED_EDGE ( 'NONE', *, *, #1669, .T. ) ;
#1079 = CARTESIAN_POINT ( 'NONE',  ( 0.6350000000000249889, -0.2649999999999990696, -0.6999999999999999556 ) ) ;
#1080 = EDGE_CURVE ( 'NONE', #3531, #377, #3404, .T. ) ;
#1081 = EDGE_LOOP ( 'NONE', ( #996, #1592, #3619, #3463 ) ) ;
#1082 = VECTOR ( 'NONE', #2590, 1000.000000000000000 ) ;
#1083 = ORIENTED_EDGE ( 'NONE', *, *, #95, .F. ) ;
#1084 = CARTESIAN_POINT ( 'NONE',  ( 0.000000000000000000, 1.520000000000000018, 0.000000000000000000 ) ) ;
#1085 = VECTOR ( 'NONE', #489, 1000.000000000000000 ) ;
#1086 = DIRECTION ( 'NONE',  ( 1.000000000000000000, 0.000000000000000000, 0.000000000000000000 ) ) ;
#1087 = DIRECTION ( 'NONE',  ( -0.000000000000000000, -2.220446049250310123E-16, 1.000000000000000000 ) ) ;
#1088 = VECTOR ( 'NONE', #2659, 1000.000000000000000 ) ;
#1089 = EDGE_LOOP ( 'NONE', ( #2393, #3728, #718, #921, #1921, #1941 ) ) ;
#1090 = AXIS2_PLACEMENT_3D ( 'NONE', #1431, #2601, #944 ) ;
#1091 = VECTOR ( 'NONE', #2631, 1000.000000000000000 ) ;
#1092 = DIRECTION ( 'NONE',  ( -0.000000000000000000, -2.220446049250310123E-16, 1.000000000000000000 ) ) ;
#1093 = DIRECTION ( 'NONE',  ( -0.000000000000000000, 0.000000000000000000, 1.000000000000000000 ) ) ;
#1094 = CARTESIAN_POINT ( 'NONE',  ( -0.8250000000000460298, 0.5500000000000260236, -0.6999999999999999556 ) ) ;
#1095 = AXIS2_PLACEMENT_3D ( 'NONE', #782, #3794, #1382 ) ;
#1096 = ORIENTED_EDGE ( 'NONE', *, *, #1447, .T. ) ;
#1097 = CARTESIAN_POINT ( 'NONE',  ( -1.075000000000095213, -0.1500000000000050182, -0.5999999999999999778 ) ) ;
#1098 = CARTESIAN_POINT ( 'NONE',  ( 0.9749999999999140465, -1.349999999375750104, -0.7000000000000009548 ) ) ;
#1099 = CIRCLE ( 'NONE', #2021, 0.1000000000000000056 ) ;
#1100 = PERSON_AND_ORGANIZATION ( #1319, #77 ) ;
#1101 = EDGE_CURVE ( 'NONE', #3753, #3090, #3667, .T. ) ;
#1102 = AXIS2_PLACEMENT_3D ( 'NONE', #346, #1534, #2347 ) ;
#1103 = VERTEX_POINT ( 'NONE', #1031 ) ;
#1104 = DIRECTION ( 'NONE',  ( 2.710505431213518510E-15, 1.000000000000000000, 0.000000000000000000 ) ) ;
#1105 = ORIENTED_EDGE ( 'NONE', *, *, #2455, .F. ) ;
#1106 = AXIS2_PLACEMENT_3D ( 'NONE', #932, #603, #2360 ) ;
#1107 = EDGE_CURVE ( 'NONE', #511, #1253, #2259, .T. ) ;
#1108 = DIRECTION ( 'NONE',  ( 1.000000000000000000, 0.000000000000000000, 0.000000000000000000 ) ) ;
#1109 = VECTOR ( 'NONE', #3447, 1000.000000000000000 ) ;
#1110 = DIRECTION ( 'NONE',  ( 1.000000000000000000, 0.000000000000000000, 0.000000000000000000 ) ) ;
#1111 = PERSON_AND_ORGANIZATION ( #1319, #77 ) ;
#1112 = LINE ( 'NONE', #1989, #3492 ) ;
#1113 = CARTESIAN_POINT ( 'NONE',  ( -3.252606517456509851E-16, 6.083862687778889869E-16, -0.5999999999999999778 ) ) ;
#1114 = LINE ( 'NONE', #2508, #973 ) ;
#1115 = EDGE_CURVE ( 'NONE', #2538, #2386, #1680, .T. ) ;
#1116 = VERTEX_POINT ( 'NONE', #735 ) ;
#1117 = ORIENTED_EDGE ( 'NONE', *, *, #3233, .T. ) ;
#1118 = DIRECTION ( 'NONE',  ( -1.000000000000000000, -0.000000000000000000, -0.000000000000000000 ) ) ;
#1119 = CARTESIAN_POINT ( 'NONE',  ( 0.9750000000000225153, 0.04999999999997649380, -0.6999999999999999556 ) ) ;
#1120 = DIRECTION ( 'NONE',  ( 0.000000000000000000, -1.000000000000000000, -2.220446049250310123E-16 ) ) ;
#1121 = ORIENTED_EDGE ( 'NONE', *, *, #683, .F. ) ;
#1122 = CARTESIAN_POINT ( 'NONE',  ( -1.225000000000139977, 0.7500000000000009992, -0.5999999999999999778 ) ) ;
#1123 = CARTESIAN_POINT ( 'NONE',  ( -0.1749999999999550249, 1.149999999999989919, -0.6999999999999998446 ) ) ;
#1124 = COORDINATED_UNIVERSAL_TIME_OFFSET ( 1, 0, .AHEAD. ) ;
#1125 = CARTESIAN_POINT ( 'NONE',  ( 1.068649171429834732, 1.249999999821990615, -0.6999999999999999556 ) ) ;
#1126 = EDGE_CURVE ( 'NONE', #622, #1916, #1910, .T. ) ;
#1127 = DIRECTION ( 'NONE',  ( -0.000000000000000000, -0.000000000000000000, -1.000000000000000000 ) ) ;
#1128 = ORIENTED_EDGE ( 'NONE', *, *, #1377, .F. ) ;
#1129 = CARTESIAN_POINT ( 'NONE',  ( 1.125000000000042633, -0.2649999999997376676, -0.6979999999999999538 ) ) ;
#1130 = EDGE_CURVE ( 'NONE', #1656, #487, #3745, .T. ) ;
#1131 = ORIENTED_EDGE ( 'NONE', *, *, #2521, .F. ) ;
#1132 = LINE ( 'NONE', #3781, #3608 ) ;
#1133 = CARTESIAN_POINT ( 'NONE',  ( 1.225000000000020073, 0.1499999999999779843, -0.5999999999999999778 ) ) ;
#1134 = VERTEX_POINT ( 'NONE', #1194 ) ;
#1135 = ORIENTED_EDGE ( 'NONE', *, *, #3165, .T. ) ;
#1136 = CARTESIAN_POINT ( 'NONE',  ( 1.125000311988479940, 1.650000000312159987, -0.6000000000000009770 ) ) ;
#1137 = EDGE_LOOP ( 'NONE', ( #1252, #3026, #2276, #3385, #50, #2256, #3660, #1884, #1524, #1569, #1556, #616, #1083, #3584, #2600, #1636, #1507, #1141, #3740, #2675, #550, #405, #2605, #3560, #1688, #3030, #3334, #2142, #116, #630, #881, #2596, #1313, #708, #3465, #537, #1131, #2989, #465, #111, #2367, #1217, #1578, #2897, #3377, #3221, #943, #3714 ) ) ;
#1138 = EDGE_CURVE ( 'NONE', #1493, #3067, #876, .T. ) ;
#1139 = DIRECTION ( 'NONE',  ( 1.000000000000000000, 0.000000000000000000, 0.000000000000000000 ) ) ;
#1140 = CARTESIAN_POINT ( 'NONE',  ( -1.125000207992334245, -0.2649999999998901012, -0.6979999999999999538 ) ) ;
#1141 = ORIENTED_EDGE ( 'NONE', *, *, #2575, .F. ) ;
#1142 = CARTESIAN_POINT ( 'NONE',  ( -0.9250000000000540012, 0.5500000000000260236, -0.6999999999999999556 ) ) ;
#1143 = CARTESIAN_POINT ( 'NONE',  ( 1.074999999999920020, -1.049999999999970068, -0.6000000000000009770 ) ) ;
#1144 = PERSON_AND_ORGANIZATION ( #1319, #77 ) ;
#1145 = CARTESIAN_POINT ( 'NONE',  ( -0.2749999999999769851, -1.250000000000000000, -0.5000000000000009992 ) ) ;
#1146 = ORIENTED_EDGE ( 'NONE', *, *, #451, .F. ) ;
#1147 = LINE ( 'NONE', #2906, #91 ) ;
#1148 = ORIENTED_EDGE ( 'NONE', *, *, #3727, .F. ) ;
#1149 = DIRECTION ( 'NONE',  ( 0.000000000000000000, 1.000000000000000000, 0.000000000000000000 ) ) ;
#1150 = ORIENTED_EDGE ( 'NONE', *, *, #2692, .F. ) ;
#1151 = EDGE_CURVE ( 'NONE', #353, #3066, #3513, .T. ) ;
#1152 = CYLINDRICAL_SURFACE ( 'NONE', #1638, 0.1000000000000079992 ) ;
#1153 = DIRECTION ( 'NONE',  ( 1.000000000000000000, -0.000000000000000000, 0.000000000000000000 ) ) ;
#1154 = AXIS2_PLACEMENT_3D ( 'NONE', #1055, #2856, #1139 ) ;
#1155 = ORIENTED_EDGE ( 'NONE', *, *, #427, .F. ) ;
#1156 = CARTESIAN_POINT ( 'NONE',  ( -1.125000311988479940, 0.2650000000000010125, -1.307058521919900240 ) ) ;
#1157 = ORIENTED_EDGE ( 'NONE', *, *, #34, .T. ) ;
#1158 = VECTOR ( 'NONE', #1086, 1000.000000000000000 ) ;
#1159 = CARTESIAN_POINT ( 'NONE',  ( -0.8249999999999888534, -0.5499999999999889422, -0.7000000000000005107 ) ) ;
#1160 = FACE_OUTER_BOUND ( 'NONE', #572, .T. ) ;
#1161 = VERTEX_POINT ( 'NONE', #2296 ) ;
#1162 = CIRCLE ( 'NONE', #2734, 0.1000000003569491147 ) ;
#1163 = VECTOR ( 'NONE', #1689, 1000.000000000000000 ) ;
#1164 = LINE ( 'NONE', #14, #284 ) ;
#1165 = PLANE ( 'NONE',  #1466 ) ;
#1166 = VECTOR ( 'NONE', #558, 1000.000000000000000 ) ;
#1167 = AXIS2_PLACEMENT_3D ( 'NONE', #1908, #1282, #3312 ) ;
#1168 = DIRECTION ( 'NONE',  ( 0.000000000000000000, 1.000000000000000000, 0.000000000000000000 ) ) ;
#1169 = AXIS2_PLACEMENT_3D ( 'NONE', #3641, #1857, #415 ) ;
#1170 = ORIENTED_EDGE ( 'NONE', *, *, #3733, .T. ) ;
#1171 = DIRECTION ( 'NONE',  ( 0.000000000000000000, 1.000000000000000000, 2.220446049250310123E-16 ) ) ;
#1172 = AXIS2_PLACEMENT_3D ( 'NONE', #2385, #2092, #1495 ) ;
#1173 = DIRECTION ( 'NONE',  ( 0.000000000000000000, 2.220446049250310123E-16, -1.000000000000000000 ) ) ;
#1174 = AXIS2_PLACEMENT_3D ( 'NONE', #3004, #2170, #1245 ) ;
#1175 = CARTESIAN_POINT ( 'NONE',  ( -5000.000000000000000, -0.3000000000001890044, -0.6979999999999999538 ) ) ;
#1176 = PLANE ( 'NONE',  #2693 ) ;
#1177 = CC_DESIGN_PERSON_AND_ORGANIZATION_ASSIGNMENT ( #1100, #1424, ( #2237 ) ) ;
#1178 = AXIS2_PLACEMENT_3D ( 'NONE', #638, #1809, #23 ) ;
#1179 = VERTEX_POINT ( 'NONE', #3215 ) ;
#1180 = EDGE_CURVE ( 'NONE', #2182, #1179, #3799, .T. ) ;
#1181 = CARTESIAN_POINT ( 'NONE',  ( 1.068649170051875208, 0.6500000006239612382, -0.6979999999999999538 ) ) ;
#1182 = ADVANCED_FACE ( 'NONE', ( #2621 ), #1152, .F. ) ;
#1183 = CARTESIAN_POINT ( 'NONE',  ( -0.9750000000000219602, -1.049999999999980060, -0.7000000000000009548 ) ) ;
#1184 = DIRECTION ( 'NONE',  ( -0.000000000000000000, -2.220446049250310123E-16, 1.000000000000000000 ) ) ;
#1185 = VERTEX_POINT ( 'NONE', #2931 ) ;
#1186 = EDGE_CURVE ( 'NONE', #487, #2967, #2912, .T. ) ;
#1187 = LINE ( 'NONE', #2943, #339 ) ;
#1188 = DIRECTION ( 'NONE',  ( 0.000000000000000000, 2.220446049250310123E-16, -1.000000000000000000 ) ) ;
#1189 = ORIENTED_EDGE ( 'NONE', *, *, #3511, .F. ) ;
#1190 = VERTEX_POINT ( 'NONE', #3237 ) ;
#1191 = CARTESIAN_POINT ( 'NONE',  ( -1.225000000000139977, 0.7500000000000009992, -0.6999999999999999556 ) ) ;
#1192 = EDGE_CURVE ( 'NONE', #3268, #2667, #2951, .T. ) ;
#1193 = VERTEX_POINT ( 'NONE', #2086 ) ;
#1194 = CARTESIAN_POINT ( 'NONE',  ( 1.074999999999960210, 0.7499999999999845679, -0.6999999999999999556 ) ) ;
#1195 = CARTESIAN_POINT ( 'NONE',  ( 0.000000000000000000, -0.9499745962155621282, 0.000000000000000000 ) ) ;
#1196 = ORIENTED_EDGE ( 'NONE', *, *, #76, .F. ) ;
#1197 = VERTEX_POINT ( 'NONE', #2065 ) ;
#1198 = CARTESIAN_POINT ( 'NONE',  ( -0.9249999999999890532, 0.2650000000000009015, -0.6979999999999999538 ) ) ;
#1199 = ORIENTED_EDGE ( 'NONE', *, *, #2464, .T. ) ;
#1200 = EDGE_CURVE ( 'NONE', #267, #2914, #1451, .T. ) ;
#1201 = DIRECTION ( 'NONE',  ( -0.000000000000000000, 0.000000000000000000, 1.000000000000000000 ) ) ;
#1202 = FACE_OUTER_BOUND ( 'NONE', #2890, .T. ) ;
#1203 = EDGE_LOOP ( 'NONE', ( #1005, #1121, #2116, #2101 ) ) ;
#1204 = DIRECTION ( 'NONE',  ( -1.000000000000000000, -7.228014483237790114E-16, -0.000000000000000000 ) ) ;
#1205 = CARTESIAN_POINT ( 'NONE',  ( -1.075000000000029932, -0.8500000000000079714, -0.7000000000000009548 ) ) ;
#1206 = EDGE_CURVE ( 'NONE', #1490, #790, #565, .T. ) ;
#1207 = EDGE_LOOP ( 'NONE', ( #1044, #384, #1002, #1270 ) ) ;
#1208 = DIRECTION ( 'NONE',  ( 0.000000000000000000, -1.000000000000000000, -2.220446049250310123E-16 ) ) ;
#1209 = DIRECTION ( 'NONE',  ( 0.000000000000000000, 1.000000000000000000, 2.220446049250310123E-16 ) ) ;
#1210 = DIRECTION ( 'NONE',  ( 0.000000000000000000, 1.000000000000000000, 0.000000000000000000 ) ) ;
#1211 = ORIENTED_EDGE ( 'NONE', *, *, #242, .F. ) ;
#1212 = LOCAL_TIME ( 15, 26, 20.00000000000000000, #1124 ) ;
#1213 = PLANE ( 'NONE',  #3353 ) ;
#1214 = ORIENTED_EDGE ( 'NONE', *, *, #930, .T. ) ;
#1215 = DIRECTION ( 'NONE',  ( -0.000000000000000000, -0.000000000000000000, -1.000000000000000000 ) ) ;
#1216 = DIRECTION ( 'NONE',  ( 1.000000000000000000, 2.891205793294679805E-16, 6.419766481290790191E-32 ) ) ;
#1217 = ORIENTED_EDGE ( 'NONE', *, *, #2207, .F. ) ;
#1218 = VECTOR ( 'NONE', #2178, 1000.000000000000000 ) ;
#1219 = CARTESIAN_POINT ( 'NONE',  ( -0.8000000000000000444, 1.520000000000000018, 0.001000000000000000021 ) ) ;
#1220 = CIRCLE ( 'NONE', #1700, 0.1000000000000089428 ) ;
#1221 = ORIENTED_EDGE ( 'NONE', *, *, #530, .T. ) ;
#1222 = VECTOR ( 'NONE', #1863, 1000.000000000000000 ) ;
#1223 = ORIENTED_EDGE ( 'NONE', *, *, #3015, .F. ) ;
#1224 = PLANE ( 'NONE',  #3172 ) ;
#1225 = EDGE_CURVE ( 'NONE', #3399, #3737, #1776, .T. ) ;
#1226 = AXIS2_PLACEMENT_3D ( 'NONE', #614, #2059, #1465 ) ;
#1227 = EDGE_CURVE ( 'NONE', #253, #3239, #1132, .T. ) ;
#1228 = VECTOR ( 'NONE', #424, 1000.000000000000000 ) ;
#1229 = DIRECTION ( 'NONE',  ( -0.000000000000000000, 0.000000000000000000, 1.000000000000000000 ) ) ;
#1230 = DIRECTION ( 'NONE',  ( 1.000000000000000000, 0.000000000000000000, 0.000000000000000000 ) ) ;
#1231 = ORIENTED_EDGE ( 'NONE', *, *, #1842, .T. ) ;
#1232 = AXIS2_PLACEMENT_3D ( 'NONE', #730, #654, #417 ) ;
#1233 = CARTESIAN_POINT ( 'NONE',  ( 0.1849999999999383804, -0.1999999999999990119, -0.6979999999999999538 ) ) ;
#1234 = VECTOR ( 'NONE', #2678, 1000.000000000000000 ) ;
#1235 = EDGE_CURVE ( 'NONE', #3446, #622, #1162, .T. ) ;
#1236 = CARTESIAN_POINT ( 'NONE',  ( 0.2750000000001120992, 0.5999999999999949818, -0.6979999999999999538 ) ) ;
#1237 = DIRECTION ( 'NONE',  ( -1.000000000000000000, 0.000000000000000000, -0.000000000000000000 ) ) ;
#1238 = EDGE_LOOP ( 'NONE', ( #3775, #2909, #768, #2571, #628, #2536, #2337, #1259 ) ) ;
#1239 = ORIENTED_EDGE ( 'NONE', *, *, #2695, .T. ) ;
#1240 = DIRECTION ( 'NONE',  ( 0.000000000000000000, 0.000000000000000000, -1.000000000000000000 ) ) ;
#1241 = EDGE_CURVE ( 'NONE', #1475, #667, #2893, .T. ) ;
#1242 = EDGE_CURVE ( 'NONE', #2093, #909, #1472, .T. ) ;
#1243 = ADVANCED_FACE ( 'NONE', ( #3493 ), #3550, .T. ) ;
#1244 = CARTESIAN_POINT ( 'NONE',  ( 0.4249999999999999334, -0.9472951043006597738, -0.009999999974752427079 ) ) ;
#1245 = DIRECTION ( 'NONE',  ( 0.000000000000000000, -2.220446049250310123E-16, 1.000000000000000000 ) ) ;
#1246 = EDGE_LOOP ( 'NONE', ( #382, #3468, #1763, #121, #440, #1582, #2919, #1239, #1871, #2358, #615, #466, #2052, #182, #1877, #2146, #539, #1496, #1954, #1981, #1325, #1199, #2777, #1785, #369, #2704, #3366, #2261 ) ) ;
#1247 = DIRECTION ( 'NONE',  ( -1.000000000000000000, 0.000000000000000000, -0.000000000000000000 ) ) ;
#1248 = ORIENTED_EDGE ( 'NONE', *, *, #1620, .T. ) ;
#1249 = CARTESIAN_POINT ( 'NONE',  ( 1.125000311988479940, 0.7499999999999850120, -0.6999999999999999556 ) ) ;
#1250 = DIRECTION ( 'NONE',  ( 0.000000000000000000, -2.220446049250310123E-16, 1.000000000000000000 ) ) ;
#1251 = DIRECTION ( 'NONE',  ( 0.000000000000000000, 1.000000000000000000, 0.000000000000000000 ) ) ;
#1252 = ORIENTED_EDGE ( 'NONE', *, *, #780, .F. ) ;
#1253 = VERTEX_POINT ( 'NONE', #620 ) ;
#1254 = ORIENTED_EDGE ( 'NONE', *, *, #2298, .T. ) ;
#1255 = DIRECTION ( 'NONE',  ( 0.000000000000000000, 2.220446049250310123E-16, -1.000000000000000000 ) ) ;
#1256 = ORIENTED_EDGE ( 'NONE', *, *, #2829, .F. ) ;
#1257 = DIRECTION ( 'NONE',  ( 1.000000000000000000, 0.000000000000000000, 0.000000000000000000 ) ) ;
#1258 = DIRECTION ( 'NONE',  ( 1.000000000000000000, -1.442359183134839984E-13, 0.000000000000000000 ) ) ;
#1259 = ORIENTED_EDGE ( 'NONE', *, *, #940, .T. ) ;
#1260 = PLANE ( 'NONE',  #167 ) ;
#1261 = LINE ( 'NONE', #988, #145 ) ;
#1262 = EDGE_CURVE ( 'NONE', #2598, #2771, #831, .T. ) ;
#1263 = VECTOR ( 'NONE', #874, 1000.000000000000114 ) ;
#1264 = CARTESIAN_POINT ( 'NONE',  ( 0.3749999999999890088, 0.4999999999999849565, -0.6999999999999999556 ) ) ;
#1265 = CARTESIAN_POINT ( 'NONE',  ( -1.075000000000150058, 1.050000000000000044, -0.5999999999999999778 ) ) ;
#1266 = ORIENTED_EDGE ( 'NONE', *, *, #2759, .T. ) ;
#1267 = EDGE_CURVE ( 'NONE', #1546, #2514, #547, .T. ) ;
#1268 = ORIENTED_EDGE ( 'NONE', *, *, #3783, .F. ) ;
#1269 = AXIS2_PLACEMENT_3D ( 'NONE', #1069, #775, #3751 ) ;
#1270 = ORIENTED_EDGE ( 'NONE', *, *, #3020, .T. ) ;
#1271 = DIRECTION ( 'NONE',  ( 0.000000000000000000, -1.000000000000000000, -0.000000000000000000 ) ) ;
#1272 = VECTOR ( 'NONE', #2430, 1000.000000000000000 ) ;
#1273 = VECTOR ( 'NONE', #3240, 1000.000000000000000 ) ;
#1274 = VECTOR ( 'NONE', #3582, 1000.000000000000000 ) ;
#1275 = EDGE_LOOP ( 'NONE', ( #3224, #3345, #3316, #3132 ) ) ;
#1276 = DIRECTION ( 'NONE',  ( 0.000000000000000000, 0.000000000000000000, 1.000000000000000000 ) ) ;
#1277 = LINE ( 'NONE', #393, #3747 ) ;
#1278 = ORIENTED_EDGE ( 'NONE', *, *, #2128, .T. ) ;
#1279 = CARTESIAN_POINT ( 'NONE',  ( 1.075000000000029932, -0.1500000000000049905, -0.6999999999999999556 ) ) ;
#1280 = ORIENTED_EDGE ( 'NONE', *, *, #995, .F. ) ;
#1281 = VECTOR ( 'NONE', #734, 1000.000000000000000 ) ;
#1282 = DIRECTION ( 'NONE',  ( 0.000000000000000000, 2.220446049250310123E-16, -1.000000000000000000 ) ) ;
#1283 = CARTESIAN_POINT ( 'NONE',  ( 1.068649170388690006, 1.349999999821960284, -0.5000000000000000000 ) ) ;
#1284 = CARTESIAN_POINT ( 'NONE',  ( -3.252606517456509851E-16, -0.7499999999999990008, -0.6000000000000001998 ) ) ;
#1285 = CARTESIAN_POINT ( 'NONE',  ( 0.3749999999999130140, -1.399999999999989031, -0.7000000000000009548 ) ) ;
#1286 = EDGE_CURVE ( 'NONE', #2250, #2705, #2930, .T. ) ;
#1287 = VECTOR ( 'NONE', #1237, 1000.000000000000000 ) ;
#1288 = VERTEX_POINT ( 'NONE', #321 ) ;
#1289 = EDGE_CURVE ( 'NONE', #353, #2538, #2112, .T. ) ;
#1290 = EDGE_CURVE ( 'NONE', #1732, #1727, #3033, .T. ) ;
#1291 = ORIENTED_EDGE ( 'NONE', *, *, #2558, .T. ) ;
#1292 = AXIS2_PLACEMENT_3D ( 'NONE', #1370, #3400, #164 ) ;
#1293 = VERTEX_POINT ( 'NONE', #1299 ) ;
#1294 = CARTESIAN_POINT ( 'NONE',  ( -1.125000311988479940, -1.250000000000030198, -0.6999999999999999556 ) ) ;
#1295 = EDGE_LOOP ( 'NONE', ( #3022, #1301, #2511, #2148 ) ) ;
#1296 = DIRECTION ( 'NONE',  ( 0.000000000000000000, -2.220446049250310123E-16, 1.000000000000000000 ) ) ;
#1297 = EDGE_CURVE ( 'NONE', #3392, #3471, #3169, .T. ) ;
#1298 = EDGE_LOOP ( 'NONE', ( #368, #3777, #1076, #317 ) ) ;
#1299 = CARTESIAN_POINT ( 'NONE',  ( 0.3750000000000084377, -0.4999999999999715228, -0.6999999999999999556 ) ) ;
#1300 = CYLINDRICAL_SURFACE ( 'NONE', #3682, 0.1000000000000230288 ) ;
#1301 = ORIENTED_EDGE ( 'NONE', *, *, #1664, .F. ) ;
#1302 = DIRECTION ( 'NONE',  ( 0.000000000000000000, 1.000000000000000000, 0.000000000000000000 ) ) ;
#1303 = VERTEX_POINT ( 'NONE', #686 ) ;
#1304 = CARTESIAN_POINT ( 'NONE',  ( 0.6350000000000249889, -0.1649999999999991473, -0.6999999999999999556 ) ) ;
#1305 = CARTESIAN_POINT ( 'NONE',  ( 0.6350000000000249889, 0.2650000000000010125, -1.307058521919900240 ) ) ;
#1306 = DIRECTION ( 'NONE',  ( -0.000000000000000000, 1.000000000000000000, 0.000000000000000000 ) ) ;
#1307 = EDGE_LOOP ( 'NONE', ( #1903, #2039, #1563, #2219 ) ) ;
#1308 = EDGE_CURVE ( 'NONE', #428, #2703, #3292, .T. ) ;
#1309 = VERTEX_POINT ( 'NONE', #1559 ) ;
#1310 = DIRECTION ( 'NONE',  ( -0.000000000000000000, 1.000000000000000000, 0.000000000000000000 ) ) ;
#1311 = DIRECTION ( 'NONE',  ( 0.000000000000000000, -2.220446049250310123E-16, 1.000000000000000000 ) ) ;
#1312 = LINE ( 'NONE', #3679, #1400 ) ;
#1313 = ORIENTED_EDGE ( 'NONE', *, *, #2147, .F. ) ;
#1314 = FACE_OUTER_BOUND ( 'NONE', #2286, .T. ) ;
#1315 = CARTESIAN_POINT ( 'NONE',  ( -0.9249745962127965404, -0.4500000000000000666, 0.000000000000000000 ) ) ;
#1316 = ORIENTED_EDGE ( 'NONE', *, *, #2523, .F. ) ;
#1317 = DIRECTION ( 'NONE',  ( -0.000000000000000000, -2.220446049250310123E-16, 1.000000000000000000 ) ) ;
#1318 = EDGE_LOOP ( 'NONE', ( #2195, #2905, #2880, #3577 ) ) ;
#1319 = PERSON ( 'UNSPECIFIED', 'UNSPECIFIED', 'UNSPECIFIED', ('UNSPECIFIED'), ('UNSPECIFIED'), ('UNSPECIFIED') ) ;
#1320 = CARTESIAN_POINT ( 'NONE',  ( 0.1849999999997749278, 0.2000000000000000111, -0.6999999999999999556 ) ) ;
#1321 = DIRECTION ( 'NONE',  ( -0.000000000000000000, 1.000000000000000000, 2.220446049250310123E-16 ) ) ;
#1322 = FACE_OUTER_BOUND ( 'NONE', #673, .T. ) ;
#1323 = DIRECTION ( 'NONE',  ( 0.000000000000000000, -2.220446049250310123E-16, 1.000000000000000000 ) ) ;
#1324 = ORIENTED_EDGE ( 'NONE', *, *, #756, .F. ) ;
#1325 = ORIENTED_EDGE ( 'NONE', *, *, #2765, .T. ) ;
#1326 = DIRECTION ( 'NONE',  ( -1.000000000000000000, -0.000000000000000000, -0.000000000000000000 ) ) ;
#1327 = DIRECTION ( 'NONE',  ( 0.000000000000000000, 1.000000000000000000, 0.000000000000000000 ) ) ;
#1328 = EDGE_CURVE ( 'NONE', #98, #1916, #3285, .T. ) ;
#1329 = EDGE_CURVE ( 'NONE', #2182, #3579, #2444, .T. ) ;
#1330 = CARTESIAN_POINT ( 'NONE',  ( -1.125000077997120096, -1.650000000156079949, -0.1000000000000000333 ) ) ;
#1331 = CIRCLE ( 'NONE', #3480, 0.09999999999998356037 ) ;
#1332 = VERTEX_POINT ( 'NONE', #2398 ) ;
#1333 = DIRECTION ( 'NONE',  ( -0.000000000000000000, 1.000000000000000000, 2.220446049250310123E-16 ) ) ;
#1334 = DIRECTION ( 'NONE',  ( 0.000000000000000000, -2.220446049250310123E-16, 1.000000000000000000 ) ) ;
#1335 = VECTOR ( 'NONE', #250, 1000.000000000000000 ) ;
#1336 = VECTOR ( 'NONE', #724, 1000.000000000000000 ) ;
#1337 = CARTESIAN_POINT ( 'NONE',  ( -1.075000000000039924, -1.149999999999979927, -0.7000000000000006217 ) ) ;
#1338 = LINE ( 'NONE', #3370, #97 ) ;
#1339 = AXIS2_PLACEMENT_3D ( 'NONE', #387, #978, #1327 ) ;
#1340 = VECTOR ( 'NONE', #1932, 1000.000000000000000 ) ;
#1341 = CARTESIAN_POINT ( 'NONE',  ( -5000.000000000000000, 0.3000000000001890044, -0.6979999999999999538 ) ) ;
#1342 = CARTESIAN_POINT ( 'NONE',  ( -1.125000311988479940, 1.649999999999999911, -0.6999999999999999556 ) ) ;
#1343 = ORIENTED_EDGE ( 'NONE', *, *, #3778, .F. ) ;
#1344 = VECTOR ( 'NONE', #906, 1000.000000000000000 ) ;
#1345 = CARTESIAN_POINT ( 'NONE',  ( 0.9749999999999350297, 0.8500000000000069722, -0.6999999999999999556 ) ) ;
#1346 = ORIENTED_EDGE ( 'NONE', *, *, #2223, .T. ) ;
#1347 = VECTOR ( 'NONE', #1527, 1000.000000000000000 ) ;
#1348 = CARTESIAN_POINT ( 'NONE',  ( -0.1749999999995921485, 5000.000000000000000, -0.6979999999999999538 ) ) ;
#1349 = DIRECTION ( 'NONE',  ( 1.000000000000000000, 0.000000000000000000, 0.000000000000000000 ) ) ;
#1350 = AXIS2_PLACEMENT_3D ( 'NONE', #2038, #2896, #834 ) ;
#1351 = LINE ( 'NONE', #2228, #1646 ) ;
#1352 = VERTEX_POINT ( 'NONE', #2099 ) ;
#1353 = EDGE_CURVE ( 'NONE', #2436, #3179, #2423, .T. ) ;
#1354 = DIRECTION ( 'NONE',  ( 0.000000000000000000, 2.220446049250310123E-16, -1.000000000000000000 ) ) ;
#1355 = CARTESIAN_POINT ( 'NONE',  ( 0.8750000025804340886, -0.5999999999999540146, -0.6979999999999999538 ) ) ;
#1356 = ORIENTED_EDGE ( 'NONE', *, *, #427, .T. ) ;
#1357 = CARTESIAN_POINT ( 'NONE',  ( 0.6350000000000249889, -0.1649999999999991473, -0.6979999999999999538 ) ) ;
#1358 = EDGE_CURVE ( 'NONE', #1426, #1288, #152, .T. ) ;
#1359 = DIRECTION ( 'NONE',  ( 1.106328043022800141E-16, 1.000000000000000000, 2.220446049250310123E-16 ) ) ;
#1360 = DIRECTION ( 'NONE',  ( 0.000000000000000000, 1.000000000000000000, 0.000000000000000000 ) ) ;
#1361 = ORIENTED_EDGE ( 'NONE', *, *, #66, .F. ) ;
#1362 = DIRECTION ( 'NONE',  ( 1.610814656264109949E-14, -1.000000000000000000, 0.000000000000000000 ) ) ;
#1363 = CARTESIAN_POINT ( 'NONE',  ( 1.125000311988479940, 1.650000000312159987, -0.6999999999999999556 ) ) ;
#1364 = VERTEX_POINT ( 'NONE', #3626 ) ;
#1365 = CARTESIAN_POINT ( 'NONE',  ( 0.3750000000000000000, -1.299999999999980060, -0.7000000000000009548 ) ) ;
#1366 = CARTESIAN_POINT ( 'NONE',  ( 0.8750000013779227759, 1.400000000000054534, -0.6979999999999999538 ) ) ;
#1367 = CALENDAR_DATE ( 2025, 7, 5 ) ;
#1368 = PLANE ( 'NONE',  #1955 ) ;
#1369 = VERTEX_POINT ( 'NONE', #3325 ) ;
#1370 = CARTESIAN_POINT ( 'NONE',  ( -0.9249999999999890532, 0.3650000000000008793, -0.6979999999999999538 ) ) ;
#1371 = VERTEX_POINT ( 'NONE', #1244 ) ;
#1372 = DIRECTION ( 'NONE',  ( -0.7071067811865477948, 0.7071067811865473507, 0.000000000000000000 ) ) ;
#1373 = DIRECTION ( 'NONE',  ( 1.517883041479584786E-13, 1.000000000000000000, 0.000000000000000000 ) ) ;
#1374 = CARTESIAN_POINT ( 'NONE',  ( -2.417770844642519956E-14, 0.4999999999999879541, -0.5000000000000000000 ) ) ;
#1375 = DIRECTION ( 'NONE',  ( 0.000000000000000000, -1.000000000000000000, 0.000000000000000000 ) ) ;
#1376 = ORIENTED_EDGE ( 'NONE', *, *, #1669, .F. ) ;
#1377 = EDGE_CURVE ( 'NONE', #134, #1369, #1944, .T. ) ;
#1378 = DIRECTION ( 'NONE',  ( -1.000000000000000000, 2.052588072843859919E-13, 0.000000000000000000 ) ) ;
#1379 = DIRECTION ( 'NONE',  ( -0.000000000000000000, -0.000000000000000000, -1.000000000000000000 ) ) ;
#1380 = ORIENTED_EDGE ( 'NONE', *, *, #2134, .F. ) ;
#1381 = DIRECTION ( 'NONE',  ( 0.000000000000000000, 2.220446049250310123E-16, -1.000000000000000000 ) ) ;
#1382 = DIRECTION ( 'NONE',  ( 1.000000000000000000, 0.000000000000000000, 0.000000000000000000 ) ) ;
#1383 = VECTOR ( 'NONE', #3074, 1000.000000000000000 ) ;
#1384 = FACE_OUTER_BOUND ( 'NONE', #3534, .T. ) ;
#1385 = ORIENTED_EDGE ( 'NONE', *, *, #1890, .F. ) ;
#1386 = ADVANCED_FACE ( 'NONE', ( #653 ), #962, .F. ) ;
#1387 = DIRECTION ( 'NONE',  ( 0.000000000000000000, 1.000000000000000000, 2.220446049250310123E-16 ) ) ;
#1388 = AXIS2_PLACEMENT_3D ( 'NONE', #1662, #1065, #2835 ) ;
#1389 =( NAMED_UNIT ( * ) SI_UNIT ( $, .STERADIAN. ) SOLID_ANGLE_UNIT ( ) );
#1390 = DIRECTION ( 'NONE',  ( 1.584809575715886168E-17, 0.2588190451025212946, -0.9659258262890680902 ) ) ;
#1391 = FACE_OUTER_BOUND ( 'NONE', #2304, .T. ) ;
#1392 = DIRECTION ( 'NONE',  ( -0.000000000000000000, -0.000000000000000000, -1.000000000000000000 ) ) ;
#1393 = ORIENTED_EDGE ( 'NONE', *, *, #1978, .T. ) ;
#1394 = CARTESIAN_POINT ( 'NONE',  ( 0.9749999999999350297, 0.5500000006242431461, -0.6999999999999999556 ) ) ;
#1395 = CIRCLE ( 'NONE', #3807, 0.09999999999999999167 ) ;
#1396 = CIRCLE ( 'NONE', #3486, 0.4972951042622695272 ) ;
#1397 = EDGE_CURVE ( 'NONE', #2313, #2635, #359, .T. ) ;
#1398 = DIRECTION ( 'NONE',  ( -1.000000000000000000, -1.610814656264109949E-14, -3.576727039576139812E-30 ) ) ;
#1399 = CARTESIAN_POINT ( 'NONE',  ( -1.125000311988479940, 0.7500000000000011102, -0.6999999999999999556 ) ) ;
#1400 = VECTOR ( 'NONE', #432, 1000.000000000000114 ) ;
#1401 = EDGE_LOOP ( 'NONE', ( #569, #2959, #731 ) ) ;
#1402 = DIRECTION ( 'NONE',  ( 0.000000000000000000, 0.000000000000000000, 1.000000000000000000 ) ) ;
#1403 = DIRECTION ( 'NONE',  ( 0.000000000000000000, 0.000000000000000000, -1.000000000000000000 ) ) ;
#1404 = VECTOR ( 'NONE', #3314, 1000.000000000000000 ) ;
#1405 = SECURITY_CLASSIFICATION_LEVEL ( 'unclassified' ) ;
#1406 = EDGE_CURVE ( 'NONE', #3090, #2643, #340, .T. ) ;
#1407 = CARTESIAN_POINT ( 'NONE',  ( -1.125000077997120096, 1.650000000156079949, 0.000000000000000000 ) ) ;
#1408 = CIRCLE ( 'NONE', #2874, 0.1000000000000079992 ) ;
#1409 = FACE_OUTER_BOUND ( 'NONE', #3071, .T. ) ;
#1410 = EDGE_LOOP ( 'NONE', ( #3000, #2080, #70, #835, #386, #619 ) ) ;
#1411 = VECTOR ( 'NONE', #3121, 1000.000000000000000 ) ;
#1412 = DIRECTION ( 'NONE',  ( -1.000000000000000000, -0.000000000000000000, -0.000000000000000000 ) ) ;
#1413 = EDGE_CURVE ( 'NONE', #2840, #1477, #3734, .T. ) ;
#1414 = EDGE_LOOP ( 'NONE', ( #3195, #1862, #2766, #1078 ) ) ;
#1415 = CARTESIAN_POINT ( 'NONE',  ( 1.074999999999960210, 1.149999999999989919, -0.6999999999999999556 ) ) ;
#1416 = CARTESIAN_POINT ( 'NONE',  ( 0.8750000024996701375, -1.299999999999980060, -0.6979999999999999538 ) ) ;
#1417 = ORIENTED_EDGE ( 'NONE', *, *, #2707, .T. ) ;
#1418 = FACE_OUTER_BOUND ( 'NONE', #2677, .T. ) ;
#1419 = LINE ( 'NONE', #2547, #3795 ) ;
#1420 = CARTESIAN_POINT ( 'NONE',  ( -0.9750000000001369793, 1.050000000000010036, -0.6999999999999999556 ) ) ;
#1421 = ORIENTED_EDGE ( 'NONE', *, *, #3139, .T. ) ;
#1422 = FACE_OUTER_BOUND ( 'NONE', #2253, .T. ) ;
#1423 = CARTESIAN_POINT ( 'NONE',  ( -0.1749999999999550249, -1.150000000000009903, -0.7000000000000006217 ) ) ;
#1424 = PERSON_AND_ORGANIZATION_ROLE ( 'classification_officer' ) ;
#1425 = DIRECTION ( 'NONE',  ( 1.000000000000000000, 0.000000000000000000, 0.000000000000000000 ) ) ;
#1426 = VERTEX_POINT ( 'NONE', #107 ) ;
#1427 = FACE_OUTER_BOUND ( 'NONE', #2152, .T. ) ;
#1428 = ORIENTED_EDGE ( 'NONE', *, *, #1235, .F. ) ;
#1429 = CARTESIAN_POINT ( 'NONE',  ( 1.125000311988479940, -0.7499999999999981126, -0.7000000000000009548 ) ) ;
#1430 = VERTEX_POINT ( 'NONE', #3269 ) ;
#1431 = CARTESIAN_POINT ( 'NONE',  ( 1.068649170388690006, 1.349999999821960284, -0.6979999999999999538 ) ) ;
#1432 = CARTESIAN_POINT ( 'NONE',  ( 0.2750000000001176503, 1.300000000000005151, -0.6979999999999999538 ) ) ;
#1433 = ORIENTED_EDGE ( 'NONE', *, *, #3432, .F. ) ;
#1434 = CARTESIAN_POINT ( 'NONE',  ( 0.9750000000000229594, -0.05000000000000365263, -0.6999999999999999556 ) ) ;
#1435 = ORIENTED_EDGE ( 'NONE', *, *, #3681, .T. ) ;
#1436 = DIRECTION ( 'NONE',  ( -5.421010862427849547E-16, 1.000000000000000000, 0.000000000000000000 ) ) ;
#1437 = LINE ( 'NONE', #257, #2443 ) ;
#1438 = ORIENTED_EDGE ( 'NONE', *, *, #3105, .T. ) ;
#1439 = LINE ( 'NONE', #3291, #1091 ) ;
#1440 = DIRECTION ( 'NONE',  ( -0.2588190451025210170, 0.000000000000000000, -0.9659258262890680902 ) ) ;
#1441 = APPROVAL_DATE_TIME ( #868, #3317 ) ;
#1442 = DIRECTION ( 'NONE',  ( -0.000000000000000000, 1.000000000000000000, 0.000000000000000000 ) ) ;
#1443 = DIRECTION ( 'NONE',  ( 0.000000000000000000, -0.9659258262890682012, -0.2588190451025210725 ) ) ;
#1444 = ORIENTED_EDGE ( 'NONE', *, *, #1528, .T. ) ;
#1445 = DIRECTION ( 'NONE',  ( 0.000000000000000000, 0.000000000000000000, 1.000000000000000000 ) ) ;
#1446 = LOCAL_TIME ( 15, 26, 20.00000000000000000, #2653 ) ;
#1447 = EDGE_CURVE ( 'NONE', #3179, #2598, #1875, .T. ) ;
#1448 = ADVANCED_FACE ( 'NONE', ( #3643 ), #1003, .T. ) ;
#1449 = CARTESIAN_POINT ( 'NONE',  ( -0.8000000000000000444, 1.320000000000000062, 0.002000000000000000042 ) ) ;
#1450 = EDGE_CURVE ( 'NONE', #1743, #2292, #56, .T. ) ;
#1451 = LINE ( 'NONE', #1175, #2620 ) ;
#1452 = FACE_OUTER_BOUND ( 'NONE', #2722, .T. ) ;
#1453 = AXIS2_PLACEMENT_3D ( 'NONE', #1882, #2028, #1168 ) ;
#1454 = EDGE_CURVE ( 'NONE', #622, #1185, #3168, .T. ) ;
#1455 = ORIENTED_EDGE ( 'NONE', *, *, #2414, .F. ) ;
#1456 = DIRECTION ( 'NONE',  ( 1.000000000000000000, 0.000000000000000000, -0.000000000000000000 ) ) ;
#1457 = VERTEX_POINT ( 'NONE', #2597 ) ;
#1458 = VECTOR ( 'NONE', #2938, 1000.000000000000000 ) ;
#1459 = CARTESIAN_POINT ( 'NONE',  ( 0.9718245861976270161, -1.324999999834358677, -0.6979999999999999538 ) ) ;
#1460 = CARTESIAN_POINT ( 'NONE',  ( 0.8000000000000000444, 1.520000000000000018, 0.001000000000000000021 ) ) ;
#1461 = EDGE_LOOP ( 'NONE', ( #2204, #2229, #94, #289, #2266, #1385 ) ) ;
#1462 = VECTOR ( 'NONE', #68, 1000.000000000000000 ) ;
#1463 = EDGE_CURVE ( 'NONE', #2110, #507, #2312, .T. ) ;
#1464 = DIRECTION ( 'NONE',  ( 0.000000000000000000, -1.000000000000000000, -2.220446049250310123E-16 ) ) ;
#1465 = DIRECTION ( 'NONE',  ( 0.000000000000000000, 1.000000000000000000, 0.000000000000000000 ) ) ;
#1466 = AXIS2_PLACEMENT_3D ( 'NONE', #1999, #1403, #1711 ) ;
#1467 = VECTOR ( 'NONE', #3055, 1000.000000000000000 ) ;
#1468 = AXIS2_PLACEMENT_3D ( 'NONE', #1283, #3539, #2095 ) ;
#1469 = DIRECTION ( 'NONE',  ( 1.000000000000000000, 0.000000000000000000, 0.000000000000000000 ) ) ;
#1470 = ADVANCED_FACE ( 'NONE', ( #1409 ), #224, .T. ) ;
#1471 = CIRCLE ( 'NONE', #545, 0.1000000000000079575 ) ;
#1472 = LINE ( 'NONE', #1488, #3484 ) ;
#1473 = DIRECTION ( 'NONE',  ( 0.000000000000000000, 1.000000000000000000, 0.000000000000000000 ) ) ;
#1474 = VERTEX_POINT ( 'NONE', #2003 ) ;
#1475 = VERTEX_POINT ( 'NONE', #2577 ) ;
#1476 = CYLINDRICAL_SURFACE ( 'NONE', #1778, 0.09999999999998020195 ) ;
#1477 = VERTEX_POINT ( 'NONE', #562 ) ;
#1478 = EDGE_CURVE ( 'NONE', #2432, #3817, #1147, .T. ) ;
#1479 = DIRECTION ( 'NONE',  ( 0.000000000000000000, -1.000000000000000000, -2.220446049250310123E-16 ) ) ;
#1480 = DIRECTION ( 'NONE',  ( 0.000000000000000000, 1.000000000000000000, 0.000000000000000000 ) ) ;
#1481 = ORIENTED_EDGE ( 'NONE', *, *, #1241, .T. ) ;
#1482 = CARTESIAN_POINT ( 'NONE',  ( 1.068649171261565112, -0.6500000006242440120, -0.7000000000000005107 ) ) ;
#1483 = LINE ( 'NONE', #2450, #344 ) ;
#1484 = ORIENTED_EDGE ( 'NONE', *, *, #3444, .T. ) ;
#1485 = DIRECTION ( 'NONE',  ( 0.000000000000000000, 2.220446049250310123E-16, -1.000000000000000000 ) ) ;
#1486 = PRODUCT_DEFINITION_SHAPE ( 'NONE', 'NONE',  #3412 ) ;
#1487 = EDGE_CURVE ( 'NONE', #280, #918, #806, .T. ) ;
#1488 = CARTESIAN_POINT ( 'NONE',  ( 0.2749999999999769851, 0.5999999999999949818, -0.6999999999999999556 ) ) ;
#1489 = CYLINDRICAL_SURFACE ( 'NONE', #3431, 0.1000000000000089428 ) ;
#1490 = VERTEX_POINT ( 'NONE', #3736 ) ;
#1491 = VERTEX_POINT ( 'NONE', #3131 ) ;
#1492 = FACE_OUTER_BOUND ( 'NONE', #27, .T. ) ;
#1493 = VERTEX_POINT ( 'NONE', #538 ) ;
#1494 = LINE ( 'NONE', #1761, #3234 ) ;
#1495 = DIRECTION ( 'NONE',  ( 0.000000000000000000, -1.000000000000000000, 0.000000000000000000 ) ) ;
#1496 = ORIENTED_EDGE ( 'NONE', *, *, #2595, .T. ) ;
#1497 = EDGE_CURVE ( 'NONE', #3554, #2483, #281, .T. ) ;
#1498 = CARTESIAN_POINT ( 'NONE',  ( -0.8249999999999551026, -0.3650000000000974687, -0.6979999999999999538 ) ) ;
#1499 = ORIENTED_EDGE ( 'NONE', *, *, #985, .T. ) ;
#1500 = EDGE_CURVE ( 'NONE', #2651, #353, #3148, .T. ) ;
#1501 = ORIENTED_EDGE ( 'NONE', *, *, #1107, .T. ) ;
#1502 = CARTESIAN_POINT ( 'NONE',  ( -0.9250000000000540012, -0.2649999999999990696, -0.7000000000000001776 ) ) ;
#1503 = EDGE_CURVE ( 'NONE', #2382, #1605, #3759, .T. ) ;
#1504 = DIRECTION ( 'NONE',  ( 0.000000000000000000, -1.000000000000000000, 0.000000000000000000 ) ) ;
#1505 = DIRECTION ( 'NONE',  ( -0.000000000000000000, 0.000000000000000000, 1.000000000000000000 ) ) ;
#1506 = ORIENTED_EDGE ( 'NONE', *, *, #955, .T. ) ;
#1507 = ORIENTED_EDGE ( 'NONE', *, *, #2374, .F. ) ;
#1508 = CYLINDRICAL_SURFACE ( 'NONE', #3367, 0.1000000000000230288 ) ;
#1509 = CARTESIAN_POINT ( 'NONE',  ( -1.125000311988479940, -0.1500000000000049349, -0.6999999999999999556 ) ) ;
#1510 = CARTESIAN_POINT ( 'NONE',  ( 1.068649170052000219, -0.5500000006242440342, -0.6999999999999999556 ) ) ;
#1511 = ORIENTED_EDGE ( 'NONE', *, *, #2672, .T. ) ;
#1512 = ADVANCED_FACE ( 'NONE', ( #2614 ), #1673, .F. ) ;
#1513 = VECTOR ( 'NONE', #990, 1000.000000000000000 ) ;
#1514 = EDGE_CURVE ( 'NONE', #2539, #3050, #1716, .T. ) ;
#1515 = CARTESIAN_POINT ( 'NONE',  ( 1.224999999999909939, -0.7499999999999981126, -0.6000000000000009770 ) ) ;
#1516 = VECTOR ( 'NONE', #3483, 1000.000000000000000 ) ;
#1517 = VERTEX_POINT ( 'NONE', #2887 ) ;
#1518 = ORIENTED_EDGE ( 'NONE', *, *, #117, .F. ) ;
#1519 = CARTESIAN_POINT ( 'NONE',  ( -1.225000000000020073, -0.7499999999999990008, -0.7000000000000009548 ) ) ;
#1520 = ADVANCED_FACE ( 'NONE', ( #1384 ), #245, .T. ) ;
#1521 = CIRCLE ( 'NONE', #338, 0.1000000000000119960 ) ;
#1522 = VECTOR ( 'NONE', #3346, 1000.000000000000000 ) ;
#1523 = VECTOR ( 'NONE', #1321, 1000.000000000000000 ) ;
#1524 = ORIENTED_EDGE ( 'NONE', *, *, #3086, .F. ) ;
#1525 = VECTOR ( 'NONE', #3294, 1000.000000000000000 ) ;
#1526 = CARTESIAN_POINT ( 'NONE',  ( -1.125000311988479940, 0.6500000000000351053, -0.6999999999999999556 ) ) ;
#1527 = DIRECTION ( 'NONE',  ( -1.000000000000000000, -0.000000000000000000, 0.000000000000000000 ) ) ;
#1528 = EDGE_CURVE ( 'NONE', #1474, #1014, #2383, .T. ) ;
#1529 = ORIENTED_EDGE ( 'NONE', *, *, #1138, .T. ) ;
#1530 = AXIS2_PLACEMENT_3D ( 'NONE', #108, #2445, #963 ) ;
#1531 = DIRECTION ( 'NONE',  ( 0.000000000000000000, 2.220446049250310123E-16, -1.000000000000000000 ) ) ;
#1532 = CIRCLE ( 'NONE', #3685, 0.09999999999999982514 ) ;
#1533 = CARTESIAN_POINT ( 'NONE',  ( -1.075000000000090106, -0.04999999999999662353, -0.5999999999999999778 ) ) ;
#1534 = DIRECTION ( 'NONE',  ( -1.000000000000000000, -0.000000000000000000, 0.000000000000000000 ) ) ;
#1535 = ORIENTED_EDGE ( 'NONE', *, *, #1450, .T. ) ;
#1536 = EDGE_LOOP ( 'NONE', ( #3425, #898, #1026, #3473 ) ) ;
#1537 = DIRECTION ( 'NONE',  ( -0.2588190451025210170, 0.000000000000000000, -0.9659258262890680902 ) ) ;
#1538 = ORIENTED_EDGE ( 'NONE', *, *, #3741, .T. ) ;
#1539 = ADVANCED_FACE ( 'NONE', ( #1427 ), #787, .T. ) ;
#1540 = ORIENTED_EDGE ( 'NONE', *, *, #1839, .F. ) ;
#1541 = DIRECTION ( 'NONE',  ( 0.000000000000000000, -2.220446049250310123E-16, 1.000000000000000000 ) ) ;
#1542 = DIRECTION ( 'NONE',  ( 0.000000000000000000, -2.220446049250310123E-16, 1.000000000000000000 ) ) ;
#1543 = ORIENTED_EDGE ( 'NONE', *, *, #683, .T. ) ;
#1544 = EDGE_CURVE ( 'NONE', #88, #3606, #2047, .T. ) ;
#1545 = DIRECTION ( 'NONE',  ( -0.000000000000000000, 2.220446049250310123E-16, -1.000000000000000000 ) ) ;
#1546 = VERTEX_POINT ( 'NONE', #2923 ) ;
#1547 = FACE_OUTER_BOUND ( 'NONE', #897, .T. ) ;
#1548 = DIRECTION ( 'NONE',  ( 0.000000000000000000, -2.220446049250310123E-16, 1.000000000000000000 ) ) ;
#1549 = CARTESIAN_POINT ( 'NONE',  ( 1.068649171429945754, 1.249999999822084318, -0.6979999999999999538 ) ) ;
#1550 = ORIENTED_EDGE ( 'NONE', *, *, #1736, .T. ) ;
#1551 = ORIENTED_EDGE ( 'NONE', *, *, #3247, .T. ) ;
#1552 = ORIENTED_EDGE ( 'NONE', *, *, #29, .T. ) ;
#1553 = CARTESIAN_POINT ( 'NONE',  ( 0.7910000000000000364, -0.4500000000000000666, -0.5000000000000000000 ) ) ;
#1554 = ORIENTED_EDGE ( 'NONE', *, *, #1497, .T. ) ;
#1555 = EDGE_CURVE ( 'NONE', #1840, #2736, #1220, .T. ) ;
#1556 = ORIENTED_EDGE ( 'NONE', *, *, #3423, .F. ) ;
#1557 = EDGE_CURVE ( 'NONE', #2250, #3446, #3445, .T. ) ;
#1558 = EDGE_CURVE ( 'NONE', #1430, #2608, #929, .T. ) ;
#1559 = CARTESIAN_POINT ( 'NONE',  ( 0.9749999999999334754, 1.049999999999990274, -0.6999999999999999556 ) ) ;
#1560 = PLANE ( 'NONE',  #1530 ) ;
#1561 = ORIENTED_EDGE ( 'NONE', *, *, #66, .T. ) ;
#1562 = CARTESIAN_POINT ( 'NONE',  ( -1.125000311988479940, -0.2649999999999991251, -0.7000000000000000666 ) ) ;
#1563 = ORIENTED_EDGE ( 'NONE', *, *, #2368, .T. ) ;
#1564 = DIRECTION ( 'NONE',  ( -1.000000000000000000, 2.052588072843859919E-13, 0.000000000000000000 ) ) ;
#1565 = EDGE_CURVE ( 'NONE', #1369, #3075, #646, .T. ) ;
#1566 = CARTESIAN_POINT ( 'NONE',  ( 1.068649170051829911, 0.4999999999999850675, -0.6999999999999999556 ) ) ;
#1567 = CARTESIAN_POINT ( 'NONE',  ( 0.1849999999999383249, 0.2000000000000005107, -0.6979999999999999538 ) ) ;
#1568 = ORIENTED_EDGE ( 'NONE', *, *, #43, .T. ) ;
#1569 = ORIENTED_EDGE ( 'NONE', *, *, #3058, .F. ) ;
#1570 = AXIS2_PLACEMENT_3D ( 'NONE', #3243, #1201, #2019 ) ;
#1571 = EDGE_CURVE ( 'NONE', #2806, #246, #318, .T. ) ;
#1572 = DIRECTION ( 'NONE',  ( 1.000000000000000000, 0.000000000000000000, 0.000000000000000000 ) ) ;
#1573 = LINE ( 'NONE', #475, #2387 ) ;
#1574 = VECTOR ( 'NONE', #1548, 1000.000000000000000 ) ;
#1575 = VECTOR ( 'NONE', #3469, 1000.000000000000000 ) ;
#1576 = CLOSED_SHELL ( 'NONE', ( #1843, #2844, #479, #186, #1870, #1901, #433, #2911, #372, #1520, #3519, #3025, #2993, #3218, #1795, #2124, #127, #1386, #2294, #3109, #1045, #454, #247, #3371, #753, #1054, #1598, #2964, #847, #1243, #2976, #689, #2956, #2317, #1658, #870, #1915, #2973, #578, #3031, #1676, #2166, #2427, #3032, #2549, #994, #1539, #3689, #979, #1512, #3544, #760, #356, #2191, #3265, #2666, #3150, #2305, #1182, #2834, #2641, #3625, #2644, #2486, #3049, #1470, #2593, #2992, #2606, #2159, #3556, #500, #3611, #2859, #3499, #3442, #13, #1740, #3813, #865, #3322, #1000, #2820, #3304, #3157, #2254, #598, #613, #355, #886, #514, #2023, #2926, #1942, #3655, #2272, #407, #1067, #2349, #1679, #1859, #189, #1448, #766, #2654, #1611, #2801, #374, #1965, #1633, #199, #3496, #704, #3504 ) ) ;
#1577 = CARTESIAN_POINT ( 'NONE',  ( 0.2749999999999879208, 0.5500000006242431461, -0.6999999999999999556 ) ) ;
#1578 = ORIENTED_EDGE ( 'NONE', *, *, #29, .F. ) ;
#1579 = VECTOR ( 'NONE', #198, 1000.000000000000000 ) ;
#1580 = DIRECTION ( 'NONE',  ( 0.000000000000000000, 2.220446049250310123E-16, -1.000000000000000000 ) ) ;
#1581 = FACE_OUTER_BOUND ( 'NONE', #2916, .T. ) ;
#1582 = ORIENTED_EDGE ( 'NONE', *, *, #1059, .T. ) ;
#1583 = EDGE_CURVE ( 'NONE', #1014, #3603, #2652, .T. ) ;
#1584 = CARTESIAN_POINT ( 'NONE',  ( -0.1749999999999549138, 0.4000000000000200062, -0.6999999999999999556 ) ) ;
#1585 = ORIENTED_EDGE ( 'NONE', *, *, #2283, .F. ) ;
#1586 = VECTOR ( 'NONE', #2833, 1000.000000000000000 ) ;
#1587 = DIRECTION ( 'NONE',  ( -0.2588190451025210170, 0.000000000000000000, 0.9659258262890680902 ) ) ;
#1588 = CARTESIAN_POINT ( 'NONE',  ( -0.1749999999997735867, 1.149999999999989919, -0.6979999999999999538 ) ) ;
#1589 = FACE_OUTER_BOUND ( 'NONE', #2068, .T. ) ;
#1590 = CYLINDRICAL_SURFACE ( 'NONE', #3620, 0.1000000000000020040 ) ;
#1591 = VECTOR ( 'NONE', #3590, 1000.000000000000000 ) ;
#1592 = ORIENTED_EDGE ( 'NONE', *, *, #1558, .T. ) ;
#1593 = EDGE_CURVE ( 'NONE', #3581, #88, #33, .T. ) ;
#1594 = VECTOR ( 'NONE', #2725, 1000.000000000000000 ) ;
#1595 = ORIENTED_EDGE ( 'NONE', *, *, #3380, .F. ) ;
#1596 = LINE ( 'NONE', #941, #596 ) ;
#1597 = DIRECTION ( 'NONE',  ( -1.000000000000000000, -0.000000000000000000, -0.000000000000000000 ) ) ;
#1598 = ADVANCED_FACE ( 'NONE', ( #2721 ), #19, .T. ) ;
#1599 = CARTESIAN_POINT ( 'NONE',  ( 0.8750000025803470471, 0.6000000000000109690, -0.5000000000000000000 ) ) ;
#1600 = ORIENTED_EDGE ( 'NONE', *, *, #1286, .T. ) ;
#1601 = PLANE ( 'NONE',  #2119 ) ;
#1602 = CARTESIAN_POINT ( 'NONE',  ( 1.074999999999950218, 1.149999999999989919, -0.6999999999999998446 ) ) ;
#1603 = ORIENTED_EDGE ( 'NONE', *, *, #1262, .F. ) ;
#1604 = DIRECTION ( 'NONE',  ( 0.000000000000000000, 0.000000000000000000, -1.000000000000000000 ) ) ;
#1605 = VERTEX_POINT ( 'NONE', #2356 ) ;
#1606 = FACE_OUTER_BOUND ( 'NONE', #3564, .T. ) ;
#1607 = DIRECTION ( 'NONE',  ( 0.000000000000000000, -2.220446049250310123E-16, 1.000000000000000000 ) ) ;
#1608 = CYLINDRICAL_SURFACE ( 'NONE', #1697, 0.1000000000000080685 ) ;
#1609 = CARTESIAN_POINT ( 'NONE',  ( -0.9250000000000540012, -0.7499999999999982236, -0.7000000000000002887 ) ) ;
#1610 = ORIENTED_EDGE ( 'NONE', *, *, #3578, .F. ) ;
#1611 = ADVANCED_FACE ( 'NONE', ( #2406 ), #2420, .F. ) ;
#1612 = ORIENTED_EDGE ( 'NONE', *, *, #2534, .F. ) ;
#1613 = DIRECTION ( 'NONE',  ( 0.000000000000000000, -1.000000000000000000, 0.000000000000000000 ) ) ;
#1614 = CARTESIAN_POINT ( 'NONE',  ( -0.9750000000000225153, -1.049999999999974953, -0.6000000000000009770 ) ) ;
#1615 = EDGE_CURVE ( 'NONE', #1371, #3603, #3801, .T. ) ;
#1616 = CYLINDRICAL_SURFACE ( 'NONE', #967, 0.1000000000000130507 ) ;
#1617 = ORIENTED_EDGE ( 'NONE', *, *, #955, .F. ) ;
#1618 = DIRECTION ( 'NONE',  ( 0.000000000000000000, 1.000000000000000000, 0.000000000000000000 ) ) ;
#1619 = DIRECTION ( 'NONE',  ( 0.000000000000000000, -1.000000000000000000, -2.220446049250310123E-16 ) ) ;
#1620 = EDGE_CURVE ( 'NONE', #2432, #790, #1878, .T. ) ;
#1621 = CARTESIAN_POINT ( 'NONE',  ( 0.1849999999997750388, 0.2000000000000169975, -0.6999999999999999556 ) ) ;
#1622 = ORIENTED_EDGE ( 'NONE', *, *, #2523, .T. ) ;
#1623 = LINE ( 'NONE', #1084, #1281 ) ;
#1624 = DIRECTION ( 'NONE',  ( -4.336808689942730866E-15, -1.000000000000000000, 0.000000000000000000 ) ) ;
#1625 = PLANE ( 'NONE',  #3678 ) ;
#1626 = ORIENTED_EDGE ( 'NONE', *, *, #1615, .F. ) ;
#1627 = DIRECTION ( 'NONE',  ( 0.000000000000000000, 2.220446049250310123E-16, -1.000000000000000000 ) ) ;
#1628 = VERTEX_POINT ( 'NONE', #2706 ) ;
#1629 = EDGE_CURVE ( 'NONE', #796, #1825, #39, .T. ) ;
#1630 = CARTESIAN_POINT ( 'NONE',  ( 0.8000000000000000444, 1.120000000000000107, 0.000000000000000000 ) ) ;
#1631 = DIRECTION ( 'NONE',  ( 0.000000000000000000, -1.000000000000000000, -0.000000000000000000 ) ) ;
#1632 = AXIS2_PLACEMENT_3D ( 'NONE', #154, #1995, #2793 ) ;
#1633 = ADVANCED_FACE ( 'NONE', ( #1803 ), #1224, .T. ) ;
#1634 = CARTESIAN_POINT ( 'NONE',  ( -3.252606517456509851E-16, 1.250000000000000000, -0.6979999999999999538 ) ) ;
#1635 = VECTOR ( 'NONE', #380, 1000.000000000000000 ) ;
#1636 = ORIENTED_EDGE ( 'NONE', *, *, #2709, .F. ) ;
#1637 = LINE ( 'NONE', #437, #2694 ) ;
#1638 = AXIS2_PLACEMENT_3D ( 'NONE', #3529, #5, #895 ) ;
#1639 = LINE ( 'NONE', #146, #3547 ) ;
#1640 = DIRECTION ( 'NONE',  ( -0.000000000000000000, 2.220446049250310123E-16, -1.000000000000000000 ) ) ;
#1641 = VECTOR ( 'NONE', #1962, 1000.000000000000000 ) ;
#1642 = AXIS2_PLACEMENT_3D ( 'NONE', #3725, #1093, #3768 ) ;
#1643 = CARTESIAN_POINT ( 'NONE',  ( 0.5350000000000250111, -0.1649999999999980094, -0.6999999999999999556 ) ) ;
#1644 = DIRECTION ( 'NONE',  ( 0.000000000000000000, 1.000000000000000000, 0.000000000000000000 ) ) ;
#1645 = EDGE_LOOP ( 'NONE', ( #1682, #1214, #3024, #3088 ) ) ;
#1646 = VECTOR ( 'NONE', #2517, 1000.000000000000000 ) ;
#1647 = CIRCLE ( 'NONE', #3300, 0.1000000000000120237 ) ;
#1648 = DIRECTION ( 'NONE',  ( 0.000000000000000000, -0.000000000000000000, 1.000000000000000000 ) ) ;
#1649 = CARTESIAN_POINT ( 'NONE',  ( 0.9749999999999350297, 0.8500000000000069722, -0.6999999999999999556 ) ) ;
#1650 = VERTEX_POINT ( 'NONE', #1841 ) ;
#1651 = AXIS2_PLACEMENT_3D ( 'NONE', #1416, #1681, #1375 ) ;
#1652 = CARTESIAN_POINT ( 'NONE',  ( 0.3749999999999475420, 1.400000000000149791, -0.6979999999999999538 ) ) ;
#1653 = DIRECTION ( 'NONE',  ( -0.000000000000000000, -0.000000000000000000, -1.000000000000000000 ) ) ;
#1654 = AXIS2_PLACEMENT_3D ( 'NONE', #3133, #1354, #1043 ) ;
#1655 = DIRECTION ( 'NONE',  ( 0.000000000000000000, -2.220446049250310123E-16, 1.000000000000000000 ) ) ;
#1656 = VERTEX_POINT ( 'NONE', #2394 ) ;
#1657 = DIRECTION ( 'NONE',  ( 0.000000000000000000, -2.220446049250310123E-16, 1.000000000000000000 ) ) ;
#1658 = ADVANCED_FACE ( 'NONE', ( #617 ), #3595, .T. ) ;
#1659 = CARTESIAN_POINT ( 'NONE',  ( 0.3750000000000000000, 1.300000000000010036, -0.6999999999999999556 ) ) ;
#1660 = ORIENTED_EDGE ( 'NONE', *, *, #319, .F. ) ;
#1661 = CARTESIAN_POINT ( 'NONE',  ( -0.9750000000001369793, 1.050000000000005151, -0.5999999999999998668 ) ) ;
#1662 = CARTESIAN_POINT ( 'NONE',  ( 0.8750000027560239646, 1.299999999642400095, -0.6979999999999999538 ) ) ;
#1663 = LINE ( 'NONE', #1133, #853 ) ;
#1664 = EDGE_CURVE ( 'NONE', #2786, #552, #957, .T. ) ;
#1665 = VERTEX_POINT ( 'NONE', #2373 ) ;
#1666 = DIRECTION ( 'NONE',  ( 3.519320251887667492E-12, 1.000000000000000000, 0.000000000000000000 ) ) ;
#1667 = CARTESIAN_POINT ( 'NONE',  ( -0.9750000000000229594, -0.8500000000000009770, -0.6000000000000006439 ) ) ;
#1668 = ORIENTED_EDGE ( 'NONE', *, *, #3187, .F. ) ;
#1669 = EDGE_CURVE ( 'NONE', #2478, #2436, #3279, .T. ) ;
#1670 = CARTESIAN_POINT ( 'NONE',  ( -0.9250000000000540012, -0.6499999999999760414, -0.7000000000000001776 ) ) ;
#1671 = LINE ( 'NONE', #3772, #2936 ) ;
#1672 = DATE_AND_TIME ( #2903, #1212 ) ;
#1673 = PLANE ( 'NONE',  #907 ) ;
#1674 = PLANE ( 'NONE',  #3059 ) ;
#1675 = EDGE_CURVE ( 'NONE', #63, #3241, #3543, .T. ) ;
#1676 = ADVANCED_FACE ( 'NONE', ( #2963 ), #2691, .T. ) ;
#1677 = EDGE_LOOP ( 'NONE', ( #473, #3035, #3586, #409 ) ) ;
#1678 = DIRECTION ( 'NONE',  ( 0.000000000000000000, -1.000000000000000000, -2.220446049250310123E-16 ) ) ;
#1679 = ADVANCED_FACE ( 'NONE', ( #3085 ), #3379, .F. ) ;
#1680 = LINE ( 'NONE', #3690, #2676 ) ;
#1681 = DIRECTION ( 'NONE',  ( -0.000000000000000000, 2.220446049250310123E-16, -1.000000000000000000 ) ) ;
#1682 = ORIENTED_EDGE ( 'NONE', *, *, #540, .T. ) ;
#1683 = ORIENTED_EDGE ( 'NONE', *, *, #2929, .T. ) ;
#1684 = FACE_OUTER_BOUND ( 'NONE', #1929, .T. ) ;
#1685 = EDGE_CURVE ( 'NONE', #3434, #2647, #2684, .T. ) ;
#1686 = PLANE ( 'NONE',  #1938 ) ;
#1687 = CARTESIAN_POINT ( 'NONE',  ( 1.068649169971229940, -1.349999999375729898, -0.7000000000000009548 ) ) ;
#1688 = ORIENTED_EDGE ( 'NONE', *, *, #3145, .F. ) ;
#1689 = DIRECTION ( 'NONE',  ( 6.419766481290790191E-32, 1.856086604230693339E-47, -1.000000000000000000 ) ) ;
#1690 = LINE ( 'NONE', #1098, #3735 ) ;
#1691 = PERSON_AND_ORGANIZATION ( #1319, #77 ) ;
#1692 = EDGE_CURVE ( 'NONE', #1724, #1605, #3614, .T. ) ;
#1693 = PLANE ( 'NONE',  #2314 ) ;
#1694 = DIRECTION ( 'NONE',  ( -1.000000000000000000, -0.000000000000000000, -0.000000000000000000 ) ) ;
#1695 = ORIENTED_EDGE ( 'NONE', *, *, #1101, .T. ) ;
#1696 = CARTESIAN_POINT ( 'NONE',  ( -1.125000233991370724, -0.6500000000000051292, -0.6979999999999999538 ) ) ;
#1697 = AXIS2_PLACEMENT_3D ( 'NONE', #716, #1250, #3009 ) ;
#1698 = DIRECTION ( 'NONE',  ( -0.000000000000000000, -1.000000000000000000, -0.000000000000000000 ) ) ;
#1699 = DIRECTION ( 'NONE',  ( -0.000000000000000000, 2.220446049250310123E-16, -1.000000000000000000 ) ) ;
#1700 = AXIS2_PLACEMENT_3D ( 'NONE', #3421, #2554, #1104 ) ;
#1701 = PLANE ( 'NONE',  #2795 ) ;
#1702 = CARTESIAN_POINT ( 'NONE',  ( -0.07499999999994631794, 0.4000000000000200062, -0.6979999999999999538 ) ) ;
#1703 = ORIENTED_EDGE ( 'NONE', *, *, #722, .T. ) ;
#1704 = LINE ( 'NONE', #2934, #1834 ) ;
#1705 = AXIS2_PLACEMENT_3D ( 'NONE', #1191, #54, #2098 ) ;
#1706 = FACE_OUTER_BOUND ( 'NONE', #1137, .T. ) ;
#1707 = DIRECTION ( 'NONE',  ( -0.000000000000000000, -0.000000000000000000, 1.000000000000000000 ) ) ;
#1708 = VECTOR ( 'NONE', #3338, 1000.000000000000114 ) ;
#1709 = ORIENTED_EDGE ( 'NONE', *, *, #216, .F. ) ;
#1710 = DIRECTION ( 'NONE',  ( -4.557661077084456430E-29, -2.220446049250310123E-16, 1.000000000000000000 ) ) ;
#1711 = DIRECTION ( 'NONE',  ( -1.000000000000000000, 0.000000000000000000, -0.000000000000000000 ) ) ;
#1712 = VECTOR ( 'NONE', #2453, 1000.000000000000000 ) ;
#1713 = CARTESIAN_POINT ( 'NONE',  ( 1.068649169971229940, -1.349999999375729898, -0.5000000000000009992 ) ) ;
#1714 = CIRCLE ( 'NONE', #1831, 0.09999999999999999167 ) ;
#1715 = ORIENTED_EDGE ( 'NONE', *, *, #1675, .T. ) ;
#1716 = LINE ( 'NONE', #200, #3045 ) ;
#1717 = ORIENTED_EDGE ( 'NONE', *, *, #618, .T. ) ;
#1718 = DIRECTION ( 'NONE',  ( 0.000000000000000000, 1.000000000000000000, 0.000000000000000000 ) ) ;
#1719 = PERSON_AND_ORGANIZATION ( #1319, #77 ) ;
#1720 = CARTESIAN_POINT ( 'NONE',  ( 1.125000311988479940, 1.649999999999999911, -0.6999999999999999556 ) ) ;
#1721 = DIRECTION ( 'NONE',  ( -1.000000000000000000, -0.000000000000000000, -0.000000000000000000 ) ) ;
#1722 = ORIENTED_EDGE ( 'NONE', *, *, #3187, .T. ) ;
#1723 = CARTESIAN_POINT ( 'NONE',  ( 1.068649170051880315, 0.6500000006241597461, -0.5000000000000000000 ) ) ;
#1724 = VERTEX_POINT ( 'NONE', #3051 ) ;
#1725 = LINE ( 'NONE', #2898, #461 ) ;
#1726 = DIRECTION ( 'NONE',  ( 0.000000000000000000, 2.220446049250310123E-16, -1.000000000000000000 ) ) ;
#1727 = VERTEX_POINT ( 'NONE', #997 ) ;
#1728 = CARTESIAN_POINT ( 'NONE',  ( -1.125000077997120096, -1.300000000000000266, 3.049318610115481221E-17 ) ) ;
#1729 = FACE_BOUND ( 'NONE', #85, .T. ) ;
#1730 = EDGE_CURVE ( 'NONE', #377, #2969, #3397, .T. ) ;
#1731 = CARTESIAN_POINT ( 'NONE',  ( -5000.000000000000000, -0.6500000006246509088, -0.6979999999999999538 ) ) ;
#1732 = VERTEX_POINT ( 'NONE', #449 ) ;
#1733 = DIRECTION ( 'NONE',  ( 0.000000000000000000, 0.000000000000000000, 1.000000000000000000 ) ) ;
#1734 = EDGE_CURVE ( 'NONE', #3327, #2483, #1521, .T. ) ;
#1735 = ORIENTED_EDGE ( 'NONE', *, *, #2354, .T. ) ;
#1736 = EDGE_CURVE ( 'NONE', #3011, #2042, #1573, .T. ) ;
#1737 = DIRECTION ( 'NONE',  ( -0.000000000000000000, 1.000000000000000000, 2.220446049250310123E-16 ) ) ;
#1738 = CARTESIAN_POINT ( 'NONE',  ( -5000.000000000000000, 0.4999999999997228883, -0.6979999999999999538 ) ) ;
#1739 = FACE_OUTER_BOUND ( 'NONE', #481, .T. ) ;
#1740 = ADVANCED_FACE ( 'NONE', ( #2738 ), #3676, .T. ) ;
#1741 = ORIENTED_EDGE ( 'NONE', *, *, #2017, .F. ) ;
#1742 = LINE ( 'NONE', #2053, #1 ) ;
#1743 = VERTEX_POINT ( 'NONE', #2798 ) ;
#1744 = FACE_OUTER_BOUND ( 'NONE', #1295, .T. ) ;
#1745 = CARTESIAN_POINT ( 'NONE',  ( 0.4249999999999999889, 0.9472951042946328171, -0.009999999987376226654 ) ) ;
#1746 = ORIENTED_EDGE ( 'NONE', *, *, #1413, .F. ) ;
#1747 = CARTESIAN_POINT ( 'NONE',  ( 0.08499999999968385622, -0.3000000000000555000, -0.6979999999999999538 ) ) ;
#1748 = DIRECTION ( 'NONE',  ( -0.000000000000000000, -0.000000000000000000, 1.000000000000000000 ) ) ;
#1749 = CARTESIAN_POINT ( 'NONE',  ( -0.9222951042912503894, 0.4500000000000000666, -0.009999999999999918676 ) ) ;
#1750 = EDGE_CURVE ( 'NONE', #1197, #1913, #2185, .T. ) ;
#1751 = VERTEX_POINT ( 'NONE', #1614 ) ;
#1752 = DIRECTION ( 'NONE',  ( -1.000000000000000000, -0.000000000000000000, 0.000000000000000000 ) ) ;
#1753 = EDGE_CURVE ( 'NONE', #270, #1546, #2438, .T. ) ;
#1754 = CARTESIAN_POINT ( 'NONE',  ( -1.125000311988479940, 1.650000000312159987, -0.6000000000000009770 ) ) ;
#1755 = LINE ( 'NONE', #917, #102 ) ;
#1756 = VECTOR ( 'NONE', #869, 1000.000000000000000 ) ;
#1757 = EDGE_LOOP ( 'NONE', ( #2311, #1189, #418, #3797, #801 ) ) ;
#1758 = CARTESIAN_POINT ( 'NONE',  ( 1.125000311988479940, 1.650000000312159987, -0.6979999999999999538 ) ) ;
#1759 = EDGE_LOOP ( 'NONE', ( #426, #3482, #297, #3663 ) ) ;
#1760 = AXIS2_PLACEMENT_3D ( 'NONE', #1113, #1927, #3389 ) ;
#1761 = CARTESIAN_POINT ( 'NONE',  ( -0.4249999999999999889, -0.9472951042912501896, -0.01000000000000002623 ) ) ;
#1762 = CARTESIAN_POINT ( 'NONE',  ( -0.9250000000000540012, 1.150000000000009903, -0.6999999999999998446 ) ) ;
#1763 = ORIENTED_EDGE ( 'NONE', *, *, #3321, .T. ) ;
#1764 = VECTOR ( 'NONE', #2865, 1000.000000000000000 ) ;
#1765 = VECTOR ( 'NONE', #3413, 1000.000000000000000 ) ;
#1766 = LINE ( 'NONE', #2413, #2132 ) ;
#1767 = DIRECTION ( 'NONE',  ( 0.000000000000000000, -2.220446049250310123E-16, 1.000000000000000000 ) ) ;
#1768 = VECTOR ( 'NONE', #1240, 1000.000000000000000 ) ;
#1769 = VERTEX_POINT ( 'NONE', #2779 ) ;
#1770 = CIRCLE ( 'NONE', #536, 0.1000000000000079992 ) ;
#1771 = ORIENTED_EDGE ( 'NONE', *, *, #2929, .F. ) ;
#1772 = CARTESIAN_POINT ( 'NONE',  ( -0.9249999999999689582, -0.5499999999999960476, -0.7000000000000009548 ) ) ;
#1773 = VECTOR ( 'NONE', #1379, 1000.000000000000000 ) ;
#1774 = VECTOR ( 'NONE', #2966, 1000.000000000000000 ) ;
#1775 = EDGE_CURVE ( 'NONE', #3050, #3011, #725, .T. ) ;
#1776 = LINE ( 'NONE', #1738, #2679 ) ;
#1777 = CARTESIAN_POINT ( 'NONE',  ( -1.125000311988479940, -0.2649999999999990141, -1.307058521919900240 ) ) ;
#1778 = AXIS2_PLACEMENT_3D ( 'NONE', #568, #2585, #1977 ) ;
#1779 = ORIENTED_EDGE ( 'NONE', *, *, #2829, .T. ) ;
#1780 = DIRECTION ( 'NONE',  ( 0.000000000000000000, 1.000000000000000000, 0.000000000000000000 ) ) ;
#1781 = ORIENTED_EDGE ( 'NONE', *, *, #1571, .T. ) ;
#1782 = EDGE_CURVE ( 'NONE', #2635, #1925, #2516, .T. ) ;
#1783 = CARTESIAN_POINT ( 'NONE',  ( -1.075000000000100098, 0.1499999999999780398, -0.6999999999999999556 ) ) ;
#1784 = DIRECTION ( 'NONE',  ( 0.000000000000000000, 0.000000000000000000, -1.000000000000000000 ) ) ;
#1785 = ORIENTED_EDGE ( 'NONE', *, *, #2455, .T. ) ;
#1786 = FACE_OUTER_BOUND ( 'NONE', #2471, .T. ) ;
#1787 = ORIENTED_EDGE ( 'NONE', *, *, #2062, .F. ) ;
#1788 = EDGE_CURVE ( 'NONE', #2589, #3002, #1918, .T. ) ;
#1789 = VERTEX_POINT ( 'NONE', #1038 ) ;
#1790 = DIRECTION ( 'NONE',  ( 0.000000000000000000, 2.220446049250310123E-16, -1.000000000000000000 ) ) ;
#1791 = ORIENTED_EDGE ( 'NONE', *, *, #1242, .T. ) ;
#1792 = CARTESIAN_POINT ( 'NONE',  ( 1.068649170051870323, 0.5500000006241260175, -0.6979999999999999538 ) ) ;
#1793 = CARTESIAN_POINT ( 'NONE',  ( -1.075000000000160050, 0.8500000000000240696, -0.5999999999999999778 ) ) ;
#1794 = EDGE_LOOP ( 'NONE', ( #2222, #972, #81, #1511 ) ) ;
#1795 = ADVANCED_FACE ( 'NONE', ( #2165 ), #2150, .F. ) ;
#1796 = DIRECTION ( 'NONE',  ( -0.7071067811865474617, 0.7071067811865474617, 0.000000000000000000 ) ) ;
#1797 = CARTESIAN_POINT ( 'NONE',  ( -0.9250000000000540012, 0.2650000000000000688, -0.7000000000000000666 ) ) ;
#1798 = DIRECTION ( 'NONE',  ( 0.000000000000000000, 2.220446049250310123E-16, -1.000000000000000000 ) ) ;
#1799 = ORIENTED_EDGE ( 'NONE', *, *, #1804, .F. ) ;
#1800 = EDGE_CURVE ( 'NONE', #1134, #1288, #2493, .T. ) ;
#1801 = DIRECTION ( 'NONE',  ( -0.000000000000000000, -2.220446049250310123E-16, 1.000000000000000000 ) ) ;
#1802 = ORIENTED_EDGE ( 'NONE', *, *, #193, .F. ) ;
#1803 = FACE_OUTER_BOUND ( 'NONE', #3515, .T. ) ;
#1804 = EDGE_CURVE ( 'NONE', #3542, #2231, #759, .T. ) ;
#1805 = CARTESIAN_POINT ( 'NONE',  ( 0.6350000000000249889, -0.1649999999999990363, -1.307058521919900240 ) ) ;
#1806 = CARTESIAN_POINT ( 'NONE',  ( 1.125000311988479940, 1.650000000312159987, -0.6999999999999999556 ) ) ;
#1807 = ORIENTED_EDGE ( 'NONE', *, *, #2407, .F. ) ;
#1808 = AXIS2_PLACEMENT_3D ( 'NONE', #439, #458, #1063 ) ;
#1809 = DIRECTION ( 'NONE',  ( -0.000000000000000000, 0.000000000000000000, 1.000000000000000000 ) ) ;
#1810 = VECTOR ( 'NONE', #1402, 1000.000000000000000 ) ;
#1811 = LINE ( 'NONE', #1305, #390 ) ;
#1812 = LINE ( 'NONE', #1762, #2744 ) ;
#1813 = VERTEX_POINT ( 'NONE', #3336 ) ;
#1814 = VECTOR ( 'NONE', #345, 1000.000000000000000 ) ;
#1815 = EDGE_CURVE ( 'NONE', #2123, #1197, #700, .T. ) ;
#1816 = VECTOR ( 'NONE', #375, 1000.000000000000000 ) ;
#1817 = VECTOR ( 'NONE', #2841, 1000.000000000000000 ) ;
#1818 = ORIENTED_EDGE ( 'NONE', *, *, #820, .T. ) ;
#1819 = ORIENTED_EDGE ( 'NONE', *, *, #2368, .F. ) ;
#1820 = CARTESIAN_POINT ( 'NONE',  ( -0.1749999999999546918, -0.4000000000000050182, -0.6999999999999999556 ) ) ;
#1821 = AXIS2_PLACEMENT_3D ( 'NONE', #1772, #1255, #2948 ) ;
#1822 = AXIS2_PLACEMENT_3D ( 'NONE', #1914, #1957, #1666 ) ;
#1823 = EDGE_CURVE ( 'NONE', #3264, #210, #3189, .T. ) ;
#1824 = AXIS2_PLACEMENT_3D ( 'NONE', #300, #1188, #2974 ) ;
#1825 = VERTEX_POINT ( 'NONE', #2902 ) ;
#1826 = ORIENTED_EDGE ( 'NONE', *, *, #3040, .F. ) ;
#1827 = VECTOR ( 'NONE', #2240, 1000.000000000000000 ) ;
#1828 = CARTESIAN_POINT ( 'NONE',  ( -0.9750000000000800249, 0.5500000000000260236, -0.6999999999999999556 ) ) ;
#1829 = CARTESIAN_POINT ( 'NONE',  ( 0.9718245862757561859, 0.5750000001558324136, -0.6999999999999999556 ) ) ;
#1830 = VERTEX_POINT ( 'NONE', #1423 ) ;
#1831 = AXIS2_PLACEMENT_3D ( 'NONE', #1062, #183, #501 ) ;
#1832 = DIRECTION ( 'NONE',  ( 0.000000000000000000, 1.000000000000000000, 2.220446049250310123E-16 ) ) ;
#1833 = CARTESIAN_POINT ( 'NONE',  ( -0.9250000000000540012, -1.250000000000029754, -0.7000000000000003997 ) ) ;
#1834 = VECTOR ( 'NONE', #2323, 1000.000000000000000 ) ;
#1835 = DIRECTION ( 'NONE',  ( -0.000000000000000000, 2.220446049250310123E-16, -1.000000000000000000 ) ) ;
#1836 = CARTESIAN_POINT ( 'NONE',  ( -0.9750000000001369793, 0.5500000000000260236, -0.6999999999999999556 ) ) ;
#1837 = ORIENTED_EDGE ( 'NONE', *, *, #301, .T. ) ;
#1838 = ORIENTED_EDGE ( 'NONE', *, *, #1555, .T. ) ;
#1839 = EDGE_CURVE ( 'NONE', #3579, #3007, #2307, .T. ) ;
#1840 = VERTEX_POINT ( 'NONE', #1123 ) ;
#1841 = CARTESIAN_POINT ( 'NONE',  ( 0.9749999999999334754, 1.049999999999990274, -0.5999999999999999778 ) ) ;
#1842 = EDGE_CURVE ( 'NONE', #2483, #2776, #2025, .T. ) ;
#1843 = ADVANCED_FACE ( 'NONE', ( #3414, #2861, #1729 ), #1165, .F. ) ;
#1844 = ORIENTED_EDGE ( 'NONE', *, *, #947, .T. ) ;
#1845 = DIRECTION ( 'NONE',  ( -0.000000000000000000, 2.220446049250310123E-16, -1.000000000000000000 ) ) ;
#1846 = DIRECTION ( 'NONE',  ( 0.000000000000000000, 2.220446049250310123E-16, -1.000000000000000000 ) ) ;
#1847 = ORIENTED_EDGE ( 'NONE', *, *, #2476, .T. ) ;
#1848 = LINE ( 'NONE', #3021, #464 ) ;
#1849 = ORIENTED_EDGE ( 'NONE', *, *, #809, .T. ) ;
#1850 = LINE ( 'NONE', #2104, #1635 ) ;
#1851 = DIRECTION ( 'NONE',  ( 0.000000000000000000, -1.000000000000000000, 0.000000000000000000 ) ) ;
#1852 = ORIENTED_EDGE ( 'NONE', *, *, #1192, .T. ) ;
#1853 = ORIENTED_EDGE ( 'NONE', *, *, #3528, .T. ) ;
#1854 = EDGE_LOOP ( 'NONE', ( #3315, #2090, #2941, #123 ) ) ;
#1855 = DIRECTION ( 'NONE',  ( 0.000000000000000000, -1.000000000000000000, -0.000000000000000000 ) ) ;
#1856 = EDGE_CURVE ( 'NONE', #1352, #918, #2625, .T. ) ;
#1857 = DIRECTION ( 'NONE',  ( -1.000000000000000000, 1.610814656264169902E-14, 3.576727039576279942E-30 ) ) ;
#1858 = ORIENTED_EDGE ( 'NONE', *, *, #352, .T. ) ;
#1859 = ADVANCED_FACE ( 'NONE', ( #2288 ), #3461, .T. ) ;
#1860 = CARTESIAN_POINT ( 'NONE',  ( -0.8249999999999890754, 0.3650000000000001021, -1.307058521919900240 ) ) ;
#1861 = FACE_OUTER_BOUND ( 'NONE', #169, .T. ) ;
#1862 = ORIENTED_EDGE ( 'NONE', *, *, #3649, .T. ) ;
#1863 = DIRECTION ( 'NONE',  ( -0.000000000000000000, 1.000000000000000000, 0.000000000000000000 ) ) ;
#1864 = EDGE_LOOP ( 'NONE', ( #1324, #1266, #1376, #2826 ) ) ;
#1865 = DIRECTION ( 'NONE',  ( 2.052588072843859919E-13, 1.000000000000000000, 2.220446049250310123E-16 ) ) ;
#1866 = DIRECTION ( 'NONE',  ( -0.000000000000000000, 1.000000000000000000, 0.000000000000000000 ) ) ;
#1867 = PLANE ( 'NONE',  #958 ) ;
#1868 = DIRECTION ( 'NONE',  ( 0.000000000000000000, 1.000000000000000000, 0.000000000000000000 ) ) ;
#1869 = ORIENTED_EDGE ( 'NONE', *, *, #940, .F. ) ;
#1870 = ADVANCED_FACE ( 'NONE', ( #3129 ), #3731, .F. ) ;
#1871 = ORIENTED_EDGE ( 'NONE', *, *, #1753, .T. ) ;
#1872 = VECTOR ( 'NONE', #2234, 1000.000000000000000 ) ;
#1873 = DIRECTION ( 'NONE',  ( 1.000000000000000000, 0.000000000000000000, 0.000000000000000000 ) ) ;
#1874 = CARTESIAN_POINT ( 'NONE',  ( -0.2749999999999769851, -1.150000000000009903, -0.7000000000000009548 ) ) ;
#1875 = CIRCLE ( 'NONE', #2800, 0.1000000000000079992 ) ;
#1876 = VECTOR ( 'NONE', #1317, 1000.000000000000000 ) ;
#1877 = ORIENTED_EDGE ( 'NONE', *, *, #3578, .T. ) ;
#1878 = CIRCLE ( 'NONE', #599, 0.1000000000000079575 ) ;
#1879 = FACE_OUTER_BOUND ( 'NONE', #1089, .T. ) ;
#1880 = ORIENTED_EDGE ( 'NONE', *, *, #425, .T. ) ;
#1881 = CIRCLE ( 'NONE', #1226, 0.1000000000000089428 ) ;
#1882 = CARTESIAN_POINT ( 'NONE',  ( 0.3749999999999890088, 0.5999999999999949818, -0.6999999999999999556 ) ) ;
#1883 = DIRECTION ( 'NONE',  ( -0.000000000000000000, -2.220446049250310123E-16, 1.000000000000000000 ) ) ;
#1884 = ORIENTED_EDGE ( 'NONE', *, *, #3441, .F. ) ;
#1885 = CARTESIAN_POINT ( 'NONE',  ( -0.9250000000000540012, -0.3000000000000109801, -0.7000000000000001776 ) ) ;
#1886 = VERTEX_POINT ( 'NONE', #3478 ) ;
#1887 = VECTOR ( 'NONE', #678, 1000.000000000000000 ) ;
#1888 = DIRECTION ( 'NONE',  ( 0.000000000000000000, 2.220446049250310123E-16, -1.000000000000000000 ) ) ;
#1889 = CARTESIAN_POINT ( 'NONE',  ( -3.252606517456509851E-16, -0.6500000006242440120, -0.7000000000000009548 ) ) ;
#1890 = EDGE_CURVE ( 'NONE', #1457, #1947, #1671, .T. ) ;
#1891 = CARTESIAN_POINT ( 'NONE',  ( 1.125000311988479940, 0.7499999999999849010, -0.6999999999999999556 ) ) ;
#1892 = LINE ( 'NONE', #2202, #1228 ) ;
#1893 = AXIS2_PLACEMENT_3D ( 'NONE', #232, #1066, #2582 ) ;
#1894 = ORIENTED_EDGE ( 'NONE', *, *, #503, .F. ) ;
#1895 = DATE_AND_TIME ( #349, #1446 ) ;
#1896 = VECTOR ( 'NONE', #2913, 1000.000000000000000 ) ;
#1897 = EDGE_CURVE ( 'NONE', #634, #1491, #2611, .T. ) ;
#1898 = ORIENTED_EDGE ( 'NONE', *, *, #2695, .F. ) ;
#1899 = CARTESIAN_POINT ( 'NONE',  ( 1.125000311988479940, 1.650000000312159987, -0.5999999999999999778 ) ) ;
#1900 = CARTESIAN_POINT ( 'NONE',  ( 0.4249999999999999889, 0.4500000000000000666, -0.009999999974752427079 ) ) ;
#1901 = ADVANCED_FACE ( 'NONE', ( #844 ), #401, .F. ) ;
#1902 = DIRECTION ( 'NONE',  ( 0.000000000000000000, 1.000000000000000000, 0.000000000000000000 ) ) ;
#1903 = ORIENTED_EDGE ( 'NONE', *, *, #1329, .F. ) ;
#1904 = CARTESIAN_POINT ( 'NONE',  ( -0.1749999999997735867, -1.150000000000009903, -0.6979999999999999538 ) ) ;
#1905 = CARTESIAN_POINT ( 'NONE',  ( 0.3749999999998950284, 1.400000000000009903, -0.5000000000000000000 ) ) ;
#1906 = CARTESIAN_POINT ( 'NONE',  ( -0.9750000000000822453, -0.05000000000001060541, -0.6999999999999999556 ) ) ;
#1907 = ORIENTED_EDGE ( 'NONE', *, *, #1544, .T. ) ;
#1908 = CARTESIAN_POINT ( 'NONE',  ( 1.075000000000029932, -0.04999999999999660272, -0.6999999999999999556 ) ) ;
#1909 = DIRECTION ( 'NONE',  ( 0.000000000000000000, -1.000000000000000000, -2.220446049250310123E-16 ) ) ;
#1910 = LINE ( 'NONE', #1974, #394 ) ;
#1911 = CARTESIAN_POINT ( 'NONE',  ( -3.252606517456509851E-16, 6.083862687778889869E-16, -0.5999999999999999778 ) ) ;
#1912 = EDGE_CURVE ( 'NONE', #434, #1727, #532, .T. ) ;
#1913 = VERTEX_POINT ( 'NONE', #240 ) ;
#1914 = CARTESIAN_POINT ( 'NONE',  ( -0.9250000000000540012, 0.5500000000000260236, -0.6979999999999999538 ) ) ;
#1915 = ADVANCED_FACE ( 'NONE', ( #2591 ), #3508, .F. ) ;
#1916 = VERTEX_POINT ( 'NONE', #1366 ) ;
#1917 = DIRECTION ( 'NONE',  ( -0.000000000000000000, -2.220446049250310123E-16, 1.000000000000000000 ) ) ;
#1918 = LINE ( 'NONE', #2458, #714 ) ;
#1919 = LINE ( 'NONE', #1634, #2807 ) ;
#1920 = EDGE_CURVE ( 'NONE', #456, #2514, #496, .T. ) ;
#1921 = ORIENTED_EDGE ( 'NONE', *, *, #3355, .F. ) ;
#1922 = DIRECTION ( 'NONE',  ( 0.000000000000000000, 0.2588190451025210170, -0.9659258262890680902 ) ) ;
#1923 = DIRECTION ( 'NONE',  ( 0.000000000000000000, 2.220446049250310123E-16, -1.000000000000000000 ) ) ;
#1924 = DIRECTION ( 'NONE',  ( 1.000000000000000000, 0.000000000000000000, 0.000000000000000000 ) ) ;
#1925 = VERTEX_POINT ( 'NONE', #3712 ) ;
#1926 = CARTESIAN_POINT ( 'NONE',  ( -0.8250000000000176081, 0.3650000000000004352, -0.6999999999999999556 ) ) ;
#1927 = DIRECTION ( 'NONE',  ( 0.000000000000000000, -2.220446049250310123E-16, 1.000000000000000000 ) ) ;
#1928 = CARTESIAN_POINT ( 'NONE',  ( -0.9750000000001369793, 0.8500000000000240696, -0.6999999999999998446 ) ) ;
#1929 = EDGE_LOOP ( 'NONE', ( #3760, #826, #607, #3810 ) ) ;
#1930 = ORIENTED_EDGE ( 'NONE', *, *, #1897, .T. ) ;
#1931 = LOCAL_TIME ( 15, 26, 20.00000000000000000, #3130 ) ;
#1932 = DIRECTION ( 'NONE',  ( 0.000000000000000000, 2.220446049250310123E-16, -1.000000000000000000 ) ) ;
#1933 = DIRECTION ( 'NONE',  ( 0.000000000000000000, 1.000000000000000000, 0.000000000000000000 ) ) ;
#1934 = EDGE_LOOP ( 'NONE', ( #1033, #1506, #3200, #18 ) ) ;
#1935 = DIRECTION ( 'NONE',  ( 0.000000000000000000, 1.000000000000000000, 0.000000000000000000 ) ) ;
#1936 = DIRECTION ( 'NONE',  ( 0.000000000000000000, -0.000000000000000000, 1.000000000000000000 ) ) ;
#1937 = EDGE_CURVE ( 'NONE', #217, #1724, #1690, .T. ) ;
#1938 = AXIS2_PLACEMENT_3D ( 'NONE', #214, #1398, #1362 ) ;
#1939 = LINE ( 'NONE', #743, #2079 ) ;
#1940 = AXIS2_PLACEMENT_3D ( 'NONE', #3042, #1835, #3633 ) ;
#1941 = ORIENTED_EDGE ( 'NONE', *, *, #1241, .F. ) ;
#1942 = ADVANCED_FACE ( 'NONE', ( #3440 ), #1983, .T. ) ;
#1943 = DIRECTION ( 'NONE',  ( -1.000000000000000000, -0.000000000000000000, -0.000000000000000000 ) ) ;
#1944 = CIRCLE ( 'NONE', #282, 0.4999745962185839776 ) ;
#1945 = VECTOR ( 'NONE', #178, 1000.000000000000000 ) ;
#1946 = DIRECTION ( 'NONE',  ( -0.000000000000000000, -2.220446049250310123E-16, 1.000000000000000000 ) ) ;
#1947 = VERTEX_POINT ( 'NONE', #1498 ) ;
#1948 = FACE_OUTER_BOUND ( 'NONE', #2331, .T. ) ;
#1949 = VECTOR ( 'NONE', #1653, 1000.000000000000000 ) ;
#1950 = AXIS2_PLACEMENT_3D ( 'NONE', #1027, #3387, #1618 ) ;
#1951 = CARTESIAN_POINT ( 'NONE',  ( 9.342808634206711831E-14, 0.6500000006243139561, -0.6999999999999999556 ) ) ;
#1952 = FACE_OUTER_BOUND ( 'NONE', #861, .T. ) ;
#1953 = ORIENTED_EDGE ( 'NONE', *, *, #947, .F. ) ;
#1954 = ORIENTED_EDGE ( 'NONE', *, *, #2094, .T. ) ;
#1955 = AXIS2_PLACEMENT_3D ( 'NONE', #3111, #1655, #1040 ) ;
#1956 = VECTOR ( 'NONE', #838, 1000.000000000000000 ) ;
#1957 = DIRECTION ( 'NONE',  ( -0.000000000000000000, -2.220446049250310123E-16, 1.000000000000000000 ) ) ;
#1958 = CARTESIAN_POINT ( 'NONE',  ( 0.1849999999997750388, -0.1999999999999990119, -0.7000000000000000666 ) ) ;
#1959 = ORIENTED_EDGE ( 'NONE', *, *, #1353, .F. ) ;
#1960 = AXIS2_PLACEMENT_3D ( 'NONE', #3178, #1992, #1644 ) ;
#1961 = CARTESIAN_POINT ( 'NONE',  ( 1.125000272989919781, 1.249999999598859546, -0.6999999999999998446 ) ) ;
#1962 = DIRECTION ( 'NONE',  ( 0.000000000000000000, -2.220446049250310123E-16, 1.000000000000000000 ) ) ;
#1963 = APPROVAL_DATE_TIME ( #1895, #3541 ) ;
#1964 = VECTOR ( 'NONE', #880, 1000.000000000000000 ) ;
#1965 = ADVANCED_FACE ( 'NONE', ( #1786 ), #887, .F. ) ;
#1966 = EDGE_CURVE ( 'NONE', #1886, #543, #30, .T. ) ;
#1967 = CARTESIAN_POINT ( 'NONE',  ( -0.9750000000001369793, 0.8500000000000240696, -0.6999999999999999556 ) ) ;
#1968 = ORIENTED_EDGE ( 'NONE', *, *, #2241, .T. ) ;
#1969 = PLANE ( 'NONE',  #2754 ) ;
#1970 = EDGE_CURVE ( 'NONE', #3066, #3454, #1395, .T. ) ;
#1971 = FACE_OUTER_BOUND ( 'NONE', #1275, .T. ) ;
#1972 = ORIENTED_EDGE ( 'NONE', *, *, #34, .F. ) ;
#1973 = DIRECTION ( 'NONE',  ( 1.000000000000000000, -0.000000000000000000, 0.000000000000000000 ) ) ;
#1974 = CARTESIAN_POINT ( 'NONE',  ( 0.8749999999999059641, 1.399999999999349098, -0.5000000000000000000 ) ) ;
#1975 = DIRECTION ( 'NONE',  ( 0.000000000000000000, 0.000000000000000000, -1.000000000000000000 ) ) ;
#1976 = ORIENTED_EDGE ( 'NONE', *, *, #357, .T. ) ;
#1977 = DIRECTION ( 'NONE',  ( 0.000000000000000000, 1.000000000000000000, 0.000000000000000000 ) ) ;
#1978 = EDGE_CURVE ( 'NONE', #938, #2292, #2176, .T. ) ;
#1979 = CARTESIAN_POINT ( 'NONE',  ( -1.125000311988479940, -1.149999999999979927, -0.6000000000000008660 ) ) ;
#1980 = LINE ( 'NONE', #1363, #2392 ) ;
#1981 = ORIENTED_EDGE ( 'NONE', *, *, #2379, .T. ) ;
#1982 = DIRECTION ( 'NONE',  ( 1.000000000000000000, 0.000000000000000000, 0.000000000000000000 ) ) ;
#1983 = PLANE ( 'NONE',  #2561 ) ;
#1984 = CARTESIAN_POINT ( 'NONE',  ( 1.125000311988479940, 1.650000000312159987, -0.6999999999999999556 ) ) ;
#1985 = EDGE_LOOP ( 'NONE', ( #2014, #2372, #3230, #1248 ) ) ;
#1986 = EDGE_CURVE ( 'NONE', #1517, #2382, #2665, .T. ) ;
#1987 = FACE_OUTER_BOUND ( 'NONE', #1536, .T. ) ;
#1988 = LINE ( 'NONE', #3214, #698 ) ;
#1989 = CARTESIAN_POINT ( 'NONE',  ( -0.9249999999999689582, -0.6500000000000050182, -0.5000000000000000000 ) ) ;
#1990 = EDGE_CURVE ( 'NONE', #2211, #2630, #1881, .T. ) ;
#1991 = CARTESIAN_POINT ( 'NONE',  ( 1.125000311988479940, 1.149999999999989919, -0.6999999999999999556 ) ) ;
#1992 = DIRECTION ( 'NONE',  ( 0.000000000000000000, 2.220446049250310123E-16, -1.000000000000000000 ) ) ;
#1993 = ORIENTED_EDGE ( 'NONE', *, *, #1049, .F. ) ;
#1994 = CARTESIAN_POINT ( 'NONE',  ( 1.074999999999940004, 1.049999999999980060, -0.6999999999999999556 ) ) ;
#1995 = DIRECTION ( 'NONE',  ( 0.000000000000000000, 2.220446049250310123E-16, -1.000000000000000000 ) ) ;
#1996 = CARTESIAN_POINT ( 'NONE',  ( -0.9750000000000811351, 0.04999999999997646605, -0.6999999999999999556 ) ) ;
#1997 = ORIENTED_EDGE ( 'NONE', *, *, #252, .F. ) ;
#1998 = CARTESIAN_POINT ( 'NONE',  ( 1.068649170051819919, -0.7499999999999981126, -0.7000000000000008438 ) ) ;
#1999 = CARTESIAN_POINT ( 'NONE',  ( 0.000000000000000000, 0.000000000000000000, 0.000000000000000000 ) ) ;
#2000 = APPROVAL_STATUS ( 'not_yet_approved' ) ;
#2001 = EDGE_CURVE ( 'NONE', #909, #3002, #330, .T. ) ;
#2002 = CARTESIAN_POINT ( 'NONE',  ( -0.1749999999997734756, 0.4000000000000200062, -0.6979999999999999538 ) ) ;
#2003 = CARTESIAN_POINT ( 'NONE',  ( 0.4249999999999999334, -0.9499745962267620580, 0.000000000000000000 ) ) ;
#2004 = EDGE_LOOP ( 'NONE', ( #1543, #3186, #680 ) ) ;
#2005 = CYLINDRICAL_SURFACE ( 'NONE', #2451, 0.09999999999999999167 ) ;
#2006 = AXIS2_PLACEMENT_3D ( 'NONE', #1374, #190, #2487 ) ;
#2007 = LINE ( 'NONE', #854, #951 ) ;
#2008 = ORIENTED_EDGE ( 'NONE', *, *, #2648, .T. ) ;
#2009 = VECTOR ( 'NONE', #2320, 1000.000000000000000 ) ;
#2010 = CARTESIAN_POINT ( 'NONE',  ( -1.075000000000100098, -0.1500000000000049905, -0.6999999999999999556 ) ) ;
#2011 = LINE ( 'NONE', #172, #1411 ) ;
#2012 = AXIS2_PLACEMENT_3D ( 'NONE', #3574, #45, #2448 ) ;
#2013 = CC_DESIGN_PERSON_AND_ORGANIZATION_ASSIGNMENT ( #1144, #2843, ( #3717 ) ) ;
#2014 = ORIENTED_EDGE ( 'NONE', *, *, #1206, .F. ) ;
#2015 = CARTESIAN_POINT ( 'NONE',  ( -0.2749999999999639955, 1.250000000000000000, -0.6979999999999999538 ) ) ;
#2016 = ORIENTED_EDGE ( 'NONE', *, *, #1593, .T. ) ;
#2017 = EDGE_CURVE ( 'NONE', #1309, #3067, #3052, .T. ) ;
#2018 = AXIS2_PLACEMENT_3D ( 'NONE', #2225, #3069, #2474 ) ;
#2019 = DIRECTION ( 'NONE',  ( 1.000000000000000000, 0.000000000000000000, 0.000000000000000000 ) ) ;
#2020 = LINE ( 'NONE', #3185, #3180 ) ;
#2021 = AXIS2_PLACEMENT_3D ( 'NONE', #1357, #3119, #442 ) ;
#2022 = EDGE_LOOP ( 'NONE', ( #2723, #3422, #1585, #3144, #162, #1595 ) ) ;
#2023 = ADVANCED_FACE ( 'NONE', ( #315 ), #927, .F. ) ;
#2024 = DIRECTION ( 'NONE',  ( -1.000000000000000000, -0.000000000000000000, 0.000000000000000000 ) ) ;
#2025 = LINE ( 'NONE', #2842, #1166 ) ;
#2026 = VECTOR ( 'NONE', #717, 1000.000000000000000 ) ;
#2027 = APPROVAL_STATUS ( 'not_yet_approved' ) ;
#2028 = DIRECTION ( 'NONE',  ( 0.000000000000000000, 2.220446049250310123E-16, -1.000000000000000000 ) ) ;
#2029 = ORIENTED_EDGE ( 'NONE', *, *, #809, .F. ) ;
#2030 = CARTESIAN_POINT ( 'NONE',  ( 1.068649170051829911, 1.400000000000019895, -0.6999999999999997335 ) ) ;
#2031 = ORIENTED_EDGE ( 'NONE', *, *, #669, .F. ) ;
#2032 = VECTOR ( 'NONE', #3786, 1000.000000000000000 ) ;
#2033 = EDGE_CURVE ( 'NONE', #1650, #1426, #3263, .T. ) ;
#2034 = DIRECTION ( 'NONE',  ( -0.2588190451025213501, -0.000000000000000000, 0.9659258262890680902 ) ) ;
#2035 = DIRECTION ( 'NONE',  ( 0.000000000000000000, 2.220446049250310123E-16, -1.000000000000000000 ) ) ;
#2036 = CARTESIAN_POINT ( 'NONE',  ( -0.9249999999999689582, -0.5499999999999960476, -0.6979999999999999538 ) ) ;
#2037 = ORIENTED_EDGE ( 'NONE', *, *, #1890, .T. ) ;
#2038 = CARTESIAN_POINT ( 'NONE',  ( 0.3750000000000000000, 1.300000000000010036, -0.6979999999999999538 ) ) ;
#2039 = ORIENTED_EDGE ( 'NONE', *, *, #1180, .T. ) ;
#2040 = PLANE ( 'NONE',  #3602 ) ;
#2041 = PLANE ( 'NONE',  #3117 ) ;
#2042 = VERTEX_POINT ( 'NONE', #2632 ) ;
#2043 = LINE ( 'NONE', #2332, #3283 ) ;
#2044 = CARTESIAN_POINT ( 'NONE',  ( -0.8249999999998536282, 5000.000000000000000, -0.6979999999999999538 ) ) ;
#2045 = EDGE_CURVE ( 'NONE', #1769, #3657, #3176, .T. ) ;
#2046 = CARTESIAN_POINT ( 'NONE',  ( -0.8000000000000000444, 1.520000000000000018, 0.002000000000000000042 ) ) ;
#2047 = LINE ( 'NONE', #3212, #2866 ) ;
#2048 = CARTESIAN_POINT ( 'NONE',  ( -1.075000000000029932, -0.8500000000000079714, -0.7000000000000009548 ) ) ;
#2049 = PERSON_AND_ORGANIZATION_ROLE ( 'design_owner' ) ;
#2050 = DIRECTION ( 'NONE',  ( -1.000000000000000000, -0.000000000000000000, 0.000000000000000000 ) ) ;
#2051 = LINE ( 'NONE', #3494, #1774 ) ;
#2052 = ORIENTED_EDGE ( 'NONE', *, *, #3441, .T. ) ;
#2053 = CARTESIAN_POINT ( 'NONE',  ( -1.075000000000049916, -1.149999999999979927, -0.6000000000000009770 ) ) ;
#2054 = ORIENTED_EDGE ( 'NONE', *, *, #2181, .F. ) ;
#2055 = DIRECTION ( 'NONE',  ( 0.000000000000000000, 1.000000000000000000, 0.000000000000000000 ) ) ;
#2056 = PLANE ( 'NONE',  #2263 ) ;
#2057 = ORIENTED_EDGE ( 'NONE', *, *, #2172, .F. ) ;
#2058 = CARTESIAN_POINT ( 'NONE',  ( 0.5350000000000250111, -0.1499999999999770406, -0.6999999999999999556 ) ) ;
#2059 = DIRECTION ( 'NONE',  ( 0.000000000000000000, 2.220446049250310123E-16, -1.000000000000000000 ) ) ;
#2060 = ORIENTED_EDGE ( 'NONE', *, *, #1804, .T. ) ;
#2061 = CARTESIAN_POINT ( 'NONE',  ( -1.075000000000029932, -0.8500000000000079714, -0.6000000000000009770 ) ) ;
#2062 = EDGE_CURVE ( 'NONE', #280, #217, #476, .T. ) ;
#2063 = VECTOR ( 'NONE', #1372, 1000.000000000000000 ) ;
#2064 = EDGE_CURVE ( 'NONE', #679, #1789, #285, .T. ) ;
#2065 = CARTESIAN_POINT ( 'NONE',  ( -1.125000311988479940, 1.150000000000009903, -0.5999999999999998668 ) ) ;
#2066 = PLANE ( 'NONE',  #1106 ) ;
#2067 = VECTOR ( 'NONE', #554, 1000.000000000000000 ) ;
#2068 = EDGE_LOOP ( 'NONE', ( #637, #24, #205, #3054 ) ) ;
#2069 = CARTESIAN_POINT ( 'NONE',  ( -0.8249999999999551026, 0.3650000000000981903, -0.6979999999999999538 ) ) ;
#2070 = ORIENTED_EDGE ( 'NONE', *, *, #926, .F. ) ;
#2071 = VECTOR ( 'NONE', #1845, 1000.000000000000000 ) ;
#2072 = CARTESIAN_POINT ( 'NONE',  ( -1.075000000000029932, -1.049999999999970068, -0.7000000000000009548 ) ) ;
#2073 = CARTESIAN_POINT ( 'NONE',  ( 0.08499999999976290410, 0.2000000000000010103, -0.6979999999999999538 ) ) ;
#2074 = ORIENTED_EDGE ( 'NONE', *, *, #265, .T. ) ;
#2075 = AXIS2_PLACEMENT_3D ( 'NONE', #1967, #1752, #1733 ) ;
#2076 = AXIS2_PLACEMENT_3D ( 'NONE', #3027, #1572, #100 ) ;
#2077 = DIRECTION ( 'NONE',  ( 0.000000000000000000, 2.220446049250310123E-16, -1.000000000000000000 ) ) ;
#2078 = VECTOR ( 'NONE', #1790, 1000.000000000000000 ) ;
#2079 = VECTOR ( 'NONE', #181, 1000.000000000000000 ) ;
#2080 = ORIENTED_EDGE ( 'NONE', *, *, #1358, .F. ) ;
#2081 = DIRECTION ( 'NONE',  ( -0.000000000000000000, -2.220446049250310123E-16, 1.000000000000000000 ) ) ;
#2082 = EDGE_CURVE ( 'NONE', #796, #1457, #1483, .T. ) ;
#2083 = CIRCLE ( 'NONE', #410, 0.09999999999999191480 ) ;
#2084 = CIRCLE ( 'NONE', #3814, 0.1000000000000079575 ) ;
#2085 = EDGE_CURVE ( 'NONE', #1190, #815, #3632, .T. ) ;
#2086 = CARTESIAN_POINT ( 'NONE',  ( 1.125000311988479940, -1.149999999999971267, -0.7000000000000009548 ) ) ;
#2087 = DIRECTION ( 'NONE',  ( -0.000000000000000000, 0.000000000000000000, -1.000000000000000000 ) ) ;
#2088 = ORIENTED_EDGE ( 'NONE', *, *, #2354, .F. ) ;
#2089 = DIRECTION ( 'NONE',  ( 0.000000000000000000, -2.220446049250310123E-16, 1.000000000000000000 ) ) ;
#2090 = ORIENTED_EDGE ( 'NONE', *, *, #1329, .T. ) ;
#2091 = DIRECTION ( 'NONE',  ( 0.000000000000000000, 1.000000000000000000, 0.000000000000000000 ) ) ;
#2092 = DIRECTION ( 'NONE',  ( 0.000000000000000000, -2.220446049250310123E-16, 1.000000000000000000 ) ) ;
#2093 = VERTEX_POINT ( 'NONE', #2351 ) ;
#2094 = EDGE_CURVE ( 'NONE', #3779, #3621, #3524, .T. ) ;
#2095 = DIRECTION ( 'NONE',  ( 0.000000000000000000, -1.000000000000000000, 0.000000000000000000 ) ) ;
#2096 = VERTEX_POINT ( 'NONE', #3039 ) ;
#2097 = ORIENTED_EDGE ( 'NONE', *, *, #540, .F. ) ;
#2098 = DIRECTION ( 'NONE',  ( -1.000000000000000000, -7.228014483237799975E-16, 0.000000000000000000 ) ) ;
#2099 = CARTESIAN_POINT ( 'NONE',  ( 0.9749999999999136024, -1.049999999999974953, -0.6000000000000009770 ) ) ;
#2100 = LINE ( 'NONE', #2657, #3122 ) ;
#2101 = ORIENTED_EDGE ( 'NONE', *, *, #3723, .T. ) ;
#2102 = APPROVAL ( #2027, 'UNSPECIFIED' ) ;
#2103 = CARTESIAN_POINT ( 'NONE',  ( 1.074999999999960210, 0.8500000000000069722, -0.6999999999999999556 ) ) ;
#2104 = CARTESIAN_POINT ( 'NONE',  ( -1.125000311988479940, -1.149999999999979927, -0.6999999999999999556 ) ) ;
#2105 = FACE_OUTER_BOUND ( 'NONE', #1414, .T. ) ;
#2106 = VERTEX_POINT ( 'NONE', #399 ) ;
#2107 = ORIENTED_EDGE ( 'NONE', *, *, #935, .T. ) ;
#2108 = LINE ( 'NONE', #3068, #2495 ) ;
#2109 = CARTESIAN_POINT ( 'NONE',  ( 1.125000311988479940, -1.249999999375730031, -0.6999999999999999556 ) ) ;
#2110 = VERTEX_POINT ( 'NONE', #1588 ) ;
#2111 = ORIENTED_EDGE ( 'NONE', *, *, #2062, .T. ) ;
#2112 = LINE ( 'NONE', #3600, #1816 ) ;
#2113 = DIRECTION ( 'NONE',  ( 0.000000000000000000, 2.220446049250310123E-16, -1.000000000000000000 ) ) ;
#2114 = VERTEX_POINT ( 'NONE', #2752 ) ;
#2115 = CARTESIAN_POINT ( 'NONE',  ( -0.8249999999999889644, -0.3649999999999989919, -0.6999999999999999556 ) ) ;
#2116 = ORIENTED_EDGE ( 'NONE', *, *, #383, .F. ) ;
#2117 = DIRECTION ( 'NONE',  ( -0.000000000000000000, -2.220446049250310123E-16, 1.000000000000000000 ) ) ;
#2118 = EDGE_CURVE ( 'NONE', #3531, #3264, #2391, .T. ) ;
#2119 = AXIS2_PLACEMENT_3D ( 'NONE', #1042, #261, #3091 ) ;
#2120 = PLANE ( 'NONE',  #2249 ) ;
#2121 = LINE ( 'NONE', #2161, #3743 ) ;
#2122 = EDGE_CURVE ( 'NONE', #3351, #679, #1009, .T. ) ;
#2123 = VERTEX_POINT ( 'NONE', #1028 ) ;
#2124 = ADVANCED_FACE ( 'NONE', ( #3136 ), #2522, .F. ) ;
#2125 = AXIS2_PLACEMENT_3D ( 'NONE', #2302, #923, #2091 ) ;
#2126 = EDGE_CURVE ( 'NONE', #631, #141, #2560, .T. ) ;
#2127 = VECTOR ( 'NONE', #2050, 1000.000000000000000 ) ;
#2128 = EDGE_CURVE ( 'NONE', #3241, #1886, #1623, .T. ) ;
#2129 = ORIENTED_EDGE ( 'NONE', *, *, #209, .F. ) ;
#2130 = CARTESIAN_POINT ( 'NONE',  ( -0.9750000000000822453, 0.04999999999998352984, -0.6999999999999999556 ) ) ;
#2131 = VECTOR ( 'NONE', #120, 1000.000000000000000 ) ;
#2132 = VECTOR ( 'NONE', #885, 1000.000000000000000 ) ;
#2133 = AXIS2_PLACEMENT_3D ( 'NONE', #2369, #989, #2389 ) ;
#2134 = EDGE_CURVE ( 'NONE', #3037, #2718, #2441, .T. ) ;
#2135 = EDGE_LOOP ( 'NONE', ( #2107, #2057, #2984, #1155 ) ) ;
#2136 = VECTOR ( 'NONE', #1707, 1000.000000000000000 ) ;
#2137 = CARTESIAN_POINT ( 'NONE',  ( 0.8000000000000000444, 1.320000000000000062, 0.001000000000000000021 ) ) ;
#2138 = DIRECTION ( 'NONE',  ( -0.000000000000000000, -1.000000000000000000, 0.000000000000000000 ) ) ;
#2139 = EDGE_LOOP ( 'NONE', ( #2683, #2550, #3005, #1717 ) ) ;
#2140 = AXIS2_PLACEMENT_3D ( 'NONE', #1793, #3530, #1473 ) ;
#2141 = DIRECTION ( 'NONE',  ( 0.000000000000000000, 1.000000000000000000, 2.220446049250310123E-16 ) ) ;
#2142 = ORIENTED_EDGE ( 'NONE', *, *, #1286, .F. ) ;
#2143 = AXIS2_PLACEMENT_3D ( 'NONE', #1994, #3156, #59 ) ;
#2144 = FACE_OUTER_BOUND ( 'NONE', #1401, .T. ) ;
#2145 = DIRECTION ( 'NONE',  ( -0.000000000000000000, -0.000000000000000000, 1.000000000000000000 ) ) ;
#2146 = ORIENTED_EDGE ( 'NONE', *, *, #828, .T. ) ;
#2147 = EDGE_CURVE ( 'NONE', #3737, #909, #2741, .T. ) ;
#2148 = ORIENTED_EDGE ( 'NONE', *, *, #601, .T. ) ;
#2149 = ORIENTED_EDGE ( 'NONE', *, *, #1289, .F. ) ;
#2150 = PLANE ( 'NONE',  #845 ) ;
#2151 = EDGE_CURVE ( 'NONE', #3621, #253, #488, .T. ) ;
#2152 = EDGE_LOOP ( 'NONE', ( #884, #3637, #1880, #878 ) ) ;
#2153 = DIRECTION ( 'NONE',  ( -0.000000000000000000, -2.220446049250310123E-16, 1.000000000000000000 ) ) ;
#2154 = CARTESIAN_POINT ( 'NONE',  ( 0.08499999999968382847, 0.3000000000001418199, -0.6979999999999999538 ) ) ;
#2155 = ORIENTED_EDGE ( 'NONE', *, *, #3661, .T. ) ;
#2156 = CARTESIAN_POINT ( 'NONE',  ( 0.3750000000000000000, 1.300000000000010036, -0.6999999999999999556 ) ) ;
#2157 = ORIENTED_EDGE ( 'NONE', *, *, #2374, .T. ) ;
#2158 = DIRECTION ( 'NONE',  ( 0.000000000000000000, 1.000000000000000000, 0.000000000000000000 ) ) ;
#2159 = ADVANCED_FACE ( 'NONE', ( #422 ), #3744, .F. ) ;
#2160 = LINE ( 'NONE', #2774, #1272 ) ;
#2161 = CARTESIAN_POINT ( 'NONE',  ( 1.125000311988479940, 1.249999999375740023, -0.6999999999999999556 ) ) ;
#2162 = VERTEX_POINT ( 'NONE', #1661 ) ;
#2163 = ORIENTED_EDGE ( 'NONE', *, *, #756, .T. ) ;
#2164 = LINE ( 'NONE', #3335, #2388 ) ;
#2165 = FACE_OUTER_BOUND ( 'NONE', #2481, .T. ) ;
#2166 = ADVANCED_FACE ( 'NONE', ( #1948 ), #1064, .F. ) ;
#2167 = DIRECTION ( 'NONE',  ( 0.000000000000000000, 0.000000000000000000, -1.000000000000000000 ) ) ;
#2168 = ORIENTED_EDGE ( 'NONE', *, *, #798, .T. ) ;
#2169 = DIRECTION ( 'NONE',  ( 0.000000000000000000, 2.220446049250310123E-16, -1.000000000000000000 ) ) ;
#2170 = DIRECTION ( 'NONE',  ( 0.000000000000000000, 1.000000000000000000, 2.220446049250310123E-16 ) ) ;
#2171 = ORIENTED_EDGE ( 'NONE', *, *, #2128, .F. ) ;
#2172 = EDGE_CURVE ( 'NONE', #428, #1830, #2233, .T. ) ;
#2173 = CARTESIAN_POINT ( 'NONE',  ( -3.252606517456509851E-16, -0.1500000000000049905, -0.5999999999999999778 ) ) ;
#2174 = ORIENTED_EDGE ( 'NONE', *, *, #1151, .T. ) ;
#2175 = LINE ( 'NONE', #398, #1522 ) ;
#2176 = LINE ( 'NONE', #2944, #719 ) ;
#2177 = CC_DESIGN_SECURITY_CLASSIFICATION ( #2237, ( #3717 ) ) ;
#2178 = DIRECTION ( 'NONE',  ( 1.000000000000000000, 0.000000000000000000, 0.000000000000000000 ) ) ;
#2179 = CARTESIAN_POINT ( 'NONE',  ( 0.8750000012497631818, -1.400000000000113820, -0.6990000000000003988 ) ) ;
#2180 = ORIENTED_EDGE ( 'NONE', *, *, #1186, .T. ) ;
#2181 = EDGE_CURVE ( 'NONE', #2478, #3522, #1770, .T. ) ;
#2182 = VERTEX_POINT ( 'NONE', #1926 ) ;
#2183 = VECTOR ( 'NONE', #2587, 1000.000000000000114 ) ;
#2184 = CARTESIAN_POINT ( 'NONE',  ( -0.9249999999999890532, -0.2649999999999991251, -0.7000000000000000666 ) ) ;
#2185 = LINE ( 'NONE', #3358, #96 ) ;
#2186 = VECTOR ( 'NONE', #2376, 1000.000000000000000 ) ;
#2187 = VECTOR ( 'NONE', #2081, 1000.000000000000000 ) ;
#2188 = EDGE_CURVE ( 'NONE', #1751, #2432, #2257, .T. ) ;
#2189 = FACE_OUTER_BOUND ( 'NONE', #3251, .T. ) ;
#2190 = ORIENTED_EDGE ( 'NONE', *, *, #1557, .T. ) ;
#2191 = ADVANCED_FACE ( 'NONE', ( #170 ), #147, .F. ) ;
#2192 = VECTOR ( 'NONE', #1866, 1000.000000000000000 ) ;
#2193 = DIRECTION ( 'NONE',  ( 0.000000000000000000, 0.000000000000000000, -1.000000000000000000 ) ) ;
#2194 = DIRECTION ( 'NONE',  ( 0.000000000000000000, 1.000000000000000000, 2.220446049250310123E-16 ) ) ;
#2195 = ORIENTED_EDGE ( 'NONE', *, *, #3087, .F. ) ;
#2196 = DIRECTION ( 'NONE',  ( 0.000000000000000000, 1.000000000000000000, 0.000000000000000000 ) ) ;
#2197 = ORIENTED_EDGE ( 'NONE', *, *, #643, .F. ) ;
#2198 = AXIS2_PLACEMENT_3D ( 'NONE', #463, #3138, #1975 ) ;
#2199 = CARTESIAN_POINT ( 'NONE',  ( -1.075000000000090106, 0.04999999999996938144, -0.5999999999999999778 ) ) ;
#2200 = EDGE_CURVE ( 'NONE', #815, #3351, #1338, .T. ) ;
#2201 = DIRECTION ( 'NONE',  ( -0.000000000000000000, 2.220446049250310123E-16, -1.000000000000000000 ) ) ;
#2202 = CARTESIAN_POINT ( 'NONE',  ( 0.9749999999999319211, 1.050000000000000044, -0.6999999999999999556 ) ) ;
#2203 = CIRCLE ( 'NONE', #2140, 0.1000000000000230288 ) ;
#2204 = ORIENTED_EDGE ( 'NONE', *, *, #3020, .F. ) ;
#2205 = VECTOR ( 'NONE', #1943, 1000.000000000000000 ) ;
#2206 = ORIENTED_EDGE ( 'NONE', *, *, #576, .T. ) ;
#2207 = EDGE_CURVE ( 'NONE', #210, #377, #1099, .T. ) ;
#2208 = CARTESIAN_POINT ( 'NONE',  ( 0.8750000025804340886, -0.4999999999999715228, -0.6999999999999999556 ) ) ;
#2209 = DIRECTION ( 'NONE',  ( 0.000000000000000000, 2.220446049250310123E-16, -1.000000000000000000 ) ) ;
#2210 = CARTESIAN_POINT ( 'NONE',  ( 1.125000311988479940, 0.6500000006241513084, -0.6999999999999999556 ) ) ;
#2211 = VERTEX_POINT ( 'NONE', #2773 ) ;
#2212 = DIRECTION ( 'NONE',  ( 0.000000000000000000, 1.000000000000000000, 0.000000000000000000 ) ) ;
#2213 = CARTESIAN_POINT ( 'NONE',  ( 1.068649171261633501, -0.6500000006245492123, -0.6979999999999999538 ) ) ;
#2214 = EDGE_LOOP ( 'NONE', ( #2750, #1421, #3770, #328 ) ) ;
#2215 = FACE_OUTER_BOUND ( 'NONE', #2274, .T. ) ;
#2216 = LINE ( 'NONE', #3428, #3245 ) ;
#2217 = CARTESIAN_POINT ( 'NONE',  ( 1.125000311988479940, -1.149999999999975930, -0.6000000000000007550 ) ) ;
#2218 = FACE_OUTER_BOUND ( 'NONE', #2908, .T. ) ;
#2219 = ORIENTED_EDGE ( 'NONE', *, *, #3229, .T. ) ;
#2220 = EDGE_CURVE ( 'NONE', #331, #796, #2216, .T. ) ;
#2221 = LINE ( 'NONE', #509, #2247 ) ;
#2222 = ORIENTED_EDGE ( 'NONE', *, *, #3375, .F. ) ;
#2223 = EDGE_CURVE ( 'NONE', #1474, #1371, #2849, .T. ) ;
#2224 = CARTESIAN_POINT ( 'NONE',  ( 0.08499999999976291798, -0.3000000000000109801, -0.6999999999999999556 ) ) ;
#2225 = CARTESIAN_POINT ( 'NONE',  ( 1.068649170051870323, 0.5500000006241260175, -0.5000000000000000000 ) ) ;
#2226 = UNCERTAINTY_MEASURE_WITH_UNIT (LENGTH_MEASURE( 1.000000000000000082E-05 ), #3512, 'distance_accuracy_value', 'NONE');
#2227 = ORIENTED_EDGE ( 'NONE', *, *, #1059, .F. ) ;
#2228 = CARTESIAN_POINT ( 'NONE',  ( -0.9249999999999890532, 0.2650000000000010125, -1.307058521919900240 ) ) ;
#2229 = ORIENTED_EDGE ( 'NONE', *, *, #1192, .F. ) ;
#2230 = CARTESIAN_POINT ( 'NONE',  ( 1.068649170051829911, 0.7499999999999850120, -0.6999999999999999556 ) ) ;
#2231 = VERTEX_POINT ( 'NONE', #3096 ) ;
#2232 = CARTESIAN_POINT ( 'NONE',  ( -1.125000194992810565, 0.2650000000000004574, -0.6979999999999999538 ) ) ;
#2233 = LINE ( 'NONE', #188, #1586 ) ;
#2234 = DIRECTION ( 'NONE',  ( 0.000000000000000000, 0.000000000000000000, 1.000000000000000000 ) ) ;
#2235 = CARTESIAN_POINT ( 'NONE',  ( -0.07499999999998165079, -0.3000000000000314637, -0.6979999999999999538 ) ) ;
#2236 = ORIENTED_EDGE ( 'NONE', *, *, #3613, .F. ) ;
#2237 = SECURITY_CLASSIFICATION ( '', '', #1405 ) ;
#2238 = EDGE_CURVE ( 'NONE', #2667, #1825, #1112, .T. ) ;
#2239 = CARTESIAN_POINT ( 'NONE',  ( 1.125000077997141412, -1.650000000077893603, -0.6979999999999999538 ) ) ;
#2240 = DIRECTION ( 'NONE',  ( 1.203706215242090065E-31, 6.525304467999284901E-47, -1.000000000000000000 ) ) ;
#2241 = EDGE_CURVE ( 'NONE', #1364, #2982, #3450, .T. ) ;
#2242 = VERTEX_POINT ( 'NONE', #3152 ) ;
#2243 = CARTESIAN_POINT ( 'NONE',  ( -1.125000311988479940, 1.650000000312159987, -0.6979999999999999538 ) ) ;
#2244 = DIRECTION ( 'NONE',  ( 0.000000000000000000, 1.000000000000000000, -0.000000000000000000 ) ) ;
#2245 = DATE_AND_TIME ( #497, #899 ) ;
#2246 = EDGE_CURVE ( 'NONE', #2589, #2093, #2780, .T. ) ;
#2247 = VECTOR ( 'NONE', #1648, 1000.000000000000000 ) ;
#2248 = DIRECTION ( 'NONE',  ( -0.000000000000000000, 1.000000000000000000, 0.000000000000000000 ) ) ;
#2249 = AXIS2_PLACEMENT_3D ( 'NONE', #60, #3064, #92 ) ;
#2250 = VERTEX_POINT ( 'NONE', #389 ) ;
#2251 = FACE_OUTER_BOUND ( 'NONE', #3284, .T. ) ;
#2252 = VECTOR ( 'NONE', #851, 1000.000000000000000 ) ;
#2253 = EDGE_LOOP ( 'NONE', ( #3061, #2111, #3103, #2410 ) ) ;
#2254 = ADVANCED_FACE ( 'NONE', ( #2189 ), #1616, .T. ) ;
#2255 = CARTESIAN_POINT ( 'NONE',  ( 0.08499999999976290410, 0.2000000000000010103, -0.6999999999999999556 ) ) ;
#2256 = ORIENTED_EDGE ( 'NONE', *, *, #3444, .F. ) ;
#2257 = LINE ( 'NONE', #2540, #2687 ) ;
#2258 = VECTOR ( 'NONE', #2552, 1000.000000000000114 ) ;
#2259 = LINE ( 'NONE', #2507, #213 ) ;
#2260 = DIRECTION ( 'NONE',  ( 0.000000000000000000, 1.000000000000000000, 0.000000000000000000 ) ) ;
#2261 = ORIENTED_EDGE ( 'NONE', *, *, #1289, .T. ) ;
#2262 = AXIS2_PLACEMENT_3D ( 'NONE', #3347, #2077, #2158 ) ;
#2263 = AXIS2_PLACEMENT_3D ( 'NONE', #327, #296, #586 ) ;
#2264 = CARTESIAN_POINT ( 'NONE',  ( -1.125000000000000222, -1.300000000000000266, -0.1000000000000000056 ) ) ;
#2265 = DIRECTION ( 'NONE',  ( 0.000000000000000000, 0.000000000000000000, -1.000000000000000000 ) ) ;
#2266 = ORIENTED_EDGE ( 'NONE', *, *, #3165, .F. ) ;
#2267 = EDGE_CURVE ( 'NONE', #3050, #3449, #1919, .T. ) ;
#2268 = VECTOR ( 'NONE', #1153, 1000.000000000000000 ) ;
#2269 = FACE_OUTER_BOUND ( 'NONE', #871, .T. ) ;
#2270 = DIRECTION ( 'NONE',  ( -0.000000000000000000, 1.000000000000000000, 2.220446049250310123E-16 ) ) ;
#2271 = ORIENTED_EDGE ( 'NONE', *, *, #1565, .F. ) ;
#2272 = ADVANCED_FACE ( 'NONE', ( #3053 ), #2459, .T. ) ;
#2273 = DIRECTION ( 'NONE',  ( -0.000000000000000000, 0.000000000000000000, 1.000000000000000000 ) ) ;
#2274 = EDGE_LOOP ( 'NONE', ( #3182, #211, #3016, #1668 ) ) ;
#2275 = CARTESIAN_POINT ( 'NONE',  ( 1.125000311988479940, 0.1499999999999780675, -0.6999999999999999556 ) ) ;
#2276 = ORIENTED_EDGE ( 'NONE', *, *, #1990, .F. ) ;
#2277 = APPROVAL_STATUS ( 'not_yet_approved' ) ;
#2278 = CARTESIAN_POINT ( 'NONE',  ( 1.068649170051829911, 0.5500000006242431461, -0.6999999999999999556 ) ) ;
#2279 = CARTESIAN_POINT ( 'NONE',  ( -0.9249999999999689582, -0.5499999999999960476, -0.6999999999999999556 ) ) ;
#2280 = CARTESIAN_POINT ( 'NONE',  ( 1.074999999999940004, 1.049999999999980060, -0.5999999999999999778 ) ) ;
#2281 = EDGE_LOOP ( 'NONE', ( #3767, #1444, #779, #1626 ) ) ;
#2282 = CARTESIAN_POINT ( 'NONE',  ( 1.125000311988479940, 1.650000000312159987, -0.6999999999999999556 ) ) ;
#2283 = EDGE_CURVE ( 'NONE', #2106, #1352, #3089, .T. ) ;
#2284 = LINE ( 'NONE', #2264, #2183 ) ;
#2285 = CARTESIAN_POINT ( 'NONE',  ( 1.125000000000042633, 0.6500000006237627304, -0.6979999999999999538 ) ) ;
#2286 = EDGE_LOOP ( 'NONE', ( #3246, #2996, #1346, #3013 ) ) ;
#2287 = DIRECTION ( 'NONE',  ( 1.000000000000000000, 7.228014483237799975E-16, -0.000000000000000000 ) ) ;
#2288 = FACE_OUTER_BOUND ( 'NONE', #901, .T. ) ;
#2289 = COORDINATED_UNIVERSAL_TIME_OFFSET ( 1, 0, .AHEAD. ) ;
#2290 = CARTESIAN_POINT ( 'NONE',  ( 0.9249745962155619949, 0.000000000000000000, 0.000000000000000000 ) ) ;
#2291 = DIRECTION ( 'NONE',  ( -0.000000000000000000, -1.000000000000000000, 0.000000000000000000 ) ) ;
#2292 = VERTEX_POINT ( 'NONE', #1330 ) ;
#2293 = CARTESIAN_POINT ( 'NONE',  ( 0.000000000000000000, 1.120000000000000107, 0.000000000000000000 ) ) ;
#2294 = ADVANCED_FACE ( 'NONE', ( #2805 ), #3656, .F. ) ;
#2295 = MECHANICAL_CONTEXT ( 'NONE', #450, 'mechanical' ) ;
#2296 = CARTESIAN_POINT ( 'NONE',  ( 1.068649169971229940, -1.249999999375740023, -0.7000000000000009548 ) ) ;
#2297 = CARTESIAN_POINT ( 'NONE',  ( -0.4249999999999999889, 0.4500000000000000666, -1.136868377216160297E-10 ) ) ;
#2298 = EDGE_CURVE ( 'NONE', #134, #3202, #727, .T. ) ;
#2299 = ORIENTED_EDGE ( 'NONE', *, *, #3318, .F. ) ;
#2300 = CARTESIAN_POINT ( 'NONE',  ( 0.9718245867451765774, 1.324999999776801607, -0.6999999999999998446 ) ) ;
#2301 = ORIENTED_EDGE ( 'NONE', *, *, #1186, .F. ) ;
#2302 = CARTESIAN_POINT ( 'NONE',  ( 0.3750000000000000000, -0.5999999999999939826, -0.6979999999999999538 ) ) ;
#2303 = CYLINDRICAL_SURFACE ( 'NONE', #784, 0.1000000000000079575 ) ;
#2304 = EDGE_LOOP ( 'NONE', ( #3573, #546, #2737, #737 ) ) ;
#2305 = ADVANCED_FACE ( 'NONE', ( #762 ), #3381, .T. ) ;
#2306 = LINE ( 'NONE', #950, #3420 ) ;
#2307 = LINE ( 'NONE', #2044, #651 ) ;
#2308 = APPROVAL_DATE_TIME ( #2245, #2102 ) ;
#2309 = CARTESIAN_POINT ( 'NONE',  ( -0.1749999999999550249, 0.5500000000000260236, -0.6999999999999999556 ) ) ;
#2310 = CIRCLE ( 'NONE', #761, 0.1000000000000079575 ) ;
#2311 = ORIENTED_EDGE ( 'NONE', *, *, #3723, .F. ) ;
#2312 = LINE ( 'NONE', #3776, #1764 ) ;
#2313 = VERTEX_POINT ( 'NONE', #452 ) ;
#2314 = AXIS2_PLACEMENT_3D ( 'NONE', #2576, #1443, #1922 ) ;
#2315 = EDGE_CURVE ( 'NONE', #2096, #543, #1939, .T. ) ;
#2316 = VECTOR ( 'NONE', #2346, 1000.000000000000000 ) ;
#2317 = ADVANCED_FACE ( 'NONE', ( #1879 ), #1368, .F. ) ;
#2318 = ORIENTED_EDGE ( 'NONE', *, *, #2809, .T. ) ;
#2319 = AXIS2_PLACEMENT_3D ( 'NONE', #2724, #2965, #3571 ) ;
#2320 = DIRECTION ( 'NONE',  ( 1.000000000000000000, 1.807003620809449994E-16, 4.012354050807348590E-32 ) ) ;
#2321 = CARTESIAN_POINT ( 'NONE',  ( -1.075000000000049916, -1.149999999999979927, -0.7000000000000009548 ) ) ;
#2322 = ORIENTED_EDGE ( 'NONE', *, *, #1049, .T. ) ;
#2323 = DIRECTION ( 'NONE',  ( -1.000000000000000000, -0.000000000000000000, -0.000000000000000000 ) ) ;
#2324 = ORIENTED_EDGE ( 'NONE', *, *, #2707, .F. ) ;
#2325 = EDGE_CURVE ( 'NONE', #511, #3239, #408, .T. ) ;
#2326 = VECTOR ( 'NONE', #1597, 1000.000000000000000 ) ;
#2327 = AXIS2_PLACEMENT_3D ( 'NONE', #2864, #2885, #223 ) ;
#2328 = LINE ( 'NONE', #3474, #770 ) ;
#2329 = CARTESIAN_POINT ( 'NONE',  ( 1.074999999999930012, -0.7499999999999982236, -0.6000000000000009770 ) ) ;
#2330 = AXIS2_PLACEMENT_3D ( 'NONE', #2278, #1607, #1909 ) ;
#2331 = EDGE_LOOP ( 'NONE', ( #258, #2343, #3762, #657, #611, #484, #1455, #2888, #2769, #904, #3382, #1807 ) ) ;
#2332 = CARTESIAN_POINT ( 'NONE',  ( 0.9749999999999120481, -0.8499999999999920952, -0.7000000000000009548 ) ) ;
#2333 = DIRECTION ( 'NONE',  ( -1.000000000000000000, -0.000000000000000000, -0.000000000000000000 ) ) ;
#2334 = VECTOR ( 'NONE', #903, 1000.000000000000000 ) ;
#2335 = CYLINDRICAL_SURFACE ( 'NONE', #1453, 0.1000000000000100253 ) ;
#2336 = VECTOR ( 'NONE', #2808, 1000.000000000000000 ) ;
#2337 = ORIENTED_EDGE ( 'NONE', *, *, #1685, .T. ) ;
#2338 = CARTESIAN_POINT ( 'NONE',  ( -1.125000311988479940, 1.650000000312159987, -0.6999999999999999556 ) ) ;
#2339 = CIRCLE ( 'NONE', #1292, 0.09999999999999999167 ) ;
#2340 = ORIENTED_EDGE ( 'NONE', *, *, #3391, .F. ) ;
#2341 = CARTESIAN_POINT ( 'NONE',  ( -1.075000000000049916, -0.7499999999999990008, -0.7000000000000009548 ) ) ;
#2342 = CARTESIAN_POINT ( 'NONE',  ( 0.8750000027560239646, 1.299999999642400095, -0.5000000000000000000 ) ) ;
#2343 = ORIENTED_EDGE ( 'NONE', *, *, #2118, .F. ) ;
#2344 = EDGE_LOOP ( 'NONE', ( #2873, #2348, #2037, #2361 ) ) ;
#2345 = LINE ( 'NONE', #3812, #2512 ) ;
#2346 = DIRECTION ( 'NONE',  ( -0.000000000000000000, -2.220446049250310123E-16, 1.000000000000000000 ) ) ;
#2347 = DIRECTION ( 'NONE',  ( 0.000000000000000000, 0.000000000000000000, 1.000000000000000000 ) ) ;
#2348 = ORIENTED_EDGE ( 'NONE', *, *, #2082, .T. ) ;
#2349 = ADVANCED_FACE ( 'NONE', ( #1077 ), #2535, .T. ) ;
#2350 = CARTESIAN_POINT ( 'NONE',  ( -0.07499999999998879785, -0.2999999999998739786, -0.5000000000000000000 ) ) ;
#2351 = CARTESIAN_POINT ( 'NONE',  ( 0.2749999999999824252, 0.5999999999999949818, -0.6999999999999999556 ) ) ;
#2352 = CARTESIAN_POINT ( 'NONE',  ( 0.08499999999976293186, -0.3000000000000109801, -0.7000000000000000666 ) ) ;
#2353 = ORIENTED_EDGE ( 'NONE', *, *, #3318, .T. ) ;
#2354 = EDGE_CURVE ( 'NONE', #3075, #53, #1312, .T. ) ;
#2355 = ORIENTED_EDGE ( 'NONE', *, *, #3617, .T. ) ;
#2356 = CARTESIAN_POINT ( 'NONE',  ( 1.074999999999930012, -0.7499999999999981126, -0.7000000000000009548 ) ) ;
#2357 = DIRECTION ( 'NONE',  ( 1.000000000000000000, 0.000000000000000000, 0.000000000000000000 ) ) ;
#2358 = ORIENTED_EDGE ( 'NONE', *, *, #1267, .T. ) ;
#2359 = DIRECTION ( 'NONE',  ( 1.000000000000000000, 0.000000000000000000, -0.000000000000000000 ) ) ;
#2360 = DIRECTION ( 'NONE',  ( 0.000000000000000000, -1.000000000000000000, -2.220446049250310123E-16 ) ) ;
#2361 = ORIENTED_EDGE ( 'NONE', *, *, #3506, .T. ) ;
#2362 = VERTEX_POINT ( 'NONE', #2210 ) ;
#2363 = DIRECTION ( 'NONE',  ( -0.000000000000000000, -2.220446049250310123E-16, 1.000000000000000000 ) ) ;
#2364 = ORIENTED_EDGE ( 'NONE', *, *, #2884, .F. ) ;
#2365 = LINE ( 'NONE', #326, #2616 ) ;
#2366 = FACE_OUTER_BOUND ( 'NONE', #1794, .T. ) ;
#2367 = ORIENTED_EDGE ( 'NONE', *, *, #1730, .F. ) ;
#2368 = EDGE_CURVE ( 'NONE', #1179, #3459, #1351, .T. ) ;
#2369 = CARTESIAN_POINT ( 'NONE',  ( 1.074999999999940004, 1.049999999999980060, -0.6999999999999999556 ) ) ;
#2370 = EDGE_CURVE ( 'NONE', #3454, #2969, #3698, .T. ) ;
#2371 = ORIENTED_EDGE ( 'NONE', *, *, #2094, .F. ) ;
#2372 = ORIENTED_EDGE ( 'NONE', *, *, #3754, .T. ) ;
#2373 = CARTESIAN_POINT ( 'NONE',  ( 0.2749999999999819811, -0.5999999999999794387, -0.6999999999999999556 ) ) ;
#2374 = EDGE_CURVE ( 'NONE', #2690, #3554, #480, .T. ) ;
#2375 = AXIS2_PLACEMENT_3D ( 'NONE', #544, #2796, #2357 ) ;
#2376 = DIRECTION ( 'NONE',  ( 0.000000000000000000, -1.000000000000000000, -0.000000000000000000 ) ) ;
#2377 = LINE ( 'NONE', #621, #1896 ) ;
#2378 = CIRCLE ( 'NONE', #1940, 0.09999999999999191480 ) ;
#2379 = EDGE_CURVE ( 'NONE', #3621, #106, #3789, .T. ) ;
#2380 = ORIENTED_EDGE ( 'NONE', *, *, #893, .T. ) ;
#2381 = DIRECTION ( 'NONE',  ( 0.7071067811865475727, 0.7071067811865475727, -0.000000000000000000 ) ) ;
#2382 = VERTEX_POINT ( 'NONE', #2329 ) ;
#2383 = CIRCLE ( 'NONE', #707, 0.4999745962329994464 ) ;
#2384 = LINE ( 'NONE', #1797, #148 ) ;
#2385 = CARTESIAN_POINT ( 'NONE',  ( 0.8750000025804340886, -0.5999999999999540146, -0.6999999999999999556 ) ) ;
#2386 = VERTEX_POINT ( 'NONE', #2285 ) ;
#2387 = VECTOR ( 'NONE', #1631, 1000.000000000000000 ) ;
#2388 = VECTOR ( 'NONE', #1873, 1000.000000000000000 ) ;
#2389 = DIRECTION ( 'NONE',  ( 0.000000000000000000, 1.000000000000000000, 0.000000000000000000 ) ) ;
#2390 = DIRECTION ( 'NONE',  ( 0.000000000000000000, 2.220446049250310123E-16, -1.000000000000000000 ) ) ;
#2391 = CIRCLE ( 'NONE', #2870, 0.1000000000000000056 ) ;
#2392 = VECTOR ( 'NONE', #3709, 1000.000000000000000 ) ;
#2393 = ORIENTED_EDGE ( 'NONE', *, *, #908, .F. ) ;
#2394 = CARTESIAN_POINT ( 'NONE',  ( -1.125000311988479940, 0.2650000000000002354, -0.7000000000000000666 ) ) ;
#2395 = CC_DESIGN_DATE_AND_TIME_ASSIGNMENT ( #2533, #3732, ( #3412 ) ) ;
#2396 = VECTOR ( 'NONE', #518, 1000.000000000000000 ) ;
#2397 = VERTEX_POINT ( 'NONE', #215 ) ;
#2398 = CARTESIAN_POINT ( 'NONE',  ( 0.6350000000000249889, 0.2649999999998692846, -0.6979999999999999538 ) ) ;
#2399 = DIRECTION ( 'NONE',  ( -0.000000000000000000, 1.000000000000000000, 0.000000000000000000 ) ) ;
#2400 = ORIENTED_EDGE ( 'NONE', *, *, #1734, .F. ) ;
#2401 = CARTESIAN_POINT ( 'NONE',  ( -3.252606517456509851E-16, 0.3000000000001259992, -0.5000000000000000000 ) ) ;
#2402 = CARTESIAN_POINT ( 'NONE',  ( -0.2749999999999769851, -1.150000000000009903, -0.7000000000000009548 ) ) ;
#2403 = CARTESIAN_POINT ( 'NONE',  ( 0.2750000000001175948, -1.299999999999990052, -0.6979999999999999538 ) ) ;
#2404 = ORIENTED_EDGE ( 'NONE', *, *, #1130, .T. ) ;
#2405 = EDGE_LOOP ( 'NONE', ( #1041, #710, #2758, #234, #859, #2603, #2299, #3256, #2858, #3277, #3123, #2371, #2613, #3324, #3517, #1787, #2340, #1610 ) ) ;
#2406 = FACE_OUTER_BOUND ( 'NONE', #1298, .T. ) ;
#2407 = EDGE_CURVE ( 'NONE', #1116, #2544, #1980, .T. ) ;
#2408 = CARTESIAN_POINT ( 'NONE',  ( -1.125000311988479940, -1.649999999999999911, -0.6999999999999999556 ) ) ;
#2409 = CARTESIAN_POINT ( 'NONE',  ( -1.075000000000160050, 0.8500000000000240696, -0.6999999999999999556 ) ) ;
#2410 = ORIENTED_EDGE ( 'NONE', *, *, #1856, .T. ) ;
#2411 = FACE_OUTER_BOUND ( 'NONE', #1203, .T. ) ;
#2412 = EDGE_LOOP ( 'NONE', ( #587, #2670, #3135, #3333 ) ) ;
#2413 = CARTESIAN_POINT ( 'NONE',  ( -5000.000000000000000, 1.249999999822115626, -0.6979999999999999538 ) ) ;
#2414 = EDGE_CURVE ( 'NONE', #1789, #2651, #2857, .T. ) ;
#2415 = DIRECTION ( 'NONE',  ( 1.000000000000000000, 7.228014483237790114E-16, 0.000000000000000000 ) ) ;
#2416 = DIRECTION ( 'NONE',  ( -0.000000000000000000, -2.220446049250310123E-16, 1.000000000000000000 ) ) ;
#2417 = VERTEX_POINT ( 'NONE', #1399 ) ;
#2418 = EDGE_CURVE ( 'NONE', #3276, #1477, #2570, .T. ) ;
#2419 = ORIENTED_EDGE ( 'NONE', *, *, #1514, .T. ) ;
#2420 = CYLINDRICAL_SURFACE ( 'NONE', #534, 0.1000000000000080130 ) ;
#2421 = EDGE_LOOP ( 'NONE', ( #1622, #395, #44, #728 ) ) ;
#2422 = ORIENTED_EDGE ( 'NONE', *, *, #3778, .T. ) ;
#2423 = LINE ( 'NONE', #1828, #1462 ) ;
#2424 = FACE_OUTER_BOUND ( 'NONE', #3748, .T. ) ;
#2425 = ORIENTED_EDGE ( 'NONE', *, *, #3724, .F. ) ;
#2426 = VERTEX_POINT ( 'NONE', #1140 ) ;
#2427 = ADVANCED_FACE ( 'NONE', ( #1160 ), #3726, .T. ) ;
#2428 = LINE ( 'NONE', #965, #1088 ) ;
#2429 = AXIS2_PLACEMENT_3D ( 'NONE', #2882, #2649, #2901 ) ;
#2430 = DIRECTION ( 'NONE',  ( -1.000000000000000000, 0.000000000000000000, -0.000000000000000000 ) ) ;
#2431 = CARTESIAN_POINT ( 'NONE',  ( 1.125000311988479940, 0.1499999999999780398, -0.6999999999999999556 ) ) ;
#2432 = VERTEX_POINT ( 'NONE', #1667 ) ;
#2433 = EDGE_CURVE ( 'NONE', #3115, #1161, #3426, .T. ) ;
#2434 = VECTOR ( 'NONE', #236, 1000.000000000000000 ) ;
#2435 = AXIS2_PLACEMENT_3D ( 'NONE', #2137, #392, #3341 ) ;
#2436 = VERTEX_POINT ( 'NONE', #1996 ) ;
#2437 = ORIENTED_EDGE ( 'NONE', *, *, #3086, .T. ) ;
#2438 = LINE ( 'NONE', #158, #406 ) ;
#2439 = AXIS2_PLACEMENT_3D ( 'NONE', #3162, #220, #260 ) ;
#2440 = VECTOR ( 'NONE', #968, 1000.000000000000000 ) ;
#2441 = CIRCLE ( 'NONE', #46, 0.1000000000000179912 ) ;
#2442 = ORIENTED_EDGE ( 'NONE', *, *, #2575, .T. ) ;
#2443 = VECTOR ( 'NONE', #2607, 1000.000000000000000 ) ;
#2444 = LINE ( 'NONE', #1860, #528 ) ;
#2445 = DIRECTION ( 'NONE',  ( 0.000000000000000000, -1.000000000000000000, -2.220446049250310123E-16 ) ) ;
#2446 = VERTEX_POINT ( 'NONE', #3102 ) ;
#2447 = AXIS2_PLACEMENT_3D ( 'NONE', #2297, #3470, #208 ) ;
#2448 = DIRECTION ( 'NONE',  ( -1.000000000000000000, -1.445602896647559995E-15, 0.000000000000000000 ) ) ;
#2449 = ORIENTED_EDGE ( 'NONE', *, *, #2238, .T. ) ;
#2450 = CARTESIAN_POINT ( 'NONE',  ( -0.8249999999999886313, -0.5499999999999819478, -0.6999999999999999556 ) ) ;
#2451 = AXIS2_PLACEMENT_3D ( 'NONE', #2889, #827, #1718 ) ;
#2452 = CARTESIAN_POINT ( 'NONE',  ( 1.074999999999920020, -1.149999999999979927, -0.6000000000000006439 ) ) ;
#2453 = DIRECTION ( 'NONE',  ( -0.000000000000000000, -2.220446049250310123E-16, 1.000000000000000000 ) ) ;
#2454 = VERTEX_POINT ( 'NONE', #1094 ) ;
#2455 = EDGE_CURVE ( 'NONE', #2544, #946, #526, .T. ) ;
#2456 = ORIENTED_EDGE ( 'NONE', *, *, #1227, .F. ) ;
#2457 = EDGE_LOOP ( 'NONE', ( #7, #1096, #960, #65 ) ) ;
#2458 = CARTESIAN_POINT ( 'NONE',  ( 0.2749999999999880318, 1.300000000000000266, -0.6999999999999999556 ) ) ;
#2459 = PLANE ( 'NONE',  #1169 ) ;
#2460 = ORIENTED_EDGE ( 'NONE', *, *, #889, .T. ) ;
#2461 = CARTESIAN_POINT ( 'NONE',  ( -1.075000000000090106, -0.04999999999999660272, -0.6999999999999999556 ) ) ;
#2462 = DIRECTION ( 'NONE',  ( 0.000000000000000000, -2.220446049250310123E-16, 1.000000000000000000 ) ) ;
#2463 = ORIENTED_EDGE ( 'NONE', *, *, #2298, .F. ) ;
#2464 = EDGE_CURVE ( 'NONE', #3290, #1116, #2879, .T. ) ;
#2465 = CARTESIAN_POINT ( 'NONE',  ( 1.125000000000000222, -1.650000000312159987, -0.7000000000000009548 ) ) ;
#2466 = ORIENTED_EDGE ( 'NONE', *, *, #86, .T. ) ;
#2467 = DIRECTION ( 'NONE',  ( -0.000000000000000000, -2.220446049250310123E-16, 1.000000000000000000 ) ) ;
#2468 = DIRECTION ( 'NONE',  ( -0.000000000000000000, -2.220446049250310123E-16, 1.000000000000000000 ) ) ;
#2469 = DIRECTION ( 'NONE',  ( 0.000000000000000000, -1.000000000000000000, -2.220446049250310123E-16 ) ) ;
#2470 = ORIENTED_EDGE ( 'NONE', *, *, #383, .T. ) ;
#2471 = EDGE_LOOP ( 'NONE', ( #1211, #506, #2708, #2933 ) ) ;
#2472 = EDGE_CURVE ( 'NONE', #2162, #1813, #237, .T. ) ;
#2473 = LINE ( 'NONE', #1016, #1163 ) ;
#2474 = DIRECTION ( 'NONE',  ( 0.000000000000000000, -1.000000000000000000, 0.000000000000000000 ) ) ;
#2475 = ORIENTED_EDGE ( 'NONE', *, *, #998, .T. ) ;
#2476 = EDGE_CURVE ( 'NONE', #1426, #977, #3143, .T. ) ;
#2477 = DIRECTION ( 'NONE',  ( 0.000000000000000000, -1.000000000000000000, -2.220446049250310123E-16 ) ) ;
#2478 = VERTEX_POINT ( 'NONE', #2588 ) ;
#2479 = CARTESIAN_POINT ( 'NONE',  ( 1.125000311988479940, 0.6500000006241508643, -0.6999999999999999556 ) ) ;
#2480 = LINE ( 'NONE', #3659, #1347 ) ;
#2481 = EDGE_LOOP ( 'NONE', ( #2895, #925, #1256, #2781 ) ) ;
#2482 = DIRECTION ( 'NONE',  ( 1.000000000000000000, 0.000000000000000000, 0.000000000000000000 ) ) ;
#2483 = VERTEX_POINT ( 'NONE', #1958 ) ;
#2484 = CARTESIAN_POINT ( 'NONE',  ( -0.8000000000000000444, 1.120000000000000107, 0.002000000000000000042 ) ) ;
#2485 = DIRECTION ( 'NONE',  ( 0.000000000000000000, -1.000000000000000000, 0.000000000000000000 ) ) ;
#2486 = ADVANCED_FACE ( 'NONE', ( #3769 ), #2303, .F. ) ;
#2487 = DIRECTION ( 'NONE',  ( 1.000000000000000000, 4.770489558936030183E-14, 0.000000000000000000 ) ) ;
#2488 = CARTESIAN_POINT ( 'NONE',  ( 0.4249999999999999889, 0.9499745962155619061, 0.000000000000000000 ) ) ;
#2489 = ORIENTED_EDGE ( 'NONE', *, *, #2692, .T. ) ;
#2490 = ORIENTED_EDGE ( 'NONE', *, *, #2709, .T. ) ;
#2491 = CIRCLE ( 'NONE', #278, 0.1000000000000230288 ) ;
#2492 = LINE ( 'NONE', #2224, #402 ) ;
#2493 = LINE ( 'NONE', #1058, #3354 ) ;
#2494 = VECTOR ( 'NONE', #1276, 1000.000000000000000 ) ;
#2495 = VECTOR ( 'NONE', #448, 1000.000000000000000 ) ;
#2496 = VECTOR ( 'NONE', #3696, 1000.000000000000000 ) ;
#2497 = VECTOR ( 'NONE', #2772, 1000.000000000000000 ) ;
#2498 = DIRECTION ( 'NONE',  ( 0.000000000000000000, -1.000000000000000000, 0.000000000000000000 ) ) ;
#2499 = ORIENTED_EDGE ( 'NONE', *, *, #780, .T. ) ;
#2500 = VECTOR ( 'NONE', #113, 1000.000000000000000 ) ;
#2501 = CYLINDRICAL_SURFACE ( 'NONE', #3597, 0.1000000000000120237 ) ;
#2502 = LINE ( 'NONE', #2275, #1109 ) ;
#2503 = EDGE_CURVE ( 'NONE', #2630, #2518, #2020, .T. ) ;
#2504 = CARTESIAN_POINT ( 'NONE',  ( 1.075000000000039924, 0.1499999999999779843, -0.5999999999999999778 ) ) ;
#2505 = CIRCLE ( 'NONE', #541, 0.1000000000000080130 ) ;
#2506 = CARTESIAN_POINT ( 'NONE',  ( 0.8750000025804340886, -0.4999999999999519829, -0.5000000000000000000 ) ) ;
#2507 = CARTESIAN_POINT ( 'NONE',  ( 0.9718245863162193743, -0.5750000003120986358, -0.5000000000000000000 ) ) ;
#2508 = CARTESIAN_POINT ( 'NONE',  ( -0.2749999999999639955, 1.250000000000000000, -0.5000000000000000000 ) ) ;
#2509 = CIRCLE ( 'NONE', #350, 0.09999999999998020195 ) ;
#2510 = EDGE_CURVE ( 'NONE', #88, #331, #160, .T. ) ;
#2511 = ORIENTED_EDGE ( 'NONE', *, *, #2661, .T. ) ;
#2512 = VECTOR ( 'NONE', #2363, 1000.000000000000000 ) ;
#2513 = DIRECTION ( 'NONE',  ( -0.000000000000000000, -0.000000000000000000, -1.000000000000000000 ) ) ;
#2514 = VERTEX_POINT ( 'NONE', #800 ) ;
#2515 = LINE ( 'NONE', #2243, #1817 ) ;
#2516 = LINE ( 'NONE', #1294, #2496 ) ;
#2517 = DIRECTION ( 'NONE',  ( -0.000000000000000000, -2.220446049250310123E-16, 1.000000000000000000 ) ) ;
#2518 = VERTEX_POINT ( 'NONE', #2899 ) ;
#2519 = LINE ( 'NONE', #2230, #549 ) ;
#2520 = DIRECTION ( 'NONE',  ( -0.000000000000000000, 2.220446049250310123E-16, -1.000000000000000000 ) ) ;
#2521 = EDGE_CURVE ( 'NONE', #2386, #3392, #1437, .T. ) ;
#2522 = PLANE ( 'NONE',  #3616 ) ;
#2523 = EDGE_CURVE ( 'NONE', #2736, #3011, #470, .T. ) ;
#2524 = DIRECTION ( 'NONE',  ( 0.000000000000000000, 1.000000000000000000, 0.000000000000000000 ) ) ;
#2525 = CYLINDRICAL_SURFACE ( 'NONE', #3363, 0.1000000000000119960 ) ;
#2526 = EDGE_LOOP ( 'NONE', ( #1417, #1818, #3271 ) ) ;
#2527 = ORIENTED_EDGE ( 'NONE', *, *, #2627, .T. ) ;
#2528 = CARTESIAN_POINT ( 'NONE',  ( -0.07499999999997450373, -0.3999999999999909739, -0.6979999999999999538 ) ) ;
#2529 = LINE ( 'NONE', #1460, #2334 ) ;
#2530 = EDGE_LOOP ( 'NONE', ( #3692, #2206, #3706, #3362 ) ) ;
#2531 = DIRECTION ( 'NONE',  ( -1.000000000000000000, -0.000000000000000000, -0.000000000000000000 ) ) ;
#2532 = CARTESIAN_POINT ( 'NONE',  ( 0.000000000000000000, 1.649999999999999911, 0.000000000000000000 ) ) ;
#2533 = DATE_AND_TIME ( #1367, #1931 ) ;
#2534 = EDGE_CURVE ( 'NONE', #3241, #2096, #2529, .T. ) ;
#2535 = CYLINDRICAL_SURFACE ( 'NONE', #3113, 0.09999999999999191480 ) ;
#2536 = ORIENTED_EDGE ( 'NONE', *, *, #3613, .T. ) ;
#2537 = DIRECTION ( 'NONE',  ( -1.000000000000000000, -0.000000000000000000, -0.000000000000000000 ) ) ;
#2538 = VERTEX_POINT ( 'NONE', #3558 ) ;
#2539 = VERTEX_POINT ( 'NONE', #2629 ) ;
#2540 = CARTESIAN_POINT ( 'NONE',  ( -0.9750000000000229594, 6.083862687778889869E-16, -0.5999999999999999778 ) ) ;
#2541 = FACE_OUTER_BOUND ( 'NONE', #685, .T. ) ;
#2542 = FACE_OUTER_BOUND ( 'NONE', #2412, .T. ) ;
#2543 = EDGE_CURVE ( 'NONE', #1253, #141, #2813, .T. ) ;
#2544 = VERTEX_POINT ( 'NONE', #2939 ) ;
#2545 = ORIENTED_EDGE ( 'NONE', *, *, #3733, .F. ) ;
#2546 = CIRCLE ( 'NONE', #3095, 0.1000000000000079992 ) ;
#2547 = CARTESIAN_POINT ( 'NONE',  ( -1.125000311988479940, 0.7500000000000009992, -0.6999999999999999556 ) ) ;
#2548 = DIRECTION ( 'NONE',  ( 1.000000000000000000, 0.000000000000000000, 0.000000000000000000 ) ) ;
#2549 = ADVANCED_FACE ( 'NONE', ( #1202 ), #2056, .T. ) ;
#2550 = ORIENTED_EDGE ( 'NONE', *, *, #3093, .T. ) ;
#2551 = CARTESIAN_POINT ( 'NONE',  ( 0.000000000000000000, 1.520000000000000018, 0.001000000000000000021 ) ) ;
#2552 = DIRECTION ( 'NONE',  ( 0.000000000000000000, 0.2588190451025210170, -0.9659258262890680902 ) ) ;
#2553 = AXIS2_PLACEMENT_3D ( 'NONE', #2716, #1359, #3451 ) ;
#2554 = DIRECTION ( 'NONE',  ( -0.000000000000000000, -2.220446049250310123E-16, 1.000000000000000000 ) ) ;
#2555 = VECTOR ( 'NONE', #2845, 1000.000000000000000 ) ;
#2556 = ORIENTED_EDGE ( 'NONE', *, *, #216, .T. ) ;
#2557 = CARTESIAN_POINT ( 'NONE',  ( -1.125000311988479940, 1.650000000312159987, -0.6999999999999999556 ) ) ;
#2558 = EDGE_CURVE ( 'NONE', #253, #1253, #2633, .T. ) ;
#2559 = CIRCLE ( 'NONE', #468, 0.1000000000000079575 ) ;
#2560 = LINE ( 'NONE', #2506, #783 ) ;
#2561 = AXIS2_PLACEMENT_3D ( 'NONE', #3147, #513, #1767 ) ;
#2562 = CARTESIAN_POINT ( 'NONE',  ( -0.4249999999999999889, -0.4500000000000000666, 0.000000000000000000 ) ) ;
#2563 = DIRECTION ( 'NONE',  ( -0.000000000000000000, -2.220446049250310123E-16, 1.000000000000000000 ) ) ;
#2564 = ORIENTED_EDGE ( 'NONE', *, *, #2001, .T. ) ;
#2565 = ORIENTED_EDGE ( 'NONE', *, *, #2803, .T. ) ;
#2566 = AXIS2_PLACEMENT_3D ( 'NONE', #629, #2686, #2921 ) ;
#2567 = CARTESIAN_POINT ( 'NONE',  ( -3.252606517456509851E-16, -1.250000000000000000, -0.6979999999999999538 ) ) ;
#2568 = VECTOR ( 'NONE', #176, 1000.000000000000000 ) ;
#2569 = LINE ( 'NONE', #469, #1340 ) ;
#2570 = LINE ( 'NONE', #3752, #1956 ) ;
#2571 = ORIENTED_EDGE ( 'NONE', *, *, #786, .T. ) ;
#2572 = AXIS2_PLACEMENT_3D ( 'NONE', #2342, #3255, #6 ) ;
#2573 = LINE ( 'NONE', #1122, #1030 ) ;
#2574 = DIRECTION ( 'NONE',  ( 0.000000000000000000, 1.000000000000000000, 0.000000000000000000 ) ) ;
#2575 = EDGE_CURVE ( 'NONE', #3090, #2690, #1647, .T. ) ;
#2576 = CARTESIAN_POINT ( 'NONE',  ( -0.4249999999999999889, -0.8159999999999999476, -0.5000000000000000000 ) ) ;
#2577 = CARTESIAN_POINT ( 'NONE',  ( -1.125000311988479940, -0.7499999999999984457, -0.6000000000000007550 ) ) ;
#2578 = ORIENTED_EDGE ( 'NONE', *, *, #1842, .F. ) ;
#2579 = LINE ( 'NONE', #2293, #3435 ) ;
#2580 = APPLICATION_PROTOCOL_DEFINITION ( 'international standard', 'config_control_design', 1994, #450 ) ;
#2581 = CARTESIAN_POINT ( 'NONE',  ( 0.8750000027560239646, 1.299999999642400095, -0.6999999999999999556 ) ) ;
#2582 = DIRECTION ( 'NONE',  ( 0.000000000000000000, -1.000000000000000000, 0.000000000000000000 ) ) ;
#2583 = EDGE_CURVE ( 'NONE', #2042, #3311, #1812, .T. ) ;
#2584 = EDGE_LOOP ( 'NONE', ( #2088, #2475, #1930, #3197 ) ) ;
#2585 = DIRECTION ( 'NONE',  ( 0.000000000000000000, 2.220446049250310123E-16, -1.000000000000000000 ) ) ;
#2586 = EDGE_LOOP ( 'NONE', ( #875, #3395, #1894, #956, #1223, #420, #2271, #1128 ) ) ;
#2587 = DIRECTION ( 'NONE',  ( -0.7071067811865474617, 0.7071067811865474617, 0.000000000000000000 ) ) ;
#2588 = CARTESIAN_POINT ( 'NONE',  ( -0.9750000000000811351, 0.04999999999997643829, -0.5999999999999999778 ) ) ;
#2589 = VERTEX_POINT ( 'NONE', #61 ) ;
#2590 = DIRECTION ( 'NONE',  ( 1.000000000000000000, 0.000000000000000000, 0.000000000000000000 ) ) ;
#2591 = FACE_OUTER_BOUND ( 'NONE', #1461, .T. ) ;
#2592 = SHAPE_DEFINITION_REPRESENTATION ( #1486, #431 ) ;
#2593 = ADVANCED_FACE ( 'NONE', ( #2366 ), #2702, .F. ) ;
#2594 = LINE ( 'NONE', #2782, #1467 ) ;
#2595 = EDGE_CURVE ( 'NONE', #1517, #3779, #937, .T. ) ;
#2596 = ORIENTED_EDGE ( 'NONE', *, *, #2001, .F. ) ;
#2597 = CARTESIAN_POINT ( 'NONE',  ( -0.8249999999998873790, -0.5499999999998951283, -0.6979999999999999538 ) ) ;
#2598 = VERTEX_POINT ( 'NONE', #312 ) ;
#2599 = EDGE_CURVE ( 'NONE', #487, #1364, #627, .T. ) ;
#2600 = ORIENTED_EDGE ( 'NONE', *, *, #1200, .F. ) ;
#2601 = DIRECTION ( 'NONE',  ( 0.000000000000000000, -2.220446049250310123E-16, 1.000000000000000000 ) ) ;
#2602 = LINE ( 'NONE', #1195, #2268 ) ;
#2603 = ORIENTED_EDGE ( 'NONE', *, *, #830, .F. ) ;
#2604 = CARTESIAN_POINT ( 'NONE',  ( 0.5350000000000250111, 0.1650000000000009515, -0.6999999999999999556 ) ) ;
#2605 = ORIENTED_EDGE ( 'NONE', *, *, #2267, .F. ) ;
#2606 = ADVANCED_FACE ( 'NONE', ( #26 ), #3275, .T. ) ;
#2607 = DIRECTION ( 'NONE',  ( -1.000000000000000000, -0.000000000000000000, -0.000000000000000000 ) ) ;
#2608 = VERTEX_POINT ( 'NONE', #3261 ) ;
#2609 = VECTOR ( 'NONE', #986, 1000.000000000000000 ) ;
#2610 = FACE_OUTER_BOUND ( 'NONE', #665, .T. ) ;
#2611 = LINE ( 'NONE', #179, #2258 ) ;
#2612 = FACE_OUTER_BOUND ( 'NONE', #1007, .T. ) ;
#2613 = ORIENTED_EDGE ( 'NONE', *, *, #314, .F. ) ;
#2614 = FACE_OUTER_BOUND ( 'NONE', #2022, .T. ) ;
#2615 = VECTOR ( 'NONE', #3457, 1000.000000000000000 ) ;
#2616 = VECTOR ( 'NONE', #3520, 1000.000000000000000 ) ;
#2617 = CYLINDRICAL_SURFACE ( 'NONE', #3593, 0.1000000000000079575 ) ;
#2618 = ORIENTED_EDGE ( 'NONE', *, *, #3592, .T. ) ;
#2619 = EDGE_CURVE ( 'NONE', #815, #2794, #1408, .T. ) ;
#2620 = VECTOR ( 'NONE', #231, 1000.000000000000000 ) ;
#2621 = FACE_OUTER_BOUND ( 'NONE', #2457, .T. ) ;
#2622 = DIRECTION ( 'NONE',  ( 0.000000000000000000, 1.000000000000000000, 2.220446049250310123E-16 ) ) ;
#2623 = ORIENTED_EDGE ( 'NONE', *, *, #2503, .T. ) ;
#2624 = PLANE ( 'NONE',  #2949 ) ;
#2625 = CIRCLE ( 'NONE', #961, 0.1000000000000079575 ) ;
#2626 = CIRCLE ( 'NONE', #1950, 0.1000000000000089428 ) ;
#2627 = EDGE_CURVE ( 'NONE', #2719, #134, #2971, .T. ) ;
#2628 = FACE_OUTER_BOUND ( 'NONE', #445, .T. ) ;
#2629 = CARTESIAN_POINT ( 'NONE',  ( -1.125000000000042633, 1.650000000077866957, -0.6979999999999999538 ) ) ;
#2630 = VERTEX_POINT ( 'NONE', #2403 ) ;
#2631 = DIRECTION ( 'NONE',  ( -1.000000000000000000, -0.000000000000000000, -0.000000000000000000 ) ) ;
#2632 = CARTESIAN_POINT ( 'NONE',  ( -1.125000311988479940, 1.150000000000009903, -0.6999999999999998446 ) ) ;
#2633 = CIRCLE ( 'NONE', #2945, 0.09999999999999982514 ) ;
#2634 = ORIENTED_EDGE ( 'NONE', *, *, #1487, .T. ) ;
#2635 = VERTEX_POINT ( 'NONE', #3576 ) ;
#2636 = ORIENTED_EDGE ( 'NONE', *, *, #2599, .T. ) ;
#2637 = DIRECTION ( 'NONE',  ( 0.000000000000000000, 1.000000000000000000, 0.000000000000000000 ) ) ;
#2638 = CARTESIAN_POINT ( 'NONE',  ( -1.125000311988479940, 1.250000000000000000, -0.6999999999999998446 ) ) ;
#2639 = EDGE_LOOP ( 'NONE', ( #3410, #2900, #3785, #2720 ) ) ;
#2640 = EDGE_LOOP ( 'NONE', ( #1838, #2364, #2892, #2832 ) ) ;
#2641 = ADVANCED_FACE ( 'NONE', ( #2105 ), #641, .T. ) ;
#2642 = LINE ( 'NONE', #3472, #105 ) ;
#2643 = VERTEX_POINT ( 'NONE', #3502 ) ;
#2644 = ADVANCED_FACE ( 'NONE', ( #863 ), #2041, .T. ) ;
#2645 = FACE_OUTER_BOUND ( 'NONE', #670, .T. ) ;
#2646 = DIRECTION ( 'NONE',  ( 0.000000000000000000, 0.000000000000000000, 1.000000000000000000 ) ) ;
#2647 = VERTEX_POINT ( 'NONE', #1745 ) ;
#2648 = EDGE_CURVE ( 'NONE', #2643, #1769, #273, .T. ) ;
#2649 = DIRECTION ( 'NONE',  ( 0.000000000000000000, 2.220446049250310123E-16, -1.000000000000000000 ) ) ;
#2650 = DIRECTION ( 'NONE',  ( 0.000000000000000000, 2.220446049250310123E-16, -1.000000000000000000 ) ) ;
#2651 = VERTEX_POINT ( 'NONE', #2431 ) ;
#2652 = LINE ( 'NONE', #1553, #3548 ) ;
#2653 = COORDINATED_UNIVERSAL_TIME_OFFSET ( 1, 0, .AHEAD. ) ;
#2654 = ADVANCED_FACE ( 'NONE', ( #444 ), #1590, .T. ) ;
#2655 = ORIENTED_EDGE ( 'NONE', *, *, #1328, .T. ) ;
#2656 = DIRECTION ( 'NONE',  ( 3.576727039576279942E-30, -5.761444336805827682E-44, 1.000000000000000000 ) ) ;
#2657 = CARTESIAN_POINT ( 'NONE',  ( 1.125000311988479940, 1.650000000312159987, -0.5999999999999999778 ) ) ;
#2658 = ORIENTED_EDGE ( 'NONE', *, *, #1454, .T. ) ;
#2659 = DIRECTION ( 'NONE',  ( 1.000000000000000000, 0.000000000000000000, 0.000000000000000000 ) ) ;
#2660 = ORIENTED_EDGE ( 'NONE', *, *, #3511, .T. ) ;
#2661 = EDGE_CURVE ( 'NONE', #2786, #757, #2775, .T. ) ;
#2662 = LINE ( 'NONE', #1783, #1458 ) ;
#2663 = CARTESIAN_POINT ( 'NONE',  ( -1.075000000000150058, 1.050000000000000044, -0.6999999999999999556 ) ) ;
#2664 = ORIENTED_EDGE ( 'NONE', *, *, #3259, .F. ) ;
#2665 = LINE ( 'NONE', #1515, #2940 ) ;
#2666 = ADVANCED_FACE ( 'NONE', ( #381 ), #1625, .F. ) ;
#2667 = VERTEX_POINT ( 'NONE', #736 ) ;
#2668 = DIRECTION ( 'NONE',  ( 1.000000000000000000, 0.000000000000000000, 0.000000000000000000 ) ) ;
#2669 = CC_DESIGN_APPROVAL ( #3541, ( #3412 ) ) ;
#2670 = ORIENTED_EDGE ( 'NONE', *, *, #414, .T. ) ;
#2671 = ORIENTED_EDGE ( 'NONE', *, *, #664, .T. ) ;
#2672 = EDGE_CURVE ( 'NONE', #2162, #2123, #3249, .T. ) ;
#2673 = CARTESIAN_POINT ( 'NONE',  ( -0.4249999999999999889, 0.4500000000000000666, 0.000000000000000000 ) ) ;
#2674 = DIRECTION ( 'NONE',  ( 0.000000000000000000, -1.000000000000000000, -2.220446049250310123E-16 ) ) ;
#2675 = ORIENTED_EDGE ( 'NONE', *, *, #2891, .F. ) ;
#2676 = VECTOR ( 'NONE', #3372, 1000.000000000000000 ) ;
#2677 = EDGE_LOOP ( 'NONE', ( #1819, #3495, #196, #3057 ) ) ;
#2678 = DIRECTION ( 'NONE',  ( -0.000000000000000000, -0.000000000000000000, -1.000000000000000000 ) ) ;
#2679 = VECTOR ( 'NONE', #3808, 1000.000000000000000 ) ;
#2680 = CIRCLE ( 'NONE', #153, 0.1000000000000020040 ) ;
#2681 = DIRECTION ( 'NONE',  ( 0.000000000000000000, -2.220446049250310123E-16, 1.000000000000000000 ) ) ;
#2682 = CARTESIAN_POINT ( 'NONE',  ( 0.000000000000000000, 0.9499745962155621282, 0.000000000000000000 ) ) ;
#2683 = ORIENTED_EDGE ( 'NONE', *, *, #1558, .F. ) ;
#2684 = CIRCLE ( 'NONE', #1029, 0.4972951043030662266 ) ;
#2685 = CIRCLE ( 'NONE', #155, 0.1000000000000079575 ) ;
#2686 = DIRECTION ( 'NONE',  ( 0.000000000000000000, 2.220446049250310123E-16, -1.000000000000000000 ) ) ;
#2687 = VECTOR ( 'NONE', #3063, 1000.000000000000000 ) ;
#2688 = EDGE_CURVE ( 'NONE', #1813, #2840, #3065, .T. ) ;
#2689 = AXIS2_PLACEMENT_3D ( 'NONE', #3458, #1120, #3159 ) ;
#2690 = VERTEX_POINT ( 'NONE', #1567 ) ;
#2691 = PLANE ( 'NONE',  #2990 ) ;
#2692 = EDGE_CURVE ( 'NONE', #2417, #1732, #73, .T. ) ;
#2693 = AXIS2_PLACEMENT_3D ( 'NONE', #1806, #3514, #3551 ) ;
#2694 = VECTOR ( 'NONE', #1108, 1000.000000000000000 ) ;
#2695 = EDGE_CURVE ( 'NONE', #174, #270, #2121, .T. ) ;
#2696 = DIRECTION ( 'NONE',  ( 0.000000000000000000, 1.000000000000000000, 0.000000000000000000 ) ) ;
#2697 = CARTESIAN_POINT ( 'NONE',  ( 1.224999999999939915, 0.7499999999999841238, -0.6999999999999999556 ) ) ;
#2698 = EDGE_LOOP ( 'NONE', ( #306, #491, #3591, #1552 ) ) ;
#2699 = PLANE ( 'NONE',  #612 ) ;
#2700 = EDGE_CURVE ( 'NONE', #2231, #1490, #3651, .T. ) ;
#2701 = CARTESIAN_POINT ( 'NONE',  ( -3.252606517456509851E-16, -0.6500000000000050182, -0.5000000000000000000 ) ) ;
#2702 = CYLINDRICAL_SURFACE ( 'NONE', #478, 0.1000000000000089428 ) ;
#2703 = VERTEX_POINT ( 'NONE', #3010 ) ;
#2704 = ORIENTED_EDGE ( 'NONE', *, *, #3259, .T. ) ;
#2705 = VERTEX_POINT ( 'NONE', #1549 ) ;
#2706 = CARTESIAN_POINT ( 'NONE',  ( 0.9249745962267620358, 0.4500000000000000666, 0.000000000000000000 ) ) ;
#2707 = EDGE_CURVE ( 'NONE', #3399, #3037, #2083, .T. ) ;
#2708 = ORIENTED_EDGE ( 'NONE', *, *, #1503, .F. ) ;
#2709 = EDGE_CURVE ( 'NONE', #3554, #267, #919, .T. ) ;
#2710 = DIRECTION ( 'NONE',  ( 0.000000000000000000, 1.000000000000000000, 0.000000000000000000 ) ) ;
#2711 = LINE ( 'NONE', #3034, #229 ) ;
#2712 = VERTEX_POINT ( 'NONE', #2179 ) ;
#2713 = DIRECTION ( 'NONE',  ( 0.000000000000000000, 0.000000000000000000, 1.000000000000000000 ) ) ;
#2714 = ORIENTED_EDGE ( 'NONE', *, *, #2241, .F. ) ;
#2715 = DIRECTION ( 'NONE',  ( 0.000000000000000000, -1.000000000000000000, -2.220446049250310123E-16 ) ) ;
#2716 = CARTESIAN_POINT ( 'NONE',  ( -3.545783448857560171E-16, -0.2649999999999990141, -1.307058521919900240 ) ) ;
#2717 = CARTESIAN_POINT ( 'NONE',  ( 0.8750000025804340886, -0.5999999999999540146, -0.5000000000000000000 ) ) ;
#2718 = VERTEX_POINT ( 'NONE', #3610 ) ;
#2719 = VERTEX_POINT ( 'NONE', #2488 ) ;
#2720 = ORIENTED_EDGE ( 'NONE', *, *, #1080, .F. ) ;
#2721 = FACE_OUTER_BOUND ( 'NONE', #3628, .T. ) ;
#2722 = EDGE_LOOP ( 'NONE', ( #3618, #119, #579, #879, #604, #3722 ) ) ;
#2723 = ORIENTED_EDGE ( 'NONE', *, *, #559, .F. ) ;
#2724 = CARTESIAN_POINT ( 'NONE',  ( 1.074999999999960210, 0.8500000000000069722, -0.5999999999999999778 ) ) ;
#2725 = DIRECTION ( 'NONE',  ( 1.000000000000000000, 0.000000000000000000, 0.000000000000000000 ) ) ;
#2726 = ORIENTED_EDGE ( 'NONE', *, *, #1413, .T. ) ;
#2727 = CARTESIAN_POINT ( 'NONE',  ( -1.075000000000100098, -0.1500000000000049905, -0.6999999999999999556 ) ) ;
#2728 = ORIENTED_EDGE ( 'NONE', *, *, #1406, .F. ) ;
#2729 = EDGE_CURVE ( 'NONE', #58, #2712, #3668, .T. ) ;
#2730 = VECTOR ( 'NONE', #3206, 1000.000000000000000 ) ;
#2731 = CARTESIAN_POINT ( 'NONE',  ( 0.9749999999999350297, 0.8500000000000069722, -0.6999999999999998446 ) ) ;
#2732 = CARTESIAN_POINT ( 'NONE',  ( 1.068649170051819919, -1.399999999999989919, -0.7000000000000009548 ) ) ;
#2733 = ORIENTED_EDGE ( 'NONE', *, *, #1788, .F. ) ;
#2734 = AXIS2_PLACEMENT_3D ( 'NONE', #2581, #3254, #287 ) ;
#2735 = CIRCLE ( 'NONE', #3047, 0.1000000000000089428 ) ;
#2736 = VERTEX_POINT ( 'NONE', #3350 ) ;
#2737 = ORIENTED_EDGE ( 'NONE', *, *, #1912, .T. ) ;
#2738 = FACE_OUTER_BOUND ( 'NONE', #2135, .T. ) ;
#2739 = VECTOR ( 'NONE', #2333, 1000.000000000000000 ) ;
#2740 = EDGE_CURVE ( 'NONE', #391, #2630, #133, .T. ) ;
#2741 = CIRCLE ( 'NONE', #2994, 0.1000000000000100253 ) ;
#2742 = DIRECTION ( 'NONE',  ( 1.000000000000000000, 0.000000000000000000, -0.000000000000000000 ) ) ;
#2743 = ORIENTED_EDGE ( 'NONE', *, *, #935, .F. ) ;
#2744 = VECTOR ( 'NONE', #2958, 1000.000000000000000 ) ;
#2745 = DIRECTION ( 'NONE',  ( 0.000000000000000000, 1.000000000000000000, 0.000000000000000000 ) ) ;
#2746 = LINE ( 'NONE', #2981, #1594 ) ;
#2747 = ORIENTED_EDGE ( 'NONE', *, *, #2370, .F. ) ;
#2748 = AXIS2_PLACEMENT_3D ( 'NONE', #983, #2462, #3308 ) ;
#2749 = LINE ( 'NONE', #3629, #2609 ) ;
#2750 = ORIENTED_EDGE ( 'NONE', *, *, #1800, .F. ) ;
#2751 = DIRECTION ( 'NONE',  ( 0.000000000000000000, 1.000000000000000000, 0.000000000000000000 ) ) ;
#2752 = CARTESIAN_POINT ( 'NONE',  ( -0.7750000000000001332, -1.650000000156079949, 1.524659305057740610E-17 ) ) ;
#2753 = EDGE_CURVE ( 'NONE', #1309, #1650, #1892, .T. ) ;
#2754 = AXIS2_PLACEMENT_3D ( 'NONE', #2557, #3761, #789 ) ;
#2755 = PLANE ( 'NONE',  #3411 ) ;
#2756 = DIRECTION ( 'NONE',  ( 0.000000000000000000, 2.220446049250310123E-16, -1.000000000000000000 ) ) ;
#2757 = EDGE_CURVE ( 'NONE', #58, #2211, #93, .T. ) ;
#2758 = ORIENTED_EDGE ( 'NONE', *, *, #2907, .F. ) ;
#2759 = EDGE_CURVE ( 'NONE', #2967, #2436, #2505, .T. ) ;
#2760 = ORIENTED_EDGE ( 'NONE', *, *, #2583, .T. ) ;
#2761 = DIRECTION ( 'NONE',  ( -1.000000000000000000, -0.000000000000000000, -0.000000000000000000 ) ) ;
#2762 = CARTESIAN_POINT ( 'NONE',  ( 0.000000000000000000, 1.120000000000000107, 0.001000000000000000021 ) ) ;
#2763 = CARTESIAN_POINT ( 'NONE',  ( 1.125000311988479940, 1.650000000312159987, -0.6999999999999999556 ) ) ;
#2764 = DIRECTION ( 'NONE',  ( 0.000000000000000000, -2.220446049250310123E-16, 1.000000000000000000 ) ) ;
#2765 = EDGE_CURVE ( 'NONE', #106, #3290, #3043, .T. ) ;
#2766 = ORIENTED_EDGE ( 'NONE', *, *, #3272, .T. ) ;
#2767 = DIRECTION ( 'NONE',  ( 0.000000000000000000, -2.220446049250310123E-16, 1.000000000000000000 ) ) ;
#2768 = CARTESIAN_POINT ( 'NONE',  ( -0.9750000000000225153, -1.049999999999974953, -0.7000000000000009548 ) ) ;
#2769 = ORIENTED_EDGE ( 'NONE', *, *, #2122, .F. ) ;
#2770 = FACE_OUTER_BOUND ( 'NONE', #1307, .T. ) ;
#2771 = VERTEX_POINT ( 'NONE', #3373 ) ;
#2772 = DIRECTION ( 'NONE',  ( 0.000000000000000000, 2.220446049250310123E-16, -1.000000000000000000 ) ) ;
#2773 = CARTESIAN_POINT ( 'NONE',  ( 0.3749999999999565348, -1.400000000000139355, -0.6979999999999999538 ) ) ;
#2774 = CARTESIAN_POINT ( 'NONE',  ( -0.4249999999999999889, 0.9472951042912501896, -0.01000000000000002623 ) ) ;
#2775 = LINE ( 'NONE', #970, #1035 ) ;
#2776 = VERTEX_POINT ( 'NONE', #191 ) ;
#2777 = ORIENTED_EDGE ( 'NONE', *, *, #2407, .T. ) ;
#2778 = DIRECTION ( 'NONE',  ( -0.000000000000000000, -2.220446049250310123E-16, 1.000000000000000000 ) ) ;
#2779 = CARTESIAN_POINT ( 'NONE',  ( -0.07499999999994631794, 0.3000000000000120348, -0.7000000000000000666 ) ) ;
#2780 = LINE ( 'NONE', #1577, #658 ) ;
#2781 = ORIENTED_EDGE ( 'NONE', *, *, #576, .F. ) ;
#2782 = CARTESIAN_POINT ( 'NONE',  ( 0.9750000000000219602, 0.04999999999998359229, -0.6999999999999999556 ) ) ;
#2783 = FACE_OUTER_BOUND ( 'NONE', #348, .T. ) ;
#2784 = CARTESIAN_POINT ( 'NONE',  ( 1.125000272989919781, -0.6500000006242211414, -0.7000000000000009548 ) ) ;
#2785 = APPROVAL_PERSON_ORGANIZATION ( #241, #2102, #804 ) ;
#2786 = VERTEX_POINT ( 'NONE', #3430 ) ;
#2787 = CARTESIAN_POINT ( 'NONE',  ( -3.252606517456509851E-16, -1.400000000000019895, -0.5000000000000009992 ) ) ;
#2788 = DIRECTION ( 'NONE',  ( -0.000000000000000000, -2.220446049250310123E-16, 1.000000000000000000 ) ) ;
#2789 = PLANE ( 'NONE',  #2006 ) ;
#2790 = DIRECTION ( 'NONE',  ( 0.000000000000000000, -1.000000000000000000, 0.000000000000000000 ) ) ;
#2791 = ORIENTED_EDGE ( 'NONE', *, *, #3040, .T. ) ;
#2792 = CIRCLE ( 'NONE', #1154, 0.4972951042622695272 ) ;
#2793 = DIRECTION ( 'NONE',  ( 0.000000000000000000, 1.000000000000000000, 0.000000000000000000 ) ) ;
#2794 = VERTEX_POINT ( 'NONE', #795 ) ;
#2795 = AXIS2_PLACEMENT_3D ( 'NONE', #2815, #504, #171 ) ;
#2796 = DIRECTION ( 'NONE',  ( 0.000000000000000000, 0.000000000000000000, 1.000000000000000000 ) ) ;
#2797 = CARTESIAN_POINT ( 'NONE',  ( 1.074999999999920020, -0.8500000000000069722, -0.6000000000000009770 ) ) ;
#2798 = CARTESIAN_POINT ( 'NONE',  ( -1.125000000000042633, -1.650000000077866957, -0.6979999999999999538 ) ) ;
#2799 = LINE ( 'NONE', #2763, #485 ) ;
#2800 = AXIS2_PLACEMENT_3D ( 'NONE', #2461, #635, #41 ) ;
#2801 = ADVANCED_FACE ( 'NONE', ( #2542 ), #3405, .T. ) ;
#2802 = ORIENTED_EDGE ( 'NONE', *, *, #3281, .T. ) ;
#2803 = EDGE_CURVE ( 'NONE', #3652, #3647, #1663, .T. ) ;
#2804 = VECTOR ( 'NONE', #143, 1000.000000000000000 ) ;
#2805 = FACE_OUTER_BOUND ( 'NONE', #1238, .T. ) ;
#2806 = VERTEX_POINT ( 'NONE', #2816 ) ;
#2807 = VECTOR ( 'NONE', #2742, 1000.000000000000000 ) ;
#2808 = DIRECTION ( 'NONE',  ( -0.000000000000000000, -1.000000000000000000, -0.000000000000000000 ) ) ;
#2809 = EDGE_CURVE ( 'NONE', #456, #2539, #3452, .T. ) ;
#2810 = ORIENTED_EDGE ( 'NONE', *, *, #2315, .F. ) ;
#2811 = EDGE_CURVE ( 'NONE', #850, #2712, #3497, .T. ) ;
#2812 = LINE ( 'NONE', #128, #3604 ) ;
#2813 = CIRCLE ( 'NONE', #1172, 0.1000000000000020040 ) ;
#2814 = DIRECTION ( 'NONE',  ( 0.000000000000000000, 2.220446049250310123E-16, -1.000000000000000000 ) ) ;
#2815 = CARTESIAN_POINT ( 'NONE',  ( -3.252606517456509851E-16, 0.6500000000000060174, -0.5000000000000000000 ) ) ;
#2816 = CARTESIAN_POINT ( 'NONE',  ( -1.125000077997120096, -1.300000000000000266, -0.1000000000000000194 ) ) ;
#2817 = CIRCLE ( 'NONE', #1654, 0.1000000000000089428 ) ;
#2818 = VERTEX_POINT ( 'NONE', #832 ) ;
#2819 = CIRCLE ( 'NONE', #1178, 0.4999745962329994464 ) ;
#2820 = ADVANCED_FACE ( 'NONE', ( #3721 ), #812, .T. ) ;
#2821 = DIRECTION ( 'NONE',  ( -7.196391919873960679E-14, 1.000000000000000000, 0.000000000000000000 ) ) ;
#2822 = CARTESIAN_POINT ( 'NONE',  ( -0.9250000000000540012, 1.250000000000000000, -0.6999999999999998446 ) ) ;
#2823 = ORIENTED_EDGE ( 'NONE', *, *, #1990, .T. ) ;
#2824 = DIRECTION ( 'NONE',  ( -1.000000000000000000, -0.000000000000000000, -0.000000000000000000 ) ) ;
#2825 = DIRECTION ( 'NONE',  ( 0.9659258262890682012, 0.000000000000000000, -0.2588190451025210725 ) ) ;
#2826 = ORIENTED_EDGE ( 'NONE', *, *, #2181, .T. ) ;
#2827 = DIRECTION ( 'NONE',  ( -0.000000000000000000, -1.000000000000000000, 0.000000000000000000 ) ) ;
#2828 = EDGE_LOOP ( 'NONE', ( #3802, #2425, #1852, #2449 ) ) ;
#2829 = EDGE_CURVE ( 'NONE', #397, #1072, #2011, .T. ) ;
#2830 = LINE ( 'NONE', #3739, #2205 ) ;
#2831 = CARTESIAN_POINT ( 'NONE',  ( 0.9749999999999141576, -1.049999999999980060, -0.7000000000000009548 ) ) ;
#2832 = ORIENTED_EDGE ( 'NONE', *, *, #319, .T. ) ;
#2833 = DIRECTION ( 'NONE',  ( 0.000000000000000000, 0.000000000000000000, -1.000000000000000000 ) ) ;
#2834 = ADVANCED_FACE ( 'NONE', ( #750 ), #2851, .F. ) ;
#2835 = DIRECTION ( 'NONE',  ( -2.168404337230908798E-15, -1.000000000000000000, 0.000000000000000000 ) ) ;
#2836 = CARTESIAN_POINT ( 'NONE',  ( -0.8249999999999889644, -0.3500000000000220157, -0.6999999999999999556 ) ) ;
#2837 = ORIENTED_EDGE ( 'NONE', *, *, #2085, .F. ) ;
#2838 = LINE ( 'NONE', #3376, #3803 ) ;
#2839 = DIRECTION ( 'NONE',  ( 0.000000000000000000, 1.000000000000000000, -0.000000000000000000 ) ) ;
#2840 = VERTEX_POINT ( 'NONE', #1928 ) ;
#2841 = DIRECTION ( 'NONE',  ( 0.000000000000000000, -1.000000000000000000, -0.000000000000000000 ) ) ;
#2842 = CARTESIAN_POINT ( 'NONE',  ( 0.1849999999997749833, 0.5500000000000260236, -0.6999999999999999556 ) ) ;
#2843 = PERSON_AND_ORGANIZATION_ROLE ( 'creator' ) ;
#2844 = ADVANCED_FACE ( 'NONE', ( #2218 ), #3565, .F. ) ;
#2845 = DIRECTION ( 'NONE',  ( -1.604941620322937246E-31, 2.220446049250310123E-16, -1.000000000000000000 ) ) ;
#2846 = ORIENTED_EDGE ( 'NONE', *, *, #2188, .T. ) ;
#2847 = LINE ( 'NONE', #1905, #163 ) ;
#2848 = ORIENTED_EDGE ( 'NONE', *, *, #3340, .T. ) ;
#2849 = LINE ( 'NONE', #206, #3738 ) ;
#2850 = DIRECTION ( 'NONE',  ( 0.000000000000000000, -2.220446049250310123E-16, 1.000000000000000000 ) ) ;
#2851 = CYLINDRICAL_SURFACE ( 'NONE', #1960, 0.1000000000000080130 ) ;
#2852 = ORIENTED_EDGE ( 'NONE', *, *, #3253, .F. ) ;
#2853 = DIRECTION ( 'NONE',  ( -0.000000000000000000, 1.000000000000000000, 0.000000000000000000 ) ) ;
#2854 = EDGE_CURVE ( 'NONE', #1493, #1650, #723, .T. ) ;
#2855 = AXIS2_PLACEMENT_3D ( 'NONE', #2255, #266, #3196 ) ;
#2856 = DIRECTION ( 'NONE',  ( -0.000000000000000000, 0.000000000000000000, 1.000000000000000000 ) ) ;
#2857 = LINE ( 'NONE', #493, #605 ) ;
#2858 = ORIENTED_EDGE ( 'NONE', *, *, #2543, .F. ) ;
#2859 = ADVANCED_FACE ( 'NONE', ( #548 ), #2525, .T. ) ;
#2860 = CARTESIAN_POINT ( 'NONE',  ( 1.125000155994261286, -0.6500000006244925910, -0.6979999999999999538 ) ) ;
#2861 = FACE_OUTER_BOUND ( 'NONE', #1757, .T. ) ;
#2862 = COORDINATED_UNIVERSAL_TIME_OFFSET ( 1, 0, .AHEAD. ) ;
#2863 = VECTOR ( 'NONE', #132, 1000.000000000000000 ) ;
#2864 = CARTESIAN_POINT ( 'NONE',  ( -1.225000000000080025, 0.1499999999999780120, -0.6999999999999999556 ) ) ;
#2865 = DIRECTION ( 'NONE',  ( -0.000000000000000000, -1.000000000000000000, 0.000000000000000000 ) ) ;
#2866 = VECTOR ( 'NONE', #575, 1000.000000000000000 ) ;
#2867 = ORIENTED_EDGE ( 'NONE', *, *, #286, .T. ) ;
#2868 = LINE ( 'NONE', #227, #3124 ) ;
#2869 = AXIS2_PLACEMENT_3D ( 'NONE', #892, #3567, #2668 ) ;
#2870 = AXIS2_PLACEMENT_3D ( 'NONE', #1304, #2467, #3648 ) ;
#2871 = CARTESIAN_POINT ( 'NONE',  ( -3.252606517456509851E-16, -0.6500000000000050182, -0.6979999999999999538 ) ) ;
#2872 = DIRECTION ( 'NONE',  ( 0.000000000000000000, 1.000000000000000000, 0.000000000000000000 ) ) ;
#2873 = ORIENTED_EDGE ( 'NONE', *, *, #2220, .T. ) ;
#2874 = AXIS2_PLACEMENT_3D ( 'NONE', #11, #1184, #1251 ) ;
#2875 = CARTESIAN_POINT ( 'NONE',  ( 0.8750000012901040236, 0.4999999999999035216, -0.6989999999999999547 ) ) ;
#2876 = EDGE_CURVE ( 'NONE', #2397, #1751, #1471, .T. ) ;
#2877 = VECTOR ( 'NONE', #69, 1000.000000000000000 ) ;
#2878 = CARTESIAN_POINT ( 'NONE',  ( 0.8750000013779649644, 1.399999999999684386, -0.6999999999999999556 ) ) ;
#2879 = LINE ( 'NONE', #195, #226 ) ;
#2880 = ORIENTED_EDGE ( 'NONE', *, *, #43, .F. ) ;
#2881 = VECTOR ( 'NONE', #584, 1000.000000000000000 ) ;
#2882 = CARTESIAN_POINT ( 'NONE',  ( 1.074999999999920020, -1.049999999999970068, -0.7000000000000009548 ) ) ;
#2883 = CARTESIAN_POINT ( 'NONE',  ( -5000.000000000000000, 0.6500000000002614797, -0.6979999999999999538 ) ) ;
#2884 = EDGE_CURVE ( 'NONE', #3449, #2736, #1114, .T. ) ;
#2885 = DIRECTION ( 'NONE',  ( 1.807003620809449994E-16, -1.000000000000000000, -2.220446049250310123E-16 ) ) ;
#2886 = ORIENTED_EDGE ( 'NONE', *, *, #2942, .T. ) ;
#2887 = CARTESIAN_POINT ( 'NONE',  ( 1.125000311988479940, -0.7499999999999981126, -0.6000000000000008660 ) ) ;
#2888 = ORIENTED_EDGE ( 'NONE', *, *, #2064, .F. ) ;
#2889 = CARTESIAN_POINT ( 'NONE',  ( -0.9249999999999890532, -0.3649999999999989919, -1.307058521919900240 ) ) ;
#2890 = EDGE_LOOP ( 'NONE', ( #1117, #2922, #1170, #1105 ) ) ;
#2891 = EDGE_CURVE ( 'NONE', #507, #3753, #2084, .T. ) ;
#2892 = ORIENTED_EDGE ( 'NONE', *, *, #3209, .T. ) ;
#2893 = LINE ( 'NONE', #1754, #1575 ) ;
#2894 = DIRECTION ( 'NONE',  ( 0.000000000000000000, 2.220446049250310123E-16, -1.000000000000000000 ) ) ;
#2895 = ORIENTED_EDGE ( 'NONE', *, *, #3299, .T. ) ;
#2896 = DIRECTION ( 'NONE',  ( 0.000000000000000000, 2.220446049250310123E-16, -1.000000000000000000 ) ) ;
#2897 = ORIENTED_EDGE ( 'NONE', *, *, #2765, .F. ) ;
#2898 = CARTESIAN_POINT ( 'NONE',  ( 0.2749999999999769851, -1.349999999375750104, -0.7000000000000009548 ) ) ;
#2899 = CARTESIAN_POINT ( 'NONE',  ( 0.2750000000001171507, -0.5999999999999794387, -0.6979999999999999538 ) ) ;
#2900 = ORIENTED_EDGE ( 'NONE', *, *, #1823, .T. ) ;
#2901 = DIRECTION ( 'NONE',  ( 0.000000000000000000, 1.000000000000000000, 0.000000000000000000 ) ) ;
#2902 = CARTESIAN_POINT ( 'NONE',  ( -0.9249999999999689582, -0.6499999999999905853, -0.7000000000000009548 ) ) ;
#2903 = CALENDAR_DATE ( 2025, 7, 5 ) ;
#2904 = CARTESIAN_POINT ( 'NONE',  ( -1.125000311988479940, 0.1499999999999780675, -0.7000000000000000666 ) ) ;
#2905 = ORIENTED_EDGE ( 'NONE', *, *, #2045, .T. ) ;
#2906 = CARTESIAN_POINT ( 'NONE',  ( -0.9750000000000229594, -0.8499999999999939826, -0.7000000000000009548 ) ) ;
#2907 = EDGE_CURVE ( 'NONE', #2712, #3115, #3303, .T. ) ;
#2908 = EDGE_LOOP ( 'NONE', ( #2463, #975, #1343, #22 ) ) ;
#2909 = ORIENTED_EDGE ( 'NONE', *, *, #553, .T. ) ;
#2910 = CARTESIAN_POINT ( 'NONE',  ( 0.3749999999999890088, 0.4999999999998538391, -0.6979999999999999538 ) ) ;
#2911 = ADVANCED_FACE ( 'NONE', ( #3764 ), #3250, .F. ) ;
#2912 = LINE ( 'NONE', #3198, #2009 ) ;
#2913 = DIRECTION ( 'NONE',  ( -0.000000000000000000, -2.220446049250310123E-16, 1.000000000000000000 ) ) ;
#2914 = VERTEX_POINT ( 'NONE', #2235 ) ;
#2915 = DIRECTION ( 'NONE',  ( 0.000000000000000000, -2.220446049250310123E-16, 1.000000000000000000 ) ) ;
#2916 = EDGE_LOOP ( 'NONE', ( #1157, #3173, #201, #2029 ) ) ;
#2917 = LINE ( 'NONE', #1509, #3164 ) ;
#2918 = DIRECTION ( 'NONE',  ( -1.000000000000000000, -0.000000000000000000, -0.000000000000000000 ) ) ;
#2919 = ORIENTED_EDGE ( 'NONE', *, *, #3432, .T. ) ;
#2920 = CARTESIAN_POINT ( 'NONE',  ( 1.125000000000042633, 1.249999999822115626, -0.6979999999999999538 ) ) ;
#2921 = DIRECTION ( 'NONE',  ( 0.000000000000000000, 1.000000000000000000, 0.000000000000000000 ) ) ;
#2922 = ORIENTED_EDGE ( 'NONE', *, *, #3588, .T. ) ;
#2923 = CARTESIAN_POINT ( 'NONE',  ( 1.125000077997141412, 1.650000000077893603, -0.6979999999999999538 ) ) ;
#2924 = CC_DESIGN_DATE_AND_TIME_ASSIGNMENT ( #1672, #3773, ( #2237 ) ) ;
#2925 = AXIS2_PLACEMENT_3D ( 'NONE', #2528, #3409, #2821 ) ;
#2926 = ADVANCED_FACE ( 'NONE', ( #1952 ), #490, .T. ) ;
#2927 = EDGE_CURVE ( 'NONE', #3155, #434, #2377, .T. ) ;
#2928 = AXIS2_PLACEMENT_3D ( 'NONE', #1533, #423, #72 ) ;
#2929 = EDGE_CURVE ( 'NONE', #2771, #3581, #2051, .T. ) ;
#2930 = CIRCLE ( 'NONE', #1090, 0.09999999999998356037 ) ;
#2931 = CARTESIAN_POINT ( 'NONE',  ( 0.3749999999999475420, 1.400000000000015010, -0.6999999999999999556 ) ) ;
#2932 = DIRECTION ( 'NONE',  ( 1.084202172485717821E-15, 1.000000000000000000, 0.000000000000000000 ) ) ;
#2933 = ORIENTED_EDGE ( 'NONE', *, *, #67, .T. ) ;
#2934 = CARTESIAN_POINT ( 'NONE',  ( 1.068649170051819919, -1.149999999999970157, -0.7000000000000009548 ) ) ;
#2935 = ORIENTED_EDGE ( 'NONE', *, *, #209, .T. ) ;
#2936 = VECTOR ( 'NONE', #1074, 1000.000000000000000 ) ;
#2937 = VECTOR ( 'NONE', #1333, 1000.000000000000000 ) ;
#2938 = DIRECTION ( 'NONE',  ( -0.000000000000000000, -2.220446049250310123E-16, 1.000000000000000000 ) ) ;
#2939 = CARTESIAN_POINT ( 'NONE',  ( 1.125000311988479940, -0.1500000000000049627, -0.6999999999999999556 ) ) ;
#2940 = VECTOR ( 'NONE', #1204, 1000.000000000000000 ) ;
#2941 = ORIENTED_EDGE ( 'NONE', *, *, #1839, .T. ) ;
#2942 = EDGE_CURVE ( 'NONE', #3276, #582, #2203, .T. ) ;
#2943 = CARTESIAN_POINT ( 'NONE',  ( 1.075000000000049916, 0.1499999999999780120, -0.6999999999999999556 ) ) ;
#2944 = CARTESIAN_POINT ( 'NONE',  ( -1.125000311988479940, -1.650000000312160209, -0.1000000000000000472 ) ) ;
#2945 = AXIS2_PLACEMENT_3D ( 'NONE', #1510, #3223, #48 ) ;
#2946 = AXIS2_PLACEMENT_3D ( 'NONE', #251, #1505, #1230 ) ;
#2947 = ORIENTED_EDGE ( 'NONE', *, *, #2414, .T. ) ;
#2948 = DIRECTION ( 'NONE',  ( 0.000000000000000000, 1.000000000000000000, 0.000000000000000000 ) ) ;
#2949 = AXIS2_PLACEMENT_3D ( 'NONE', #1156, #523, #3533 ) ;
#2950 = EDGE_CURVE ( 'NONE', #2961, #3552, #2100, .T. ) ;
#2951 = LINE ( 'NONE', #2871, #3546 ) ;
#2952 = PLANE ( 'NONE',  #2946 ) ;
#2953 = ORIENTED_EDGE ( 'NONE', *, *, #1080, .T. ) ;
#2954 = CARTESIAN_POINT ( 'NONE',  ( 1.125000311988479940, 1.149999999999989919, -0.5999999999999998668 ) ) ;
#2955 = ORIENTED_EDGE ( 'NONE', *, *, #3213, .T. ) ;
#2956 = ADVANCED_FACE ( 'NONE', ( #896 ), #3270, .T. ) ;
#2957 = DIRECTION ( 'NONE',  ( 0.000000000000000000, -2.220446049250310123E-16, 1.000000000000000000 ) ) ;
#2958 = DIRECTION ( 'NONE',  ( 1.000000000000000000, 0.000000000000000000, 0.000000000000000000 ) ) ;
#2959 = ORIENTED_EDGE ( 'NONE', *, *, #173, .T. ) ;
#2960 = CARTESIAN_POINT ( 'NONE',  ( 0.6350000000000249889, 0.1650000000000008682, -0.6999999999999999556 ) ) ;
#2961 = VERTEX_POINT ( 'NONE', #3572 ) ;
#2962 = EDGE_LOOP ( 'NONE', ( #655, #2953, #3194, #2747 ) ) ;
#2963 = FACE_OUTER_BOUND ( 'NONE', #129, .T. ) ;
#2964 = ADVANCED_FACE ( 'NONE', ( #1452 ), #2066, .F. ) ;
#2965 = DIRECTION ( 'NONE',  ( -0.000000000000000000, -2.220446049250310123E-16, 1.000000000000000000 ) ) ;
#2966 = DIRECTION ( 'NONE',  ( 0.000000000000000000, -1.000000000000000000, -0.000000000000000000 ) ) ;
#2967 = VERTEX_POINT ( 'NONE', #3199 ) ;
#2968 = LINE ( 'NONE', #3289, #858 ) ;
#2969 = VERTEX_POINT ( 'NONE', #3782 ) ;
#2970 = DIRECTION ( 'NONE',  ( -1.000000000000000000, -0.000000000000000000, -0.000000000000000000 ) ) ;
#2971 = LINE ( 'NONE', #2682, #1287 ) ;
#2972 = VERTEX_POINT ( 'NONE', #288 ) ;
#2973 = ADVANCED_FACE ( 'NONE', ( #322 ), #3238, .T. ) ;
#2974 = DIRECTION ( 'NONE',  ( 0.000000000000000000, 1.000000000000000000, 0.000000000000000000 ) ) ;
#2975 = VERTEX_POINT ( 'NONE', #566 ) ;
#2976 = ADVANCED_FACE ( 'NONE', ( #42 ), #2952, .T. ) ;
#2977 = ORIENTED_EDGE ( 'NONE', *, *, #149, .T. ) ;
#2978 = DIRECTION ( 'NONE',  ( -5.421010862427829826E-16, 1.000000000000000000, 0.000000000000000000 ) ) ;
#2979 = CC_DESIGN_APPROVAL ( #2102, ( #3717 ) ) ;
#2980 = DIRECTION ( 'NONE',  ( 0.000000000000000000, 2.220446049250310123E-16, -1.000000000000000000 ) ) ;
#2981 = CARTESIAN_POINT ( 'NONE',  ( 1.068649170051829911, 1.149999999999989919, -0.6999999999999998446 ) ) ;
#2982 = VERTEX_POINT ( 'NONE', #636 ) ;
#2983 = AXIS2_PLACEMENT_3D ( 'NONE', #2072, #311, #2055 ) ;
#2984 = ORIENTED_EDGE ( 'NONE', *, *, #1308, .T. ) ;
#2985 = PLANE ( 'NONE',  #2012 ) ;
#2986 = VECTOR ( 'NONE', #3177, 1000.000000000000000 ) ;
#2987 = CARTESIAN_POINT ( 'NONE',  ( -1.125000311988479940, 0.2650000000000000688, -0.6999999999999999556 ) ) ;
#2988 = CARTESIAN_POINT ( 'NONE',  ( -0.1749999999999549971, 1.150000000000009903, -0.6999999999999999556 ) ) ;
#2989 = ORIENTED_EDGE ( 'NONE', *, *, #1115, .F. ) ;
#2990 = AXIS2_PLACEMENT_3D ( 'NONE', #3580, #942, #3028 ) ;
#2991 = VECTOR ( 'NONE', #866, 1000.000000000000000 ) ;
#2992 = ADVANCED_FACE ( 'NONE', ( #3216 ), #1489, .T. ) ;
#2993 = ADVANCED_FACE ( 'NONE', ( #581 ), #1176, .T. ) ;
#2994 = AXIS2_PLACEMENT_3D ( 'NONE', #769, #3703, #3688 ) ;
#2995 = VECTOR ( 'NONE', #1392, 1000.000000000000000 ) ;
#2996 = ORIENTED_EDGE ( 'NONE', *, *, #3015, .T. ) ;
#2997 = DIRECTION ( 'NONE',  ( 0.000000000000000000, 2.220446049250310123E-16, -1.000000000000000000 ) ) ;
#2998 = EDGE_CURVE ( 'NONE', #1072, #63, #1755, .T. ) ;
#2999 = CIRCLE ( 'NONE', #1232, 0.1000000000000230288 ) ;
#3000 = ORIENTED_EDGE ( 'NONE', *, *, #974, .F. ) ;
#3001 = VECTOR ( 'NONE', #235, 1000.000000000000000 ) ;
#3002 = VERTEX_POINT ( 'NONE', #1432 ) ;
#3003 = CARTESIAN_POINT ( 'NONE',  ( -1.125000311988479940, 1.650000000312159987, -0.7000000000000009548 ) ) ;
#3004 = CARTESIAN_POINT ( 'NONE',  ( -1.075000000000100098, -0.1500000000000049905, -0.6999999999999999556 ) ) ;
#3005 = ORIENTED_EDGE ( 'NONE', *, *, #228, .T. ) ;
#3006 = CARTESIAN_POINT ( 'NONE',  ( -1.125000311988479940, -0.2649999999999989586, -0.6999999999999999556 ) ) ;
#3007 = VERTEX_POINT ( 'NONE', #857 ) ;
#3008 = CARTESIAN_POINT ( 'NONE',  ( -0.1749999999999550249, 1.149999999999989919, -0.6999999999999999556 ) ) ;
#3009 = DIRECTION ( 'NONE',  ( 0.000000000000000000, -1.000000000000000000, 0.000000000000000000 ) ) ;
#3010 = CARTESIAN_POINT ( 'NONE',  ( -0.2749999999999769851, -1.250000000000000000, -0.6979999999999999538 ) ) ;
#3011 = VERTEX_POINT ( 'NONE', #2638 ) ;
#3012 = ORIENTED_EDGE ( 'NONE', *, *, #2134, .T. ) ;
#3013 = ORIENTED_EDGE ( 'NONE', *, *, #786, .F. ) ;
#3014 = DIRECTION ( 'NONE',  ( 1.000000000000000000, 0.000000000000000000, 0.000000000000000000 ) ) ;
#3015 = EDGE_CURVE ( 'NONE', #634, #1474, #2602, .T. ) ;
#3016 = ORIENTED_EDGE ( 'NONE', *, *, #3416, .T. ) ;
#3017 = CARTESIAN_POINT ( 'NONE',  ( -1.075000000000160050, 0.8500000000000240696, -0.6999999999999999556 ) ) ;
#3018 = DIRECTION ( 'NONE',  ( -1.442359183134839984E-13, -1.000000000000000000, -2.220446049250310123E-16 ) ) ;
#3019 = ORIENTED_EDGE ( 'NONE', *, *, #262, .F. ) ;
#3020 = EDGE_CURVE ( 'NONE', #2667, #1457, #855, .T. ) ;
#3021 = CARTESIAN_POINT ( 'NONE',  ( 1.125000311988479940, 1.650000000312159987, -0.7000000000000009548 ) ) ;
#3022 = ORIENTED_EDGE ( 'NONE', *, *, #17, .T. ) ;
#3023 = DIRECTION ( 'NONE',  ( 0.000000000000000000, -2.220446049250310123E-16, 1.000000000000000000 ) ) ;
#3024 = ORIENTED_EDGE ( 'NONE', *, *, #2147, .T. ) ;
#3025 = ADVANCED_FACE ( 'NONE', ( #1739 ), #1560, .T. ) ;
#3026 = ORIENTED_EDGE ( 'NONE', *, *, #2503, .F. ) ;
#3027 = CARTESIAN_POINT ( 'NONE',  ( -0.1749999999999549971, -0.4000000000000050182, -0.6999999999999999556 ) ) ;
#3028 = DIRECTION ( 'NONE',  ( 0.000000000000000000, -2.220446049250310123E-16, 1.000000000000000000 ) ) ;
#3029 = CARTESIAN_POINT ( 'NONE',  ( 0.1850000000001017497, 5000.000000000000000, -0.6979999999999999538 ) ) ;
#3030 = ORIENTED_EDGE ( 'NONE', *, *, #1753, .F. ) ;
#3031 = ADVANCED_FACE ( 'NONE', ( #3583 ), #3056, .T. ) ;
#3032 = ADVANCED_FACE ( 'NONE', ( #2424 ), #376, .F. ) ;
#3033 = LINE ( 'NONE', #1526, #2494 ) ;
#3034 = CARTESIAN_POINT ( 'NONE',  ( 0.4249999999999999889, 0.8159999999999999476, -0.5000000000000000000 ) ) ;
#3035 = ORIENTED_EDGE ( 'NONE', *, *, #1206, .T. ) ;
#3036 = DIRECTION ( 'NONE',  ( -0.000000000000000000, -2.220446049250310123E-16, 1.000000000000000000 ) ) ;
#3037 = VERTEX_POINT ( 'NONE', #1829 ) ;
#3038 = CARTESIAN_POINT ( 'NONE',  ( -0.7910000000000000364, 0.4500000000000000666, -0.5000000000000000000 ) ) ;
#3039 = CARTESIAN_POINT ( 'NONE',  ( 0.8000000000000000444, 1.520000000000000018, 0.002000000000000000042 ) ) ;
#3040 = EDGE_CURVE ( 'NONE', #3067, #2242, #2746, .T. ) ;
#3041 = CIRCLE ( 'NONE', #1388, 0.1000000003569491147 ) ;
#3042 = CARTESIAN_POINT ( 'NONE',  ( 0.8750000025803470471, 0.6000000000000109690, -0.6979999999999999538 ) ) ;
#3043 = LINE ( 'NONE', #404, #49 ) ;
#3044 = ORIENTED_EDGE ( 'NONE', *, *, #3247, .F. ) ;
#3045 = VECTOR ( 'NONE', #2291, 1000.000000000000000 ) ;
#3046 = AXIS2_PLACEMENT_3D ( 'NONE', #277, #2650, #3227 ) ;
#3047 = AXIS2_PLACEMENT_3D ( 'NONE', #1365, #3654, #1935 ) ;
#3048 = ORIENTED_EDGE ( 'NONE', *, *, #3087, .T. ) ;
#3049 = ADVANCED_FACE ( 'NONE', ( #1861 ), #1300, .F. ) ;
#3050 = VERTEX_POINT ( 'NONE', #83 ) ;
#3051 = CARTESIAN_POINT ( 'NONE',  ( 0.9749999999999130473, -0.8499999999999996447, -0.7000000000000009548 ) ) ;
#3052 = CIRCLE ( 'NONE', #2133, 0.1000000000000080685 ) ;
#3053 = FACE_OUTER_BOUND ( 'NONE', #3374, .T. ) ;
#3054 = ORIENTED_EDGE ( 'NONE', *, *, #2595, .F. ) ;
#3055 = DIRECTION ( 'NONE',  ( -0.000000000000000000, -2.220446049250310123E-16, 1.000000000000000000 ) ) ;
#3056 = PLANE ( 'NONE',  #608 ) ;
#3057 = ORIENTED_EDGE ( 'NONE', *, *, #3617, .F. ) ;
#3058 = EDGE_CURVE ( 'NONE', #1925, #1743, #1277, .T. ) ;
#3059 = AXIS2_PLACEMENT_3D ( 'NONE', #3700, #1387, #1334 ) ;
#3060 = CARTESIAN_POINT ( 'NONE',  ( 0.3750000000000084377, -0.4999999999998373523, -0.6979999999999999538 ) ) ;
#3061 = ORIENTED_EDGE ( 'NONE', *, *, #1487, .F. ) ;
#3062 = CARTESIAN_POINT ( 'NONE',  ( 0.2749999999999824807, -1.299999999999990052, -0.7000000000000009548 ) ) ;
#3063 = DIRECTION ( 'NONE',  ( -0.000000000000000000, 1.000000000000000000, 2.220446049250310123E-16 ) ) ;
#3064 = DIRECTION ( 'NONE',  ( -1.000000000000000000, -0.000000000000000000, 0.000000000000000000 ) ) ;
#3065 = LINE ( 'NONE', #1836, #1404 ) ;
#3066 = VERTEX_POINT ( 'NONE', #3601 ) ;
#3067 = VERTEX_POINT ( 'NONE', #1602 ) ;
#3068 = CARTESIAN_POINT ( 'NONE',  ( -1.075000000000100098, -0.1500000000000050182, -0.5999999999999999778 ) ) ;
#3069 = DIRECTION ( 'NONE',  ( 0.000000000000000000, -2.220446049250310123E-16, 1.000000000000000000 ) ) ;
#3070 = CARTESIAN_POINT ( 'NONE',  ( 1.068649170052000219, -0.5500000006242440342, -0.6979999999999999538 ) ) ;
#3071 = EDGE_LOOP ( 'NONE', ( #166, #230, #675, #933 ) ) ;
#3072 = CARTESIAN_POINT ( 'NONE',  ( -5000.000000000000000, 0.2649999999997376676, -0.6979999999999999538 ) ) ;
#3073 = CARTESIAN_POINT ( 'NONE',  ( -0.4249999999999999334, 0.9472951042748206651, -0.01000000000948603543 ) ) ;
#3074 = DIRECTION ( 'NONE',  ( 1.203706215242090065E-31, 6.525304467999261565E-47, -1.000000000000000000 ) ) ;
#3075 = VERTEX_POINT ( 'NONE', #1315 ) ;
#3076 = LINE ( 'NONE', #3008, #2497 ) ;
#3077 = DIRECTION ( 'NONE',  ( 0.000000000000000000, 0.000000000000000000, -1.000000000000000000 ) ) ;
#3078 = CARTESIAN_POINT ( 'NONE',  ( 1.075000000000029932, -0.2649999999999990141, -0.7000000000000000666 ) ) ;
#3079 = CARTESIAN_POINT ( 'NONE',  ( 0.08499999999976290410, -0.1999999999999990119, -0.6979999999999999538 ) ) ;
#3080 = ORIENTED_EDGE ( 'NONE', *, *, #1126, .T. ) ;
#3081 = CARTESIAN_POINT ( 'NONE',  ( -3.252606517456509851E-16, -1.250000000000000000, -0.5000000000000009992 ) ) ;
#3082 = EDGE_CURVE ( 'NONE', #2719, #2647, #2711, .T. ) ;
#3083 = ORIENTED_EDGE ( 'NONE', *, *, #3456, .F. ) ;
#3084 = CARTESIAN_POINT ( 'NONE',  ( 0.3749999999999564793, -1.399999999999989697, -0.7000000000000009548 ) ) ;
#3085 = FACE_OUTER_BOUND ( 'NONE', #3406, .T. ) ;
#3086 = EDGE_CURVE ( 'NONE', #1743, #642, #3644, .T. ) ;
#3087 = EDGE_CURVE ( 'NONE', #1769, #3753, #1004, .T. ) ;
#3088 = ORIENTED_EDGE ( 'NONE', *, *, #1242, .F. ) ;
#3089 = LINE ( 'NONE', #3398, #3298 ) ;
#3090 = VERTEX_POINT ( 'NONE', #2154 ) ;
#3091 = DIRECTION ( 'NONE',  ( 0.000000000000000000, 0.2588190451025210170, 0.9659258262890680902 ) ) ;
#3092 = CARTESIAN_POINT ( 'NONE',  ( -1.075000000000160050, 0.7500000000000011102, -0.5999999999999999778 ) ) ;
#3093 = EDGE_CURVE ( 'NONE', #1430, #2975, #2509, .T. ) ;
#3094 = CARTESIAN_POINT ( 'NONE',  ( 1.125000311988479940, 0.1499999999999780120, -0.5999999999999999778 ) ) ;
#3095 = AXIS2_PLACEMENT_3D ( 'NONE', #396, #1946, #767 ) ;
#3096 = CARTESIAN_POINT ( 'NONE',  ( -1.125000311988479940, -0.7499999999999982236, -0.7000000000000002887 ) ) ;
#3097 = CARTESIAN_POINT ( 'NONE',  ( 1.068649170388690006, 1.349999999821960284, -0.6999999999999999556 ) ) ;
#3098 = DIRECTION ( 'NONE',  ( -1.000000000000000000, -0.000000000000000000, 0.000000000000000000 ) ) ;
#3099 = VERTEX_POINT ( 'NONE', #2768 ) ;
#3100 = VECTOR ( 'NONE', #436, 1000.000000000000000 ) ;
#3101 = CYLINDRICAL_SURFACE ( 'NONE', #1632, 0.1000000000000089428 ) ;
#3102 = CARTESIAN_POINT ( 'NONE',  ( -0.8000000000000000444, 1.120000000000000107, 0.000000000000000000 ) ) ;
#3103 = ORIENTED_EDGE ( 'NONE', *, *, #3681, .F. ) ;
#3104 = CIRCLE ( 'NONE', #2983, 0.1000000000000079575 ) ;
#3105 = EDGE_CURVE ( 'NONE', #3606, #2426, #3342, .T. ) ;
#3106 = LINE ( 'NONE', #197, #774 ) ;
#3107 = DIRECTION ( 'NONE',  ( -0.000000000000000000, -2.220446049250310123E-16, 1.000000000000000000 ) ) ;
#3108 = VECTOR ( 'NONE', #602, 1000.000000000000000 ) ;
#3109 = ADVANCED_FACE ( 'NONE', ( #1581 ), #341, .T. ) ;
#3110 = VECTOR ( 'NONE', #64, 1000.000000000000000 ) ;
#3111 = CARTESIAN_POINT ( 'NONE',  ( -3.252606517456509851E-16, 6.083862687778889869E-16, -0.5999999999999999778 ) ) ;
#3112 = ORIENTED_EDGE ( 'NONE', *, *, #3082, .F. ) ;
#3113 = AXIS2_PLACEMENT_3D ( 'NONE', #1599, #2764, #122 ) ;
#3114 = LINE ( 'NONE', #455, #2336 ) ;
#3115 = VERTEX_POINT ( 'NONE', #706 ) ;
#3116 = LINE ( 'NONE', #2465, #1876 ) ;
#3117 = AXIS2_PLACEMENT_3D ( 'NONE', #3204, #571, #3521 ) ;
#3118 = ORIENTED_EDGE ( 'NONE', *, *, #985, .F. ) ;
#3119 = DIRECTION ( 'NONE',  ( 0.000000000000000000, 2.220446049250310123E-16, -1.000000000000000000 ) ) ;
#3120 = DIRECTION ( 'NONE',  ( 0.000000000000000000, 2.220446049250310123E-16, -1.000000000000000000 ) ) ;
#3121 = DIRECTION ( 'NONE',  ( 1.000000000000000000, 0.000000000000000000, -0.000000000000000000 ) ) ;
#3122 = VECTOR ( 'NONE', #2399, 1000.000000000000000 ) ;
#3123 = ORIENTED_EDGE ( 'NONE', *, *, #2151, .F. ) ;
#3124 = VECTOR ( 'NONE', #1412, 1000.000000000000000 ) ;
#3125 = CARTESIAN_POINT ( 'NONE',  ( -3.252606517456509851E-16, -1.149999999999979927, -0.6000000000000001998 ) ) ;
#3126 = DIRECTION ( 'NONE',  ( -0.000000000000000000, -0.000000000000000000, 1.000000000000000000 ) ) ;
#3127 = ORIENTED_EDGE ( 'NONE', *, *, #2599, .F. ) ;
#3128 = DIRECTION ( 'NONE',  ( -0.000000000000000000, 0.000000000000000000, 1.000000000000000000 ) ) ;
#3129 = FACE_OUTER_BOUND ( 'NONE', #3443, .T. ) ;
#3130 = COORDINATED_UNIVERSAL_TIME_OFFSET ( 1, 0, .AHEAD. ) ;
#3131 = CARTESIAN_POINT ( 'NONE',  ( -0.4249999999999999889, -0.9472951042946328171, -0.009999999987376226654 ) ) ;
#3132 = ORIENTED_EDGE ( 'NONE', *, *, #2876, .T. ) ;
#3133 = CARTESIAN_POINT ( 'NONE',  ( -0.2749999999999639955, 1.149999999999989919, -0.6979999999999999538 ) ) ;
#3134 = DIRECTION ( 'NONE',  ( 0.000000000000000000, 1.000000000000000000, 0.000000000000000000 ) ) ;
#3135 = ORIENTED_EDGE ( 'NONE', *, *, #2085, .T. ) ;
#3136 = FACE_OUTER_BOUND ( 'NONE', #2530, .T. ) ;
#3137 = FACE_OUTER_BOUND ( 'NONE', #1207, .T. ) ;
#3138 = DIRECTION ( 'NONE',  ( 1.000000000000000000, 0.000000000000000000, 0.000000000000000000 ) ) ;
#3139 = EDGE_CURVE ( 'NONE', #1134, #977, #2999, .T. ) ;
#3140 = EDGE_LOOP ( 'NONE', ( #3112, #2527, #1254, #1869 ) ) ;
#3141 = CARTESIAN_POINT ( 'NONE',  ( 1.075000000000029932, -0.1500000000000049905, -0.6999999999999999556 ) ) ;
#3142 = PLANE ( 'NONE',  #836 ) ;
#3143 = LINE ( 'NONE', #1649, #1827 ) ;
#3144 = ORIENTED_EDGE ( 'NONE', *, *, #67, .F. ) ;
#3145 = EDGE_CURVE ( 'NONE', #1546, #2539, #2480, .T. ) ;
#3146 = FACE_OUTER_BOUND ( 'NONE', #3680, .T. ) ;
#3147 = CARTESIAN_POINT ( 'NONE',  ( -3.252606517456509851E-16, 1.400000000000009903, -0.5000000000000000000 ) ) ;
#3148 = LINE ( 'NONE', #1984, #3235 ) ;
#3149 = LINE ( 'NONE', #3384, #2396 ) ;
#3150 = ADVANCED_FACE ( 'NONE', ( #1022 ), #360, .T. ) ;
#3151 = EDGE_LOOP ( 'NONE', ( #691, #494, #2490, #1561 ) ) ;
#3152 = CARTESIAN_POINT ( 'NONE',  ( 1.125000311988479940, 1.149999999999989919, -0.6999999999999998446 ) ) ;
#3153 = PLANE ( 'NONE',  #1760 ) ;
#3154 = CARTESIAN_POINT ( 'NONE',  ( 0.08499999999976290410, -0.1999999999999990119, -0.6999999999999999556 ) ) ;
#3155 = VERTEX_POINT ( 'NONE', #202 ) ;
#3156 = DIRECTION ( 'NONE',  ( 0.000000000000000000, 2.220446049250310123E-16, -1.000000000000000000 ) ) ;
#3157 = ADVANCED_FACE ( 'NONE', ( #3684 ), #1674, .T. ) ;
#3158 = LINE ( 'NONE', #799, #2434 ) ;
#3159 = DIRECTION ( 'NONE',  ( 0.000000000000000000, 2.220446049250310123E-16, -1.000000000000000000 ) ) ;
#3160 = ORIENTED_EDGE ( 'NONE', *, *, #165, .F. ) ;
#3161 = CARTESIAN_POINT ( 'NONE',  ( -0.9250000000000540012, 0.5500000000000260236, -0.6999999999999999556 ) ) ;
#3162 = CARTESIAN_POINT ( 'NONE',  ( 0.6350000000000249889, 0.1650000000000010070, -1.307058521919900240 ) ) ;
#3163 = CALENDAR_DATE ( 2025, 7, 5 ) ;
#3164 = VECTOR ( 'NONE', #1215, 1000.000000000000000 ) ;
#3165 = EDGE_CURVE ( 'NONE', #1947, #3606, #1714, .T. ) ;
#3166 = CARTESIAN_POINT ( 'NONE',  ( 0.9718245863162187081, -0.5750000003120986358, -0.6979999999999998428 ) ) ;
#3167 = ORIENTED_EDGE ( 'NONE', *, *, #2753, .T. ) ;
#3168 = LINE ( 'NONE', #2030, #3417 ) ;
#3169 = CIRCLE ( 'NONE', #595, 0.1000000000000179912 ) ;
#3170 = ORIENTED_EDGE ( 'NONE', *, *, #2510, .T. ) ;
#3171 = CARTESIAN_POINT ( 'NONE',  ( -1.075000000000154943, 1.150000000000009903, -0.6999999999999998446 ) ) ;
#3172 = AXIS2_PLACEMENT_3D ( 'NONE', #3252, #303, #2978 ) ;
#3173 = ORIENTED_EDGE ( 'NONE', *, *, #3526, .T. ) ;
#3174 = AXIS2_PLACEMENT_3D ( 'NONE', #2787, #2715, #89 ) ;
#3175 = EDGE_LOOP ( 'NONE', ( #192, #1356, #180, #3598 ) ) ;
#3176 = CIRCLE ( 'NONE', #2262, 0.1000000000000079575 ) ;
#3177 = DIRECTION ( 'NONE',  ( -1.000000000000000000, -0.000000000000000000, 0.000000000000000000 ) ) ;
#3178 = CARTESIAN_POINT ( 'NONE',  ( -1.075000000000090106, 0.04999999999996940225, -0.6999999999999999556 ) ) ;
#3179 = VERTEX_POINT ( 'NONE', #3424 ) ;
#3180 = VECTOR ( 'NONE', #2839, 1000.000000000000000 ) ;
#3181 = LINE ( 'NONE', #2567, #52 ) ;
#3182 = ORIENTED_EDGE ( 'NONE', *, *, #3727, .T. ) ;
#3183 = AXIS2_PLACEMENT_3D ( 'NONE', #2036, #877, #2932 ) ;
#3184 = CARTESIAN_POINT ( 'NONE',  ( 0.9750000000000229594, -0.05000000000000365957, -0.5999999999999999778 ) ) ;
#3185 = CARTESIAN_POINT ( 'NONE',  ( 0.2750000000002472689, 5000.000000000000000, -0.6979999999999999538 ) ) ;
#3186 = ORIENTED_EDGE ( 'NONE', *, *, #3640, .F. ) ;
#3187 = EDGE_CURVE ( 'NONE', #1185, #98, #2847, .T. ) ;
#3188 = DIRECTION ( 'NONE',  ( 0.000000000000000000, 1.000000000000000000, -0.000000000000000000 ) ) ;
#3189 = LINE ( 'NONE', #3756, #1641 ) ;
#3190 = DESIGN_CONTEXT ( 'detailed design', #999, 'design' ) ;
#3191 = DIRECTION ( 'NONE',  ( 0.000000000000000000, -1.000000000000000000, 0.000000000000000000 ) ) ;
#3192 = ORIENTED_EDGE ( 'NONE', *, *, #3568, .F. ) ;
#3193 = CARTESIAN_POINT ( 'NONE',  ( 1.074999999999920020, -1.149999999999979927, -0.7000000000000009548 ) ) ;
#3194 = ORIENTED_EDGE ( 'NONE', *, *, #1730, .T. ) ;
#3195 = ORIENTED_EDGE ( 'NONE', *, *, #1353, .T. ) ;
#3196 = DIRECTION ( 'NONE',  ( -9.486769009247023894E-16, 1.000000000000000000, 0.000000000000000000 ) ) ;
#3197 = ORIENTED_EDGE ( 'NONE', *, *, #597, .F. ) ;
#3198 = CARTESIAN_POINT ( 'NONE',  ( -1.225000000000080025, 0.1499999999999780120, -0.6999999999999999556 ) ) ;
#3199 = CARTESIAN_POINT ( 'NONE',  ( -1.075000000000095213, 0.1499999999999780398, -0.6999999999999999556 ) ) ;
#3200 = ORIENTED_EDGE ( 'NONE', *, *, #3570, .T. ) ;
#3201 = LINE ( 'NONE', #1758, #3001 ) ;
#3202 = VERTEX_POINT ( 'NONE', #3073 ) ;
#3203 = CARTESIAN_POINT ( 'NONE',  ( -1.075000000000160050, 1.150000000000009903, -0.6999999999999999556 ) ) ;
#3204 = CARTESIAN_POINT ( 'NONE',  ( -0.8250000000000460298, 0.5500000000000400124, -0.6999999999999999556 ) ) ;
#3205 = ORIENTED_EDGE ( 'NONE', *, *, #3588, .F. ) ;
#3206 = DIRECTION ( 'NONE',  ( -0.000000000000000000, -0.000000000000000000, 1.000000000000000000 ) ) ;
#3207 = EDGE_CURVE ( 'NONE', #2514, #2972, #3114, .T. ) ;
#3208 = DIRECTION ( 'NONE',  ( -0.000000000000000000, 0.000000000000000000, 1.000000000000000000 ) ) ;
#3209 = EDGE_CURVE ( 'NONE', #3449, #2110, #2817, .T. ) ;
#3210 = DIRECTION ( 'NONE',  ( 0.000000000000000000, 1.000000000000000000, 0.000000000000000000 ) ) ;
#3211 = ORIENTED_EDGE ( 'NONE', *, *, #193, .T. ) ;
#3212 = CARTESIAN_POINT ( 'NONE',  ( -0.9249999999999890532, -0.2649999999999990141, -1.307058521919900240 ) ) ;
#3213 = EDGE_CURVE ( 'NONE', #2712, #2211, #2830, .T. ) ;
#3214 = CARTESIAN_POINT ( 'NONE',  ( -0.9750000000001369793, 6.083862687778889869E-16, -0.5999999999999999778 ) ) ;
#3215 = CARTESIAN_POINT ( 'NONE',  ( -0.9249999999999890532, 0.2650000000000004574, -0.6999999999999999556 ) ) ;
#3216 = FACE_OUTER_BOUND ( 'NONE', #2640, .T. ) ;
#3217 = ORIENTED_EDGE ( 'NONE', *, *, #2757, .F. ) ;
#3218 = ADVANCED_FACE ( 'NONE', ( #1987 ), #1969, .T. ) ;
#3219 = ORIENTED_EDGE ( 'NONE', *, *, #2246, .T. ) ;
#3220 = LINE ( 'NONE', #1136, #3624 ) ;
#3221 = ORIENTED_EDGE ( 'NONE', *, *, #2325, .F. ) ;
#3222 = DIRECTION ( 'NONE',  ( 0.000000000000000000, 2.220446049250310123E-16, -1.000000000000000000 ) ) ;
#3223 = DIRECTION ( 'NONE',  ( -0.000000000000000000, 2.220446049250310123E-16, -1.000000000000000000 ) ) ;
#3224 = ORIENTED_EDGE ( 'NONE', *, *, #722, .F. ) ;
#3225 = VECTOR ( 'NONE', #1110, 1000.000000000000000 ) ;
#3226 = CYLINDRICAL_SURFACE ( 'NONE', #2429, 0.1000000000000079575 ) ;
#3227 = DIRECTION ( 'NONE',  ( 0.000000000000000000, 1.000000000000000000, 0.000000000000000000 ) ) ;
#3228 = FACE_OUTER_BOUND ( 'NONE', #1985, .T. ) ;
#3229 = EDGE_CURVE ( 'NONE', #3459, #3579, #2339, .T. ) ;
#3230 = ORIENTED_EDGE ( 'NONE', *, *, #1478, .F. ) ;
#3231 = DIRECTION ( 'NONE',  ( 2.970713952610045870E-13, 1.000000000000000000, 0.000000000000000000 ) ) ;
#3232 = VECTOR ( 'NONE', #749, 1000.000000000000000 ) ;
#3233 = EDGE_CURVE ( 'NONE', #2544, #3467, #483, .T. ) ;
#3234 = VECTOR ( 'NONE', #295, 1000.000000000000000 ) ;
#3235 = VECTOR ( 'NONE', #2248, 1000.000000000000000 ) ;
#3236 = AXIS2_PLACEMENT_3D ( 'NONE', #3439, #802, #1982 ) ;
#3237 = CARTESIAN_POINT ( 'NONE',  ( 0.9750000000000225153, 0.04999999999997647299, -0.5999999999999999778 ) ) ;
#3238 = PLANE ( 'NONE',  #3623 ) ;
#3239 = VERTEX_POINT ( 'NONE', #2213 ) ;
#3240 = DIRECTION ( 'NONE',  ( 0.000000000000000000, -1.000000000000000000, -0.000000000000000000 ) ) ;
#3241 = VERTEX_POINT ( 'NONE', #3715 ) ;
#3242 = AXIS2_PLACEMENT_3D ( 'NONE', #867, #3208, #573 ) ;
#3243 = CARTESIAN_POINT ( 'NONE',  ( -5000.000000000000000, 5000.000000000000000, -0.6979999999999999538 ) ) ;
#3244 = DIRECTION ( 'NONE',  ( 0.000000000000000000, 2.220446049250310123E-16, -1.000000000000000000 ) ) ;
#3245 = VECTOR ( 'NONE', #1678, 1000.000000000000000 ) ;
#3246 = ORIENTED_EDGE ( 'NONE', *, *, #1897, .F. ) ;
#3247 = EDGE_CURVE ( 'NONE', #987, #1134, #2519, .T. ) ;
#3248 = DIRECTION ( 'NONE',  ( 0.000000000000000000, -1.000000000000000000, -2.220446049250310123E-16 ) ) ;
#3249 = CIRCLE ( 'NONE', #3562, 0.1000000000000089428 ) ;
#3250 = CONICAL_SURFACE ( 'NONE', #293, 0.4999745961881216783, 0.2617993914162801694 ) ;
#3251 = EDGE_LOOP ( 'NONE', ( #2353, #1837, #2499, #1617 ) ) ;
#3252 = CARTESIAN_POINT ( 'NONE',  ( 0.9749999999999140465, -0.8499999999999919842, -0.7000000000000009548 ) ) ;
#3253 = EDGE_CURVE ( 'NONE', #1732, #3155, #1637, .T. ) ;
#3254 = DIRECTION ( 'NONE',  ( 0.000000000000000000, -2.220446049250310123E-16, 1.000000000000000000 ) ) ;
#3255 = DIRECTION ( 'NONE',  ( 0.000000000000000000, -2.220446049250310123E-16, 1.000000000000000000 ) ) ;
#3256 = ORIENTED_EDGE ( 'NONE', *, *, #3394, .F. ) ;
#3257 = LINE ( 'NONE', #308, #1273 ) ;
#3258 = ORIENTED_EDGE ( 'NONE', *, *, #3321, .F. ) ;
#3259 = EDGE_CURVE ( 'NONE', #3652, #2651, #2502, .T. ) ;
#3260 = CARTESIAN_POINT ( 'NONE',  ( -1.075000000000039924, -0.7499999999999990008, -0.6000000000000006439 ) ) ;
#3261 = CARTESIAN_POINT ( 'NONE',  ( -0.1749999999997734201, -0.3999999999999980238, -0.6979999999999999538 ) ) ;
#3262 = EDGE_LOOP ( 'NONE', ( #733, #3790, #593, #1484 ) ) ;
#3263 = LINE ( 'NONE', #3, #1344 ) ;
#3264 = VERTEX_POINT ( 'NONE', #1079 ) ;
#3265 = ADVANCED_FACE ( 'NONE', ( #2251 ), #144, .T. ) ;
#3266 = ORIENTED_EDGE ( 'NONE', *, *, #1800, .T. ) ;
#3267 = CARTESIAN_POINT ( 'NONE',  ( -0.9249745962155619949, 0.000000000000000000, 0.000000000000000000 ) ) ;
#3268 = VERTEX_POINT ( 'NONE', #1696 ) ;
#3269 = CARTESIAN_POINT ( 'NONE',  ( -0.1749999999999549416, -0.3999999999999980238, -0.7000000000000000666 ) ) ;
#3270 = PLANE ( 'NONE',  #482 ) ;
#3271 = ORIENTED_EDGE ( 'NONE', *, *, #913, .T. ) ;
#3272 = EDGE_CURVE ( 'NONE', #1103, #2478, #3149, .T. ) ;
#3273 = CARTESIAN_POINT ( 'NONE',  ( -1.125000000000000222, -1.300000000000000266, -0.1000000000000000056 ) ) ;
#3274 = LINE ( 'NONE', #677, #1574 ) ;
#3275 = PLANE ( 'NONE',  #971 ) ;
#3276 = VERTEX_POINT ( 'NONE', #3092 ) ;
#3277 = ORIENTED_EDGE ( 'NONE', *, *, #2558, .F. ) ;
#3278 = ORIENTED_EDGE ( 'NONE', *, *, #930, .F. ) ;
#3279 = LINE ( 'NONE', #2130, #2078 ) ;
#3280 = APPROVAL_ROLE ( '' ) ;
#3281 = EDGE_CURVE ( 'NONE', #1477, #2417, #2868, .T. ) ;
#3282 = ORIENTED_EDGE ( 'NONE', *, *, #2688, .F. ) ;
#3283 = VECTOR ( 'NONE', #299, 1000.000000000000000 ) ;
#3284 = EDGE_LOOP ( 'NONE', ( #388, #1529, #2791, #2227 ) ) ;
#3285 = LINE ( 'NONE', #931, #335 ) ;
#3286 = CARTESIAN_POINT ( 'NONE',  ( -1.125000311988479940, -1.650000000312159987, -0.6979999999999999538 ) ) ;
#3287 = AXIS2_PLACEMENT_3D ( 'NONE', #902, #2957, #626 ) ;
#3288 = ORIENTED_EDGE ( 'NONE', *, *, #1397, .T. ) ;
#3289 = CARTESIAN_POINT ( 'NONE',  ( 0.000000000000000000, -1.649999999999999911, 0.000000000000000000 ) ) ;
#3290 = VERTEX_POINT ( 'NONE', #1129 ) ;
#3291 = CARTESIAN_POINT ( 'NONE',  ( -3.252606517456509851E-16, 0.1499999999999780120, -0.5999999999999999778 ) ) ;
#3292 = CIRCLE ( 'NONE', #959, 0.1000000000000230288 ) ;
#3293 = LINE ( 'NONE', #2987, #3545 ) ;
#3294 = DIRECTION ( 'NONE',  ( 1.000000000000000000, 0.000000000000000000, 0.000000000000000000 ) ) ;
#3295 = ORIENTED_EDGE ( 'NONE', *, *, #2700, .F. ) ;
#3296 = VECTOR ( 'NONE', #668, 1000.000000000000000 ) ;
#3297 = CIRCLE ( 'NONE', #846, 0.1000000000000100253 ) ;
#3298 = VECTOR ( 'NONE', #1001, 1000.000000000000000 ) ;
#3299 = EDGE_CURVE ( 'NONE', #2446, #63, #2579, .T. ) ;
#3300 = AXIS2_PLACEMENT_3D ( 'NONE', #2073, #3244, #3816 ) ;
#3301 = ORIENTED_EDGE ( 'NONE', *, *, #2418, .F. ) ;
#3302 = CARTESIAN_POINT ( 'NONE',  ( -1.125000311988479940, -1.300000000000000266, -0.6999999999999999556 ) ) ;
#3303 = CIRCLE ( 'NONE', #1893, 0.1000000000000080685 ) ;
#3304 = ADVANCED_FACE ( 'NONE', ( #2783 ), #2005, .F. ) ;
#3305 = CIRCLE ( 'NONE', #976, 0.1000000000000130507 ) ;
#3306 = ORIENTED_EDGE ( 'NONE', *, *, #639, .T. ) ;
#3307 = CARTESIAN_POINT ( 'NONE',  ( -0.2749999999999769851, -1.150000000000009903, -0.6979999999999999538 ) ) ;
#3308 = DIRECTION ( 'NONE',  ( 0.000000000000000000, -1.000000000000000000, -2.220446049250310123E-16 ) ) ;
#3309 = ORIENTED_EDGE ( 'NONE', *, *, #1297, .T. ) ;
#3310 = FACE_OUTER_BOUND ( 'NONE', #255, .T. ) ;
#3311 = VERTEX_POINT ( 'NONE', #3171 ) ;
#3312 = DIRECTION ( 'NONE',  ( 0.000000000000000000, 1.000000000000000000, 0.000000000000000000 ) ) ;
#3313 = CARTESIAN_POINT ( 'NONE',  ( -0.7750000000000001332, -1.650000000156079949, -0.1000000000000000194 ) ) ;
#3314 = DIRECTION ( 'NONE',  ( 0.000000000000000000, -1.000000000000000000, -2.220446049250310123E-16 ) ) ;
#3315 = ORIENTED_EDGE ( 'NONE', *, *, #477, .T. ) ;
#3316 = ORIENTED_EDGE ( 'NONE', *, *, #664, .F. ) ;
#3317 = APPROVAL ( #2000, 'UNSPECIFIED' ) ;
#3318 = EDGE_CURVE ( 'NONE', #1293, #1665, #3305, .T. ) ;
#3319 = FACE_OUTER_BOUND ( 'NONE', #1081, .T. ) ;
#3320 = DIRECTION ( 'NONE',  ( 0.000000000000000000, 1.000000000000000000, 0.000000000000000000 ) ) ;
#3321 = EDGE_CURVE ( 'NONE', #2362, #987, #2799, .T. ) ;
#3322 = ADVANCED_FACE ( 'NONE', ( #3228 ), #31, .F. ) ;
#3323 = CARTESIAN_POINT ( 'NONE',  ( 0.000000000000000000, 0.000000000000000000, -0.01000000000000000021 ) ) ;
#3324 = ORIENTED_EDGE ( 'NONE', *, *, #1692, .F. ) ;
#3325 = CARTESIAN_POINT ( 'NONE',  ( -0.9249745962087019269, 0.4500000000000000111, -2.842170943040400743E-11 ) ) ;
#3326 = CARTESIAN_POINT ( 'NONE',  ( 9.342808634206710569E-14, 0.6500000006243139561, -0.5000000000000000000 ) ) ;
#3327 = VERTEX_POINT ( 'NONE', #2352 ) ;
#3328 = DIRECTION ( 'NONE',  ( -0.000000000000000000, -2.220446049250310123E-16, 1.000000000000000000 ) ) ;
#3329 = ORIENTED_EDGE ( 'NONE', *, *, #294, .T. ) ;
#3330 = CARTESIAN_POINT ( 'NONE',  ( 1.125000311988479940, 1.650000000312159987, -0.7000000000000009548 ) ) ;
#3331 = LINE ( 'NONE', #1566, #702 ) ;
#3332 = DIRECTION ( 'NONE',  ( 0.000000000000000000, -2.220446049250310123E-16, 1.000000000000000000 ) ) ;
#3333 = ORIENTED_EDGE ( 'NONE', *, *, #2200, .T. ) ;
#3334 = ORIENTED_EDGE ( 'NONE', *, *, #265, .F. ) ;
#3335 = CARTESIAN_POINT ( 'NONE',  ( 1.068649170051819919, -1.249999999375750015, -0.7000000000000009548 ) ) ;
#3336 = CARTESIAN_POINT ( 'NONE',  ( -0.9750000000001369793, 1.050000000000005151, -0.6999999999999998446 ) ) ;
#3337 = EDGE_CURVE ( 'NONE', #1886, #2446, #3525, .T. ) ;
#3338 = DIRECTION ( 'NONE',  ( -4.754428727147658197E-17, -0.2588190451025213501, -0.9659258262890680902 ) ) ;
#3339 = ORIENTED_EDGE ( 'NONE', *, *, #1225, .T. ) ;
#3340 = EDGE_CURVE ( 'NONE', #977, #1309, #3766, .T. ) ;
#3341 = DIRECTION ( 'NONE',  ( 0.000000000000000000, 0.000000000000000000, 1.000000000000000000 ) ) ;
#3342 = LINE ( 'NONE', #57, #922 ) ;
#3343 = ORIENTED_EDGE ( 'NONE', *, *, #553, .F. ) ;
#3344 = DIRECTION ( 'NONE',  ( 0.000000000000000000, 1.000000000000000000, 0.000000000000000000 ) ) ;
#3345 = ORIENTED_EDGE ( 'NONE', *, *, #713, .T. ) ;
#3346 = DIRECTION ( 'NONE',  ( 0.000000000000000000, 1.000000000000000000, 0.000000000000000000 ) ) ;
#3347 = CARTESIAN_POINT ( 'NONE',  ( -0.07499999999994631794, 0.4000000000000200062, -0.6999999999999999556 ) ) ;
#3348 = VECTOR ( 'NONE', #1050, 1000.000000000000000 ) ;
#3349 = DIRECTION ( 'NONE',  ( 0.000000000000000000, -2.220446049250310123E-16, 1.000000000000000000 ) ) ;
#3350 = CARTESIAN_POINT ( 'NONE',  ( -0.2749999999999640510, 1.250000000000000000, -0.6999999999999998446 ) ) ;
#3351 = VERTEX_POINT ( 'NONE', #1434 ) ;
#3352 = AXIS2_PLACEMENT_3D ( 'NONE', #3017, #1580, #2745 ) ;
#3353 = AXIS2_PLACEMENT_3D ( 'NONE', #1621, #1924, #1604 ) ;
#3354 = VECTOR ( 'NONE', #1311, 1000.000000000000000 ) ;
#3355 = EDGE_CURVE ( 'NONE', #667, #2397, #1742, .T. ) ;
#3356 = ORIENTED_EDGE ( 'NONE', *, *, #286, .F. ) ;
#3357 = LINE ( 'NONE', #1348, #1336 ) ;
#3358 = CARTESIAN_POINT ( 'NONE',  ( -1.125000311988479940, 1.650000000312159987, -0.5999999999999999778 ) ) ;
#3359 = AXIS2_PLACEMENT_3D ( 'NONE', #748, #3719, #1048 ) ;
#3360 = VECTOR ( 'NONE', #2918, 1000.000000000000000 ) ;
#3361 = DIRECTION ( 'NONE',  ( -1.000000000000000000, 0.000000000000000000, -0.000000000000000000 ) ) ;
#3362 = ORIENTED_EDGE ( 'NONE', *, *, #1966, .F. ) ;
#3363 = AXIS2_PLACEMENT_3D ( 'NONE', #3154, #2894, #2260 ) ;
#3364 = LINE ( 'NONE', #3072, #3100 ) ;
#3365 = DIRECTION ( 'NONE',  ( -0.000000000000000000, -0.2588190451025210170, -0.9659258262890680902 ) ) ;
#3366 = ORIENTED_EDGE ( 'NONE', *, *, #1500, .T. ) ;
#3367 = AXIS2_PLACEMENT_3D ( 'NONE', #2103, #1531, #1780 ) ;
#3368 = CARTESIAN_POINT ( 'NONE',  ( -1.125000311988479940, 1.650000000312159987, -0.1000000000000000472 ) ) ;
#3369 = ORIENTED_EDGE ( 'NONE', *, *, #2757, .T. ) ;
#3370 = CARTESIAN_POINT ( 'NONE',  ( 0.9750000000000229594, -0.05000000000001070255, -0.6999999999999999556 ) ) ;
#3371 = ADVANCED_FACE ( 'NONE', ( #1418 ), #2624, .F. ) ;
#3372 = DIRECTION ( 'NONE',  ( -0.000000000000000000, 1.000000000000000000, 0.000000000000000000 ) ) ;
#3373 = CARTESIAN_POINT ( 'NONE',  ( -1.125000311988479940, -0.1500000000000049627, -0.7000000000000000666 ) ) ;
#3374 = EDGE_LOOP ( 'NONE', ( #3219, #1791, #2564, #2733 ) ) ;
#3375 = EDGE_CURVE ( 'NONE', #3311, #2123, #2345, .T. ) ;
#3376 = CARTESIAN_POINT ( 'NONE',  ( 2.562482484172450734E-13, 1.249999999822209995, -0.6999999999999999556 ) ) ;
#3377 = ORIENTED_EDGE ( 'NONE', *, *, #425, .F. ) ;
#3378 = LINE ( 'NONE', #1670, #841 ) ;
#3379 = CYLINDRICAL_SURFACE ( 'NONE', #2018, 0.1000000000000179912 ) ;
#3380 = EDGE_CURVE ( 'NONE', #1020, #1517, #3220, .T. ) ;
#3381 = PLANE ( 'NONE',  #915 ) ;
#3382 = ORIENTED_EDGE ( 'NONE', *, *, #3233, .F. ) ;
#3383 = DIRECTION ( 'NONE',  ( -0.000000000000000000, -2.220446049250310123E-16, 1.000000000000000000 ) ) ;
#3384 = CARTESIAN_POINT ( 'NONE',  ( -0.9750000000000800249, 6.083862687778889869E-16, -0.5999999999999999778 ) ) ;
#3385 = ORIENTED_EDGE ( 'NONE', *, *, #3213, .F. ) ;
#3386 = CYLINDRICAL_SURFACE ( 'NONE', #3487, 0.1000000000000119682 ) ;
#3387 = DIRECTION ( 'NONE',  ( 0.000000000000000000, 2.220446049250310123E-16, -1.000000000000000000 ) ) ;
#3388 = DIRECTION ( 'NONE',  ( 0.000000000000000000, 1.000000000000000000, 0.000000000000000000 ) ) ;
#3389 = DIRECTION ( 'NONE',  ( 0.000000000000000000, -1.000000000000000000, -2.220446049250310123E-16 ) ) ;
#3390 = DIRECTION ( 'NONE',  ( -0.000000000000000000, 0.000000000000000000, 1.000000000000000000 ) ) ;
#3391 = EDGE_CURVE ( 'NONE', #1193, #280, #1704, .T. ) ;
#3392 = VERTEX_POINT ( 'NONE', #1181 ) ;
#3393 = PLANE ( 'NONE',  #1642 ) ;
#3394 = EDGE_CURVE ( 'NONE', #141, #1293, #3498, .T. ) ;
#3395 = ORIENTED_EDGE ( 'NONE', *, *, #3528, .F. ) ;
#3396 = LINE ( 'NONE', #1899, #283 ) ;
#3397 = LINE ( 'NONE', #1017, #2131 ) ;
#3398 = CARTESIAN_POINT ( 'NONE',  ( 0.9749999999999131584, 6.083862687778889869E-16, -0.5999999999999999778 ) ) ;
#3399 = VERTEX_POINT ( 'NONE', #2875 ) ;
#3400 = DIRECTION ( 'NONE',  ( -0.000000000000000000, -2.220446049250310123E-16, 1.000000000000000000 ) ) ;
#3401 = CARTESIAN_POINT ( 'NONE',  ( -0.2749999999999769851, -1.250000000000015099, -0.7000000000000009548 ) ) ;
#3402 = ORIENTED_EDGE ( 'NONE', *, *, #3272, .F. ) ;
#3403 = CARTESIAN_POINT ( 'NONE',  ( -0.07499999999994631794, 0.4000000000000200062, -0.6999999999999999556 ) ) ;
#3404 = LINE ( 'NONE', #1643, #1872 ) ;
#3405 = PLANE ( 'NONE',  #2198 ) ;
#3406 = EDGE_LOOP ( 'NONE', ( #32, #3012, #3083, #3309 ) ) ;
#3407 = ORIENTED_EDGE ( 'NONE', *, *, #400, .F. ) ;
#3408 = AXIS2_PLACEMENT_3D ( 'NONE', #3161, #3771, #1464 ) ;
#3409 = DIRECTION ( 'NONE',  ( -0.000000000000000000, -2.220446049250310123E-16, 1.000000000000000000 ) ) ;
#3410 = ORIENTED_EDGE ( 'NONE', *, *, #2118, .T. ) ;
#3411 = AXIS2_PLACEMENT_3D ( 'NONE', #3575, #114, #2415 ) ;
#3412 = PRODUCT_DEFINITION ( 'UNKNOWN', '', #3717, #3190 ) ;
#3413 = DIRECTION ( 'NONE',  ( 0.000000000000000000, -2.220446049250310123E-16, 1.000000000000000000 ) ) ;
#3414 = FACE_BOUND ( 'NONE', #2586, .T. ) ;
#3415 = PERSON_AND_ORGANIZATION_ROLE ( 'creator' ) ;
#3416 = EDGE_CURVE ( 'NONE', #3002, #98, #726, .T. ) ;
#3417 = VECTOR ( 'NONE', #1694, 1000.000000000000000 ) ;
#3418 = VECTOR ( 'NONE', #1917, 1000.000000000000000 ) ;
#3419 = AXIS2_PLACEMENT_3D ( 'NONE', #1874, #2209, #3320 ) ;
#3420 = VECTOR ( 'NONE', #2117, 1000.000000000000000 ) ;
#3421 = CARTESIAN_POINT ( 'NONE',  ( -0.2749999999999639955, 1.149999999999989919, -0.6999999999999999556 ) ) ;
#3422 = ORIENTED_EDGE ( 'NONE', *, *, #1856, .F. ) ;
#3423 = EDGE_CURVE ( 'NONE', #2703, #1925, #3181, .T. ) ;
#3424 = CARTESIAN_POINT ( 'NONE',  ( -0.9750000000000811351, -0.05000000000000359712, -0.6999999999999999556 ) ) ;
#3425 = ORIENTED_EDGE ( 'NONE', *, *, #1920, .T. ) ;
#3426 = CIRCLE ( 'NONE', #347, 0.09999999999999982514 ) ;
#3427 = ORIENTED_EDGE ( 'NONE', *, *, #1782, .T. ) ;
#3428 = CARTESIAN_POINT ( 'NONE',  ( -0.8249999999999889644, 0.5500000000000260236, -0.6999999999999999556 ) ) ;
#3429 = CYLINDRICAL_SURFACE ( 'NONE', #3666, 0.09999999999998031297 ) ;
#3430 = CARTESIAN_POINT ( 'NONE',  ( 1.125000000000042633, -1.249999999375361881, -0.6979999999999999538 ) ) ;
#3431 = AXIS2_PLACEMENT_3D ( 'NONE', #3809, #21, #1210 ) ;
#3432 = EDGE_CURVE ( 'NONE', #2242, #174, #551, .T. ) ;
#3433 = EDGE_LOOP ( 'NONE', ( #2180, #2163, #2935, #3127 ) ) ;
#3434 = VERTEX_POINT ( 'NONE', #3516 ) ;
#3435 = VECTOR ( 'NONE', #3466, 1000.000000000000000 ) ;
#3436 = FACE_OUTER_BOUND ( 'NONE', #3674, .T. ) ;
#3437 = DIRECTION ( 'NONE',  ( 0.000000000000000000, 1.000000000000000000, 0.000000000000000000 ) ) ;
#3438 = ORIENTED_EDGE ( 'NONE', *, *, #995, .T. ) ;
#3439 = CARTESIAN_POINT ( 'NONE',  ( 0.4249999999999999889, 0.4500000000000000666, -1.136868377216160297E-10 ) ) ;
#3440 = FACE_OUTER_BOUND ( 'NONE', #527, .T. ) ;
#3441 = EDGE_CURVE ( 'NONE', #642, #2786, #3201, .T. ) ;
#3442 = ADVANCED_FACE ( 'NONE', ( #291 ), #1476, .F. ) ;
#3443 = EDGE_LOOP ( 'NONE', ( #453, #279, #1538, #2236 ) ) ;
#3444 = EDGE_CURVE ( 'NONE', #757, #850, #1532, .T. ) ;
#3445 = LINE ( 'NONE', #371, #36 ) ;
#3446 = VERTEX_POINT ( 'NONE', #2300 ) ;
#3447 = DIRECTION ( 'NONE',  ( 0.000000000000000000, 0.000000000000000000, -1.000000000000000000 ) ) ;
#3448 = EDGE_CURVE ( 'NONE', #3454, #3531, #2642, .T. ) ;
#3449 = VERTEX_POINT ( 'NONE', #2015 ) ;
#3450 = LINE ( 'NONE', #810, #159 ) ;
#3451 = DIRECTION ( 'NONE',  ( 0.000000000000000000, -2.220446049250310123E-16, 1.000000000000000000 ) ) ;
#3452 = LINE ( 'NONE', #1342, #2995 ) ;
#3453 = ORIENTED_EDGE ( 'NONE', *, *, #3805, .T. ) ;
#3454 = VERTEX_POINT ( 'NONE', #2604 ) ;
#3455 = LINE ( 'NONE', #1723, #2032 ) ;
#3456 = EDGE_CURVE ( 'NONE', #3392, #2718, #3455, .T. ) ;
#3457 = DIRECTION ( 'NONE',  ( 1.000000000000000000, 0.000000000000000000, 0.000000000000000000 ) ) ;
#3458 = CARTESIAN_POINT ( 'NONE',  ( 1.225000000000020073, 0.1499999999999780120, -0.6999999999999999556 ) ) ;
#3459 = VERTEX_POINT ( 'NONE', #1198 ) ;
#3460 = CARTESIAN_POINT ( 'NONE',  ( 1.074999999999920020, -1.149999999999975042, -0.7000000000000009548 ) ) ;
#3461 = CYLINDRICAL_SURFACE ( 'NONE', #2439, 0.1000000000000000194 ) ;
#3462 = DIRECTION ( 'NONE',  ( 0.000000000000000000, 1.000000000000000000, 0.000000000000000000 ) ) ;
#3463 = ORIENTED_EDGE ( 'NONE', *, *, #2172, .T. ) ;
#3464 = DIRECTION ( 'NONE',  ( -1.000000000000000000, -0.000000000000000000, 0.000000000000000000 ) ) ;
#3465 = ORIENTED_EDGE ( 'NONE', *, *, #913, .F. ) ;
#3466 = DIRECTION ( 'NONE',  ( 1.000000000000000000, -0.000000000000000000, 0.000000000000000000 ) ) ;
#3467 = VERTEX_POINT ( 'NONE', #3141 ) ;
#3468 = ORIENTED_EDGE ( 'NONE', *, *, #524, .T. ) ;
#3469 = DIRECTION ( 'NONE',  ( 0.000000000000000000, -1.000000000000000000, -0.000000000000000000 ) ) ;
#3470 = DIRECTION ( 'NONE',  ( -0.000000000000000000, 0.000000000000000000, 1.000000000000000000 ) ) ;
#3471 = VERTEX_POINT ( 'NONE', #508 ) ;
#3472 = CARTESIAN_POINT ( 'NONE',  ( 0.5350000000000250111, 0.04999999999996940225, -0.6999999999999999556 ) ) ;
#3473 = ORIENTED_EDGE ( 'NONE', *, *, #2809, .F. ) ;
#3474 = CARTESIAN_POINT ( 'NONE',  ( 0.9718245862354162323, 0.5749999999995930589, -0.5000000000000000000 ) ) ;
#3475 = CARTESIAN_POINT ( 'NONE',  ( -0.9250000000000540012, 0.5500000000000260236, -0.6999999999999999556 ) ) ;
#3476 = ORIENTED_EDGE ( 'NONE', *, *, #3754, .F. ) ;
#3477 = DIRECTION ( 'NONE',  ( 0.000000000000000000, 1.000000000000000000, 0.000000000000000000 ) ) ;
#3478 = CARTESIAN_POINT ( 'NONE',  ( -0.8000000000000000444, 1.520000000000000018, 0.000000000000000000 ) ) ;
#3479 = PERSON_AND_ORGANIZATION ( #1319, #77 ) ;
#3480 = AXIS2_PLACEMENT_3D ( 'NONE', #3097, #150, #1624 ) ;
#3481 = DIRECTION ( 'NONE',  ( 0.000000000000000000, -1.000000000000000000, -2.220446049250310123E-16 ) ) ;
#3482 = ORIENTED_EDGE ( 'NONE', *, *, #524, .F. ) ;
#3483 = DIRECTION ( 'NONE',  ( 3.209883240645878872E-31, -2.220446049250310123E-16, 1.000000000000000000 ) ) ;
#3484 = VECTOR ( 'NONE', #2656, 1000.000000000000000 ) ;
#3485 = ORIENTED_EDGE ( 'NONE', *, *, #1815, .T. ) ;
#3486 = AXIS2_PLACEMENT_3D ( 'NONE', #3711, #3128, #1037 ) ;
#3487 = AXIS2_PLACEMENT_3D ( 'NONE', #1659, #3686, #3344 ) ;
#3488 = VECTOR ( 'NONE', #1855, 1000.000000000000000 ) ;
#3489 = EDGE_LOOP ( 'NONE', ( #3716, #1660, #238, #1568 ) ) ;
#3490 = CIRCLE ( 'NONE', #1269, 0.09999999999999999167 ) ;
#3491 = EDGE_LOOP ( 'NONE', ( #2456, #1291, #721, #3569 ) ) ;
#3492 = VECTOR ( 'NONE', #1699, 1000.000000000000000 ) ;
#3493 = FACE_OUTER_BOUND ( 'NONE', #2421, .T. ) ;
#3494 = CARTESIAN_POINT ( 'NONE',  ( -1.125000311988479940, 1.650000000312159987, -0.6999999999999999556 ) ) ;
#3495 = ORIENTED_EDGE ( 'NONE', *, *, #813, .T. ) ;
#3496 = ADVANCED_FACE ( 'NONE', ( #1684 ), #212, .F. ) ;
#3497 = CIRCLE ( 'NONE', #1651, 0.1000000000000080685 ) ;
#3498 = LINE ( 'NONE', #860, #2881 ) ;
#3499 = ADVANCED_FACE ( 'NONE', ( #3310 ), #2699, .F. ) ;
#3500 = AXIS2_PLACEMENT_3D ( 'NONE', #2697, #2194, #1542 ) ;
#3501 = DIRECTION ( 'NONE',  ( 0.000000000000000000, -1.000000000000000000, -2.220446049250310123E-16 ) ) ;
#3502 = CARTESIAN_POINT ( 'NONE',  ( 0.08499999999976290410, 0.3000000000000690448, -0.6999999999999999556 ) ) ;
#3503 = ORIENTED_EDGE ( 'NONE', *, *, #139, .F. ) ;
#3504 = ADVANCED_FACE ( 'NONE', ( #3605 ), #1508, .F. ) ;
#3505 = VECTOR ( 'NONE', #2537, 1000.000000000000000 ) ;
#3506 = EDGE_CURVE ( 'NONE', #1947, #331, #934, .T. ) ;
#3507 = LINE ( 'NONE', #1833, #1082 ) ;
#3508 = PLANE ( 'NONE',  #3242 ) ;
#3509 = CARTESIAN_POINT ( 'NONE',  ( 1.125000311988479940, -1.249999999375740023, -0.7000000000000009548 ) ) ;
#3510 = DIRECTION ( 'NONE',  ( 0.000000000000000000, -2.220446049250310123E-16, 1.000000000000000000 ) ) ;
#3511 = EDGE_CURVE ( 'NONE', #2972, #2114, #2968, .T. ) ;
#3512 =( LENGTH_UNIT ( ) NAMED_UNIT ( * ) SI_UNIT ( .MILLI., .METRE. ) );
#3513 = LINE ( 'NONE', #3763, #2127 ) ;
#3514 = DIRECTION ( 'NONE',  ( 1.000000000000000000, 0.000000000000000000, 0.000000000000000000 ) ) ;
#3515 = EDGE_LOOP ( 'NONE', ( #156, #3718, #1056, #1435 ) ) ;
#3516 = CARTESIAN_POINT ( 'NONE',  ( 0.9222951043006598626, 0.4500000000000000666, -0.009999999974752427079 ) ) ;
#3517 = ORIENTED_EDGE ( 'NONE', *, *, #1937, .F. ) ;
#3518 = PRODUCT_RELATED_PRODUCT_CATEGORY ( 'detail', '', ( #3599 ) ) ;
#3519 = ADVANCED_FACE ( 'NONE', ( #2411 ), #1260, .F. ) ;
#3520 = DIRECTION ( 'NONE',  ( -0.000000000000000000, -0.000000000000000000, -1.000000000000000000 ) ) ;
#3521 = DIRECTION ( 'NONE',  ( 0.000000000000000000, 0.000000000000000000, 1.000000000000000000 ) ) ;
#3522 = VERTEX_POINT ( 'NONE', #3585 ) ;
#3523 = PLANE ( 'NONE',  #40 ) ;
#3524 = LINE ( 'NONE', #3330, #2192 ) ;
#3525 = LINE ( 'NONE', #888, #791 ) ;
#3526 = EDGE_CURVE ( 'NONE', #184, #2598, #920, .T. ) ;
#3527 = CARTESIAN_POINT ( 'NONE',  ( 1.075000000000029932, 0.04999999999996940225, -0.6999999999999999556 ) ) ;
#3528 = EDGE_CURVE ( 'NONE', #1628, #2719, #2819, .T. ) ;
#3529 = CARTESIAN_POINT ( 'NONE',  ( -1.075000000000090106, -0.04999999999999660272, -0.6999999999999999556 ) ) ;
#3530 = DIRECTION ( 'NONE',  ( -0.000000000000000000, -2.220446049250310123E-16, 1.000000000000000000 ) ) ;
#3531 = VERTEX_POINT ( 'NONE', #324 ) ;
#3532 = ORIENTED_EDGE ( 'NONE', *, *, #1750, .T. ) ;
#3533 = DIRECTION ( 'NONE',  ( 0.000000000000000000, 2.220446049250310123E-16, -1.000000000000000000 ) ) ;
#3534 = EDGE_LOOP ( 'NONE', ( #1968, #1849, #1683, #751, #2618, #78, #2060, #2168, #1481, #2460, #3288, #3427, #370, #1535, #3596, #1781, #1976, #2318, #2419, #151, #1550, #75, #3532, #939, #2489, #109, #1024, #2380, #2404, #2636 ) ) ;
#3535 = FACE_OUTER_BOUND ( 'NONE', #3491, .T. ) ;
#3536 = CARTESIAN_POINT ( 'NONE',  ( -1.125000311988479940, 0.1499999999999780675, -0.6999999999999999556 ) ) ;
#3537 = ORIENTED_EDGE ( 'NONE', *, *, #1966, .T. ) ;
#3538 = APPROVAL_PERSON_ORGANIZATION ( #1111, #3541, #3280 ) ;
#3539 = DIRECTION ( 'NONE',  ( 0.000000000000000000, -2.220446049250310123E-16, 1.000000000000000000 ) ) ;
#3540 = ORIENTED_EDGE ( 'NONE', *, *, #2510, .F. ) ;
#3541 = APPROVAL ( #2277, 'UNSPECIFIED' ) ;
#3542 = VERTEX_POINT ( 'NONE', #656 ) ;
#3543 = LINE ( 'NONE', #910, #222 ) ;
#3544 = ADVANCED_FACE ( 'NONE', ( #948 ), #2985, .T. ) ;
#3545 = VECTOR ( 'NONE', #366, 1000.000000000000000 ) ;
#3546 = VECTOR ( 'NONE', #2359, 1000.000000000000000 ) ;
#3547 = VECTOR ( 'NONE', #1046, 1000.000000000000000 ) ;
#3548 = VECTOR ( 'NONE', #1537, 1000.000000000000114 ) ;
#3549 = CONICAL_SURFACE ( 'NONE', #3236, 0.4999745962025372581, 0.2617993889548879127 ) ;
#3550 = PLANE ( 'NONE',  #840 ) ;
#3551 = DIRECTION ( 'NONE',  ( 0.000000000000000000, 0.000000000000000000, -1.000000000000000000 ) ) ;
#3552 = VERTEX_POINT ( 'NONE', #2954 ) ;
#3553 = DIRECTION ( 'NONE',  ( 0.000000000000000000, -2.220446049250310123E-16, 1.000000000000000000 ) ) ;
#3554 = VERTEX_POINT ( 'NONE', #1233 ) ;
#3555 = VECTOR ( 'NONE', #1060, 1000.000000000000000 ) ;
#3556 = ADVANCED_FACE ( 'NONE', ( #343 ), #71, .T. ) ;
#3557 = CARTESIAN_POINT ( 'NONE',  ( -3.252606517456509851E-16, -1.249999999375730031, -0.5000000000000009992 ) ) ;
#3558 = CARTESIAN_POINT ( 'NONE',  ( 1.125000155994261286, 0.2649999999998363109, -0.6979999999999999538 ) ) ;
#3559 = AXIS2_PLACEMENT_3D ( 'NONE', #3079, #2756, #695 ) ;
#3560 = ORIENTED_EDGE ( 'NONE', *, *, #1514, .F. ) ;
#3561 = CARTESIAN_POINT ( 'NONE',  ( 0.2750000000002472689, 5000.000000000000000, -0.6979999999999999538 ) ) ;
#3562 = AXIS2_PLACEMENT_3D ( 'NONE', #1265, #2416, #661 ) ;
#3563 = DIRECTION ( 'NONE',  ( 0.000000000000000000, 1.000000000000000000, 0.000000000000000000 ) ) ;
#3564 = EDGE_LOOP ( 'NONE', ( #3205, #1858, #325, #244 ) ) ;
#3565 = CONICAL_SURFACE ( 'NONE', #2447, 0.4999745961881216783, 0.2617993914162801694 ) ;
#3566 = ORIENTED_EDGE ( 'NONE', *, *, #3281, .F. ) ;
#3567 = DIRECTION ( 'NONE',  ( -0.000000000000000000, 0.000000000000000000, 1.000000000000000000 ) ) ;
#3568 = EDGE_CURVE ( 'NONE', #3581, #2426, #362, .T. ) ;
#3569 = ORIENTED_EDGE ( 'NONE', *, *, #2325, .T. ) ;
#3570 = EDGE_CURVE ( 'NONE', #3653, #631, #2428, .T. ) ;
#3571 = DIRECTION ( 'NONE',  ( 0.000000000000000000, 1.000000000000000000, 0.000000000000000000 ) ) ;
#3572 = CARTESIAN_POINT ( 'NONE',  ( 1.125000311988479940, 0.7499999999999844569, -0.5999999999999998668 ) ) ;
#3573 = ORIENTED_EDGE ( 'NONE', *, *, #3253, .T. ) ;
#3574 = CARTESIAN_POINT ( 'NONE',  ( 1.074999999999940004, -1.149999999999979927, -0.7000000000000009548 ) ) ;
#3575 = CARTESIAN_POINT ( 'NONE',  ( 1.224999999999909939, -0.7499999999999981126, -0.7000000000000009548 ) ) ;
#3576 = CARTESIAN_POINT ( 'NONE',  ( -1.125000311988479940, -1.250000000000029754, -0.7000000000000003997 ) ) ;
#3577 = ORIENTED_EDGE ( 'NONE', *, *, #2891, .T. ) ;
#3578 = EDGE_CURVE ( 'NONE', #552, #1193, #1848, .T. ) ;
#3579 = VERTEX_POINT ( 'NONE', #2069 ) ;
#3580 = CARTESIAN_POINT ( 'NONE',  ( -3.252606517456509851E-16, 0.2650000000000010125, -1.307058521919900240 ) ) ;
#3581 = VERTEX_POINT ( 'NONE', #1562 ) ;
#3582 = DIRECTION ( 'NONE',  ( 0.000000000000000000, 0.000000000000000000, 1.000000000000000000 ) ) ;
#3583 = FACE_OUTER_BOUND ( 'NONE', #1759, .T. ) ;
#3584 = ORIENTED_EDGE ( 'NONE', *, *, #618, .F. ) ;
#3585 = CARTESIAN_POINT ( 'NONE',  ( -1.075000000000095213, 0.1499999999999780120, -0.5999999999999999778 ) ) ;
#3586 = ORIENTED_EDGE ( 'NONE', *, *, #908, .T. ) ;
#3587 = DIRECTION ( 'NONE',  ( 0.000000000000000000, 2.220446049250310123E-16, -1.000000000000000000 ) ) ;
#3588 = EDGE_CURVE ( 'NONE', #3467, #2794, #87, .T. ) ;
#3589 = FACE_OUTER_BOUND ( 'NONE', #2698, .T. ) ;
#3590 = DIRECTION ( 'NONE',  ( 0.000000000000000000, -1.000000000000000000, -0.000000000000000000 ) ) ;
#3591 = ORIENTED_EDGE ( 'NONE', *, *, #2464, .F. ) ;
#3592 = EDGE_CURVE ( 'NONE', #2426, #3268, #3257, .T. ) ;
#3593 = AXIS2_PLACEMENT_3D ( 'NONE', #3804, #1173, #3134 ) ;
#3594 = ORIENTED_EDGE ( 'NONE', *, *, #1736, .F. ) ;
#3595 = PLANE ( 'NONE',  #3672 ) ;
#3596 = ORIENTED_EDGE ( 'NONE', *, *, #3640, .T. ) ;
#3597 = AXIS2_PLACEMENT_3D ( 'NONE', #3796, #848, #2212 ) ;
#3598 = ORIENTED_EDGE ( 'NONE', *, *, #1782, .F. ) ;
#3599 = PRODUCT ( 'KRTB_DWLM32_32_20250507_geometry', 'KRTB_DWLM32_32_20250507_geometry', '', ( #2295 ) ) ;
#3600 = CARTESIAN_POINT ( 'NONE',  ( 1.125000311988479940, 0.2650000000000000688, -0.6999999999999999556 ) ) ;
#3601 = CARTESIAN_POINT ( 'NONE',  ( 0.6350000000000249889, 0.2650000000000009015, -0.6999999999999999556 ) ) ;
#3602 = AXIS2_PLACEMENT_3D ( 'NONE', #3203, #570, #272 ) ;
#3603 = VERTEX_POINT ( 'NONE', #606 ) ;
#3604 = VECTOR ( 'NONE', #2196, 1000.000000000000000 ) ;
#3605 = FACE_OUTER_BOUND ( 'NONE', #2214, .T. ) ;
#3606 = VERTEX_POINT ( 'NONE', #624 ) ;
#3607 = LINE ( 'NONE', #1320, #2440 ) ;
#3608 = VECTOR ( 'NONE', #304, 1000.000000000000000 ) ;
#3609 = CARTESIAN_POINT ( 'NONE',  ( 1.125000311988479940, -0.1500000000000049627, -0.5999999999999999778 ) ) ;
#3610 = CARTESIAN_POINT ( 'NONE',  ( 1.068649170051882313, 0.6500000006241597461, -0.6999999999999999556 ) ) ;
#3611 = ADVANCED_FACE ( 'NONE', ( #1492 ), #1213, .T. ) ;
#3612 = ORIENTED_EDGE ( 'NONE', *, *, #103, .F. ) ;
#3613 = EDGE_CURVE ( 'NONE', #3603, #3434, #2812, .T. ) ;
#3614 = CIRCLE ( 'NONE', #1339, 0.1000000000000079575 ) ;
#3615 = AXIS2_PLACEMENT_3D ( 'NONE', #130, #1888, #2751 ) ;
#3616 = AXIS2_PLACEMENT_3D ( 'NONE', #712, #1973, #502 ) ;
#3617 = EDGE_CURVE ( 'NONE', #3459, #3697, #1639, .T. ) ;
#3618 = ORIENTED_EDGE ( 'NONE', *, *, #1815, .F. ) ;
#3619 = ORIENTED_EDGE ( 'NONE', *, *, #95, .T. ) ;
#3620 = AXIS2_PLACEMENT_3D ( 'NONE', #2717, #1032, #2790 ) ;
#3621 = VERTEX_POINT ( 'NONE', #2784 ) ;
#3622 = DIRECTION ( 'NONE',  ( -0.000000000000000000, 1.000000000000000000, 0.000000000000000000 ) ) ;
#3623 = AXIS2_PLACEMENT_3D ( 'NONE', #1777, #2674, #305 ) ;
#3624 = VECTOR ( 'NONE', #816, 1000.000000000000000 ) ;
#3625 = ADVANCED_FACE ( 'NONE', ( #2770 ), #690, .F. ) ;
#3626 = CARTESIAN_POINT ( 'NONE',  ( -1.125000311988479940, 0.1499999999999780398, -0.5999999999999999778 ) ) ;
#3627 = CARTESIAN_POINT ( 'NONE',  ( -0.07499999999994630406, 0.3000000000000120348, -0.6999999999999999556 ) ) ;
#3628 = EDGE_LOOP ( 'NONE', ( #358, #309, #2802, #2031 ) ) ;
#3629 = CARTESIAN_POINT ( 'NONE',  ( -1.125000311988479940, -0.6500000000000051292, -0.6999999999999999556 ) ) ;
#3630 = VERTEX_POINT ( 'NONE', #1337 ) ;
#3631 = FACE_OUTER_BOUND ( 'NONE', #556, .T. ) ;
#3632 = LINE ( 'NONE', #693, #3677 ) ;
#3633 = DIRECTION ( 'NONE',  ( 0.000000000000000000, -1.000000000000000000, 0.000000000000000000 ) ) ;
#3634 = CARTESIAN_POINT ( 'NONE',  ( -1.075000000000090106, 0.04999999999996940225, -0.6999999999999999556 ) ) ;
#3635 = EDGE_LOOP ( 'NONE', ( #1802, #2322, #807, #1600 ) ) ;
#3636 = EDGE_CURVE ( 'NONE', #642, #2972, #3116, .T. ) ;
#3637 = ORIENTED_EDGE ( 'NONE', *, *, #1227, .T. ) ;
#3638 = ORIENTED_EDGE ( 'NONE', *, *, #3139, .F. ) ;
#3639 = DIRECTION ( 'NONE',  ( -0.000000000000000000, -2.220446049250310123E-16, 1.000000000000000000 ) ) ;
#3640 = EDGE_CURVE ( 'NONE', #2292, #2806, #3662, .T. ) ;
#3641 = CARTESIAN_POINT ( 'NONE',  ( 0.2749999999999769851, 0.5999999999999949818, -0.6999999999999999556 ) ) ;
#3642 = ORIENTED_EDGE ( 'NONE', *, *, #3299, .F. ) ;
#3643 = FACE_OUTER_BOUND ( 'NONE', #2639, .T. ) ;
#3644 = LINE ( 'NONE', #3286, #2877 ) ;
#3645 = ORIENTED_EDGE ( 'NONE', *, *, #3671, .F. ) ;
#3646 = PLANE ( 'NONE',  #1808 ) ;
#3647 = VERTEX_POINT ( 'NONE', #2504 ) ;
#3648 = DIRECTION ( 'NONE',  ( 0.000000000000000000, 1.000000000000000000, 0.000000000000000000 ) ) ;
#3649 = EDGE_CURVE ( 'NONE', #3179, #1103, #732, .T. ) ;
#3650 = CARTESIAN_POINT ( 'NONE',  ( -3.252606517456509851E-16, 0.7499999999999841238, -0.5999999999999997558 ) ) ;
#3651 = LINE ( 'NONE', #1609, #1525 ) ;
#3652 = VERTEX_POINT ( 'NONE', #3094 ) ;
#3653 = VERTEX_POINT ( 'NONE', #3060 ) ;
#3654 = DIRECTION ( 'NONE',  ( -0.000000000000000000, -2.220446049250310123E-16, 1.000000000000000000 ) ) ;
#3655 = ADVANCED_FACE ( 'NONE', ( #2215 ), #3386, .T. ) ;
#3656 = PLANE ( 'NONE',  #1034 ) ;
#3657 = VERTEX_POINT ( 'NONE', #1584 ) ;
#3658 = FACE_OUTER_BOUND ( 'NONE', #1645, .T. ) ;
#3659 = CARTESIAN_POINT ( 'NONE',  ( -1.125000311988479940, 1.650000000312159987, -0.6979999999999999538 ) ) ;
#3660 = ORIENTED_EDGE ( 'NONE', *, *, #2661, .F. ) ;
#3661 = EDGE_CURVE ( 'NONE', #631, #511, #2680, .T. ) ;
#3662 = LINE ( 'NONE', #3368, #1222 ) ;
#3663 = ORIENTED_EDGE ( 'NONE', *, *, #3456, .T. ) ;
#3664 = CARTESIAN_POINT ( 'NONE',  ( 2.562482484172450734E-13, 1.249999999822209995, -0.5000000000000000000 ) ) ;
#3665 = DIRECTION ( 'NONE',  ( -0.000000000000000000, 2.220446049250310123E-16, -1.000000000000000000 ) ) ;
#3666 = AXIS2_PLACEMENT_3D ( 'NONE', #2279, #3120, #2524 ) ;
#3667 = LINE ( 'NONE', #1341, #1158 ) ;
#3668 = LINE ( 'NONE', #2732, #1887 ) ;
#3669 = ORIENTED_EDGE ( 'NONE', *, *, #3636, .T. ) ;
#3670 = AXIS2_PLACEMENT_3D ( 'NONE', #1805, #2980, #2696 ) ;
#3671 = EDGE_CURVE ( 'NONE', #2975, #3327, #419, .T. ) ;
#3672 = AXIS2_PLACEMENT_3D ( 'NONE', #1519, #1208, #1485 ) ;
#3673 = VECTOR ( 'NONE', #3481, 1000.000000000000000 ) ;
#3674 = EDGE_LOOP ( 'NONE', ( #2848, #3167, #225, #1847 ) ) ;
#3675 = CARTESIAN_POINT ( 'NONE',  ( -0.1749999999999550249, 0.5500000000000260236, -0.6999999999999999556 ) ) ;
#3676 = CYLINDRICAL_SURFACE ( 'NONE', #3419, 0.1000000000000230288 ) ;
#3677 = VECTOR ( 'NONE', #3248, 1000.000000000000000 ) ;
#3678 = AXIS2_PLACEMENT_3D ( 'NONE', #1911, #3332, #2469 ) ;
#3679 = CARTESIAN_POINT ( 'NONE',  ( -133707.5719977267727, -0.4500000000000000666, 499000.0000000000000 ) ) ;
#3680 = EDGE_LOOP ( 'NONE', ( #1278, #3537, #2810, #1612 ) ) ;
#3681 = EDGE_CURVE ( 'NONE', #1352, #217, #3701, .T. ) ;
#3682 = AXIS2_PLACEMENT_3D ( 'NONE', #2409, #2113, #945 ) ;
#3683 = CARTESIAN_POINT ( 'NONE',  ( 0.3749999999999890088, 0.5999999999999949818, -0.6999999999999999556 ) ) ;
#3684 = FACE_OUTER_BOUND ( 'NONE', #1934, .T. ) ;
#3685 = AXIS2_PLACEMENT_3D ( 'NONE', #8, #2915, #254 ) ;
#3686 = DIRECTION ( 'NONE',  ( 0.000000000000000000, 2.220446049250310123E-16, -1.000000000000000000 ) ) ;
#3687 = PLANE ( 'NONE',  #3174 ) ;
#3688 = DIRECTION ( 'NONE',  ( 0.000000000000000000, 1.000000000000000000, 0.000000000000000000 ) ) ;
#3689 = ADVANCED_FACE ( 'NONE', ( #709 ), #3646, .F. ) ;
#3690 = CARTESIAN_POINT ( 'NONE',  ( 1.125000311988479940, 1.650000000312159987, -0.6979999999999999538 ) ) ;
#3691 = CARTESIAN_POINT ( 'NONE',  ( -1.075000000000029932, -1.049999999999970068, -0.6000000000000009770 ) ) ;
#3692 = ORIENTED_EDGE ( 'NONE', *, *, #3337, .T. ) ;
#3693 = DIRECTION ( 'NONE',  ( 1.000000000000000000, 5.421010862427849547E-16, 1.203706215242090065E-31 ) ) ;
#3694 = ORIENTED_EDGE ( 'NONE', *, *, #738, .F. ) ;
#3695 = CARTESIAN_POINT ( 'NONE',  ( 1.074999999999960210, 1.149999999999989919, -0.5999999999999999778 ) ) ;
#3696 = DIRECTION ( 'NONE',  ( 0.000000000000000000, 0.000000000000000000, 1.000000000000000000 ) ) ;
#3697 = VERTEX_POINT ( 'NONE', #2232 ) ;
#3698 = LINE ( 'NONE', #684, #3555 ) ;
#3699 = ORIENTED_EDGE ( 'NONE', *, *, #1685, .F. ) ;
#3700 = CARTESIAN_POINT ( 'NONE',  ( -3.252606517456509851E-16, -0.4999999999999519829, -0.5000000000000000000 ) ) ;
#3701 = LINE ( 'NONE', #2831, #1383 ) ;
#3702 = VERTEX_POINT ( 'NONE', #3401 ) ;
#3703 = DIRECTION ( 'NONE',  ( 0.000000000000000000, 2.220446049250310123E-16, -1.000000000000000000 ) ) ;
#3704 = LINE ( 'NONE', #794, #3348 ) ;
#3705 = DIRECTION ( 'NONE',  ( -0.000000000000000000, -2.220446049250310123E-16, 1.000000000000000000 ) ) ;
#3706 = ORIENTED_EDGE ( 'NONE', *, *, #3805, .F. ) ;
#3707 = EDGE_CURVE ( 'NONE', #3647, #1190, #2546, .T. ) ;
#3708 = FACE_OUTER_BOUND ( 'NONE', #363, .T. ) ;
#3709 = DIRECTION ( 'NONE',  ( -0.000000000000000000, 1.000000000000000000, 0.000000000000000000 ) ) ;
#3710 = ORIENTED_EDGE ( 'NONE', *, *, #477, .F. ) ;
#3711 = CARTESIAN_POINT ( 'NONE',  ( -0.4249999999999999889, 0.4500000000000000666, -0.009999999974752427079 ) ) ;
#3712 = CARTESIAN_POINT ( 'NONE',  ( -1.125000155994254403, -1.249999999999927169, -0.6979999999999999538 ) ) ;
#3713 = CARTESIAN_POINT ( 'NONE',  ( 0.3750000000000000000, -0.5999999999999939826, -0.7000000000000009548 ) ) ;
#3714 = ORIENTED_EDGE ( 'NONE', *, *, #3570, .F. ) ;
#3715 = CARTESIAN_POINT ( 'NONE',  ( 0.8000000000000000444, 1.520000000000000018, 0.000000000000000000 ) ) ;
#3716 = ORIENTED_EDGE ( 'NONE', *, *, #451, .T. ) ;
#3717 = PRODUCT_DEFINITION_FORMATION_WITH_SPECIFIED_SOURCE ( 'ANY', '', #3599, .NOT_KNOWN. ) ;
#3718 = ORIENTED_EDGE ( 'NONE', *, *, #242, .T. ) ;
#3719 = DIRECTION ( 'NONE',  ( 0.000000000000000000, -2.220446049250310123E-16, 1.000000000000000000 ) ) ;
#3720 = CARTESIAN_POINT ( 'NONE',  ( 0.8000000000000000444, 1.120000000000000107, 0.002000000000000000042 ) ) ;
#3721 = FACE_OUTER_BOUND ( 'NONE', #2344, .T. ) ;
#3722 = ORIENTED_EDGE ( 'NONE', *, *, #1750, .F. ) ;
#3723 = EDGE_CURVE ( 'NONE', #2114, #246, #486, .T. ) ;
#3724 = EDGE_CURVE ( 'NONE', #3268, #3542, #2749, .T. ) ;
#3725 = CARTESIAN_POINT ( 'NONE',  ( -5000.000000000000000, 5000.000000000000000, -0.6979999999999999538 ) ) ;
#3726 = PLANE ( 'NONE',  #2689 ) ;
#3727 = EDGE_CURVE ( 'NONE', #1185, #2589, #142, .T. ) ;
#3728 = ORIENTED_EDGE ( 'NONE', *, *, #1620, .F. ) ;
#3729 = VECTOR ( 'NONE', #268, 1000.000000000000000 ) ;
#3730 = CARTESIAN_POINT ( 'NONE',  ( 0.9718245861598001634, -1.324999999980861265, -0.5000000000000009992 ) ) ;
#3731 = PLANE ( 'NONE',  #777 ) ;
#3732 = DATE_TIME_ROLE ( 'creation_date' ) ;
#3733 = EDGE_CURVE ( 'NONE', #2794, #946, #1006, .T. ) ;
#3734 = CIRCLE ( 'NONE', #3352, 0.1000000000000230288 ) ;
#3735 = VECTOR ( 'NONE', #2270, 1000.000000000000000 ) ;
#3736 = CARTESIAN_POINT ( 'NONE',  ( -1.075000000000039924, -0.7499999999999985567, -0.7000000000000009548 ) ) ;
#3737 = VERTEX_POINT ( 'NONE', #2910 ) ;
#3738 = VECTOR ( 'NONE', #1390, 1000.000000000000114 ) ;
#3739 = CARTESIAN_POINT ( 'NONE',  ( -5000.000000000000000, -1.400000000000289901, -0.6979999999999999538 ) ) ;
#3740 = ORIENTED_EDGE ( 'NONE', *, *, #1101, .F. ) ;
#3741 = EDGE_CURVE ( 'NONE', #1628, #3434, #248, .T. ) ;
#3742 = CARTESIAN_POINT ( 'NONE',  ( -0.9750000000000229594, -0.8500000000000009770, -0.7000000000000006217 ) ) ;
#3743 = VECTOR ( 'NONE', #2145, 1000.000000000000000 ) ;
#3744 = CYLINDRICAL_SURFACE ( 'NONE', #849, 0.1000000000000079575 ) ;
#3745 = LINE ( 'NONE', #856, #2186 ) ;
#3746 = DIRECTION ( 'NONE',  ( 0.000000000000000000, 1.000000000000000000, 0.000000000000000000 ) ) ;
#3747 = VECTOR ( 'NONE', #2138, 1000.000000000000000 ) ;
#3748 = EDGE_LOOP ( 'NONE', ( #2545, #645, #2837, #819, #499, #1518 ) ) ;
#3749 = DIRECTION ( 'NONE',  ( 0.000000000000000000, -1.000000000000000000, -2.220446049250310123E-16 ) ) ;
#3750 = MANIFOLD_SOLID_BREP ( '1', #1576 ) ;
#3751 = DIRECTION ( 'NONE',  ( 0.000000000000000000, 1.000000000000000000, 0.000000000000000000 ) ) ;
#3752 = CARTESIAN_POINT ( 'NONE',  ( -1.075000000000160050, 0.7500000000000011102, -0.6999999999999999556 ) ) ;
#3753 = VERTEX_POINT ( 'NONE', #792 ) ;
#3754 = EDGE_CURVE ( 'NONE', #1490, #3817, #2310, .T. ) ;
#3755 = LINE ( 'NONE', #1249, #2730 ) ;
#3756 = CARTESIAN_POINT ( 'NONE',  ( 0.6350000000000249889, -0.2649999999999990696, -1.307058521919900240 ) ) ;
#3757 = PERSON_AND_ORGANIZATION_ROLE ( 'design_supplier' ) ;
#3758 = CARTESIAN_POINT ( 'NONE',  ( -0.9250000000001712408, 0.6500000000001976419, -0.6979999999999999538 ) ) ;
#3759 = LINE ( 'NONE', #4, #2555 ) ;
#3760 = ORIENTED_EDGE ( 'NONE', *, *, #2753, .F. ) ;
#3761 = DIRECTION ( 'NONE',  ( 0.000000000000000000, 1.000000000000000000, 2.220446049250310123E-16 ) ) ;
#3762 = ORIENTED_EDGE ( 'NONE', *, *, #3448, .F. ) ;
#3763 = CARTESIAN_POINT ( 'NONE',  ( -3.252606517456509851E-16, 0.2650000000000009015, -0.6999999999999999556 ) ) ;
#3764 = FACE_OUTER_BOUND ( 'NONE', #2584, .T. ) ;
#3765 = ORIENTED_EDGE ( 'NONE', *, *, #2648, .F. ) ;
#3766 = LINE ( 'NONE', #1394, #1964 ) ;
#3767 = ORIENTED_EDGE ( 'NONE', *, *, #2223, .F. ) ;
#3768 = DIRECTION ( 'NONE',  ( 1.000000000000000000, 0.000000000000000000, 0.000000000000000000 ) ) ;
#3769 = FACE_OUTER_BOUND ( 'NONE', #379, .T. ) ;
#3770 = ORIENTED_EDGE ( 'NONE', *, *, #2476, .F. ) ;
#3771 = DIRECTION ( 'NONE',  ( 0.000000000000000000, -2.220446049250310123E-16, 1.000000000000000000 ) ) ;
#3772 = CARTESIAN_POINT ( 'NONE',  ( -0.8249999999998536282, 5000.000000000000000, -0.6979999999999999538 ) ) ;
#3773 = DATE_TIME_ROLE ( 'classification_date' ) ;
#3774 = LINE ( 'NONE', #1731, #778 ) ;
#3775 = ORIENTED_EDGE ( 'NONE', *, *, #136, .T. ) ;
#3776 = CARTESIAN_POINT ( 'NONE',  ( -0.1749999999995921485, 5000.000000000000000, -0.6979999999999999538 ) ) ;
#3777 = ORIENTED_EDGE ( 'NONE', *, *, #2064, .T. ) ;
#3778 = EDGE_CURVE ( 'NONE', #1303, #1369, #2007, .T. ) ;
#3779 = VERTEX_POINT ( 'NONE', #1429 ) ;
#3780 = CARTESIAN_POINT ( 'NONE',  ( 133707.5719977267727, 0.4499999999836257203, 499000.0000000000000 ) ) ;
#3781 = CARTESIAN_POINT ( 'NONE',  ( 1.068649172471130226, -0.6500000006242440120, -0.5000000000000000000 ) ) ;
#3782 = CARTESIAN_POINT ( 'NONE',  ( 0.5350000000000996181, 0.1650000000000009515, -0.6979999999999999538 ) ) ;
#3783 = EDGE_CURVE ( 'NONE', #2776, #2643, #203, .T. ) ;
#3784 = EDGE_LOOP ( 'NONE', ( #852, #2634, #320, #984 ) ) ;
#3785 = ORIENTED_EDGE ( 'NONE', *, *, #2207, .T. ) ;
#3786 = DIRECTION ( 'NONE',  ( 3.202680749791659764E-29, 2.220446049250310123E-16, -1.000000000000000000 ) ) ;
#3787 = ORIENTED_EDGE ( 'NONE', *, *, #813, .F. ) ;
#3788 = LINE ( 'NONE', #1183, #2316 ) ;
#3789 = LINE ( 'NONE', #510, #99 ) ;
#3790 = ORIENTED_EDGE ( 'NONE', *, *, #2433, .T. ) ;
#3791 = AXIS2_PLACEMENT_3D ( 'NONE', #3038, #1047, #1587 ) ;
#3792 = EDGE_CURVE ( 'NONE', #582, #2162, #1988, .T. ) ;
#3793 = CARTESIAN_POINT ( 'NONE',  ( 0.6350000000000249889, -0.2649999999998683964, -0.6979999999999999538 ) ) ;
#3794 = DIRECTION ( 'NONE',  ( -0.000000000000000000, 0.000000000000000000, 1.000000000000000000 ) ) ;
#3795 = VECTOR ( 'NONE', #2513, 1000.000000000000000 ) ;
#3796 = CARTESIAN_POINT ( 'NONE',  ( 0.08499999999976290410, 0.2000000000000010103, -0.6999999999999999556 ) ) ;
#3797 = ORIENTED_EDGE ( 'NONE', *, *, #1920, .F. ) ;
#3798 = DIRECTION ( 'NONE',  ( 0.000000000000000000, -1.000000000000000000, -2.220446049250310123E-16 ) ) ;
#3799 = CIRCLE ( 'NONE', #467, 0.09999999999999999167 ) ;
#3800 = VECTOR ( 'NONE', #2089, 1000.000000000000000 ) ;
#3801 = CIRCLE ( 'NONE', #2869, 0.4972951043030662266 ) ;
#3802 = ORIENTED_EDGE ( 'NONE', *, *, #103, .T. ) ;
#3803 = VECTOR ( 'NONE', #1378, 1000.000000000000000 ) ;
#3804 = CARTESIAN_POINT ( 'NONE',  ( -1.075000000000029932, -1.049999999999970068, -0.7000000000000009548 ) ) ;
#3805 = EDGE_CURVE ( 'NONE', #543, #397, #564, .T. ) ;
#3806 = ORIENTED_EDGE ( 'NONE', *, *, #3340, .F. ) ;
#3807 = AXIS2_PLACEMENT_3D ( 'NONE', #2960, #590, #15 ) ;
#3808 = DIRECTION ( 'NONE',  ( -1.000000000000000000, -0.000000000000000000, -0.000000000000000000 ) ) ;
#3809 = CARTESIAN_POINT ( 'NONE',  ( -0.2749999999999639955, 1.149999999999989919, -0.6999999999999999556 ) ) ;
#3810 = ORIENTED_EDGE ( 'NONE', *, *, #2854, .T. ) ;
#3811 = VECTOR ( 'NONE', #1784, 1000.000000000000000 ) ;
#3812 = CARTESIAN_POINT ( 'NONE',  ( -1.075000000000160050, 1.150000000000009903, -0.6999999999999999556 ) ) ;
#3813 = ADVANCED_FACE ( 'NONE', ( #1971 ), #2617, .F. ) ;
#3814 = AXIS2_PLACEMENT_3D ( 'NONE', #1702, #3705, #2872 ) ;
#3815 = PLANE ( 'NONE',  #35 ) ;
#3816 = DIRECTION ( 'NONE',  ( 0.000000000000000000, 1.000000000000000000, 0.000000000000000000 ) ) ;
#3817 = VERTEX_POINT ( 'NONE', #3742 ) ;
ENDSEC;
END-ISO-10303-21;
